episode,cop_reward,thief_reward,captured,epsilon
0,19.95,-19.85,1,0.9995
1,20.1,0.25,1,0.9990002500000001
2,19.45,1.3877787807814457e-17,1,0.9985007498750001
3,19.6,0.25000000000000006,1,0.9980014995000627
4,19.8,-19.9,1,0.9975024987503127
5,19.65,-19.25,1,0.9970037475009376
6,19.9,0.15000000000000002,1,0.9965052456271871
7,20.05,0.0,1,0.9960069930043736
8,19.2,-19.3,1,0.9955089895078715
9,-10.95,11.65,0,0.9950112350131176
10,19.3,0.6500000000000001,1,0.9945137293956111
11,19.95,-20.05,1,0.9940164725309134
12,19.8,0.05,1,0.993519464294648
13,-11.450000000000001,10.85,0,0.9930227045625007
14,19.75,0.5,1,0.9925261932102195
15,18.55,-19.35,1,0.9920299301136144
16,19.55,-18.85,1,0.9915339151485576
17,19.65,-19.25,1,0.9910381481909833
18,19.3,-19.0,1,0.990542629116888
19,19.25,1.2000000000000004,1,0.9900473578023296
20,19.1,-19.3,1,0.9895523341234285
21,19.55,-19.65,1,0.9890575579563669
22,19.45,1.2,1,0.9885630291773887
23,19.45,-19.45,1,0.9880687476628001
24,19.5,0.3500000000000001,1,0.9875747132889687
25,19.5,0.6500000000000001,1,0.9870809259323243
26,20.05,0.0,1,0.9865873854693582
27,-11.25,10.95,0,0.9860940917766235
28,-11.35,11.05,0,0.9856010447307353
29,19.45,0.4000000000000001,1,0.98510824420837
30,19.4,0.25000000000000006,1,0.9846156900862658
31,19.9,0.15000000000000002,1,0.9841233822412228
32,19.5,0.6500000000000001,1,0.9836313205501022
33,-11.450000000000001,10.95,0,0.9831395048898272
34,18.85,-19.25,1,0.9826479351373822
35,19.0,1.1500000000000001,1,0.9821566111698136
36,20.0,0.05,1,0.9816655328642288
37,-11.05,11.25,0,0.9811747000977967
38,-11.55,10.95,0,0.9806841127477479
39,18.95,-18.95,1,0.9801937706913741
40,19.3,0.7500000000000002,1,0.9797036738060285
41,18.9,1.1500000000000004,1,0.9792138219691255
42,-11.25,11.25,0,0.978724215058141
43,19.95,-19.95,1,0.978234852950612
44,-11.450000000000001,10.95,0,0.9777457355241367
45,19.6,0.45000000000000007,1,0.9772568626563747
46,19.8,-0.04999999999999999,1,0.9767682342250465
47,20.05,0.0,1,0.976279850107934
48,19.75,0.5000000000000001,1,0.9757917101828801
49,19.5,0.7500000000000001,1,0.9753038143277888
50,-11.15,11.25,0,0.974816162420625
51,19.7,-20.1,1,0.9743287543394147
52,-11.15,11.35,0,0.973841589962245
53,19.5,-19.3,1,0.973354669167264
54,19.75,-19.65,1,0.9728679918326804
55,20.0,0.25,1,0.972381557836764
56,19.65,-19.35,1,0.9718953670578457
57,19.55,-19.75,1,0.9714094193743169
58,20.0,-19.7,1,0.9709237146646298
59,-11.350000000000001,10.85,0,0.9704382528072976
60,20.05,-19.95,1,0.9699530336808939
61,20.05,-0.1,1,0.9694680571640535
62,19.55,-19.65,1,0.9689833231354715
63,-10.75,11.55,0,0.9684988314739038
64,19.1,-18.8,1,0.9680145820581669
65,19.75,0.1,1,0.9675305747671379
66,19.45,-18.85,1,0.9670468094797544
67,19.45,0.2,1,0.9665632860750146
68,19.85,-19.95,1,0.9660800044319772
69,-11.05,11.35,0,0.9655969644297613
70,-11.55,11.05,0,0.9651141659475465
71,19.9,0.15000000000000002,1,0.9646316088645728
72,19.55,-19.65,1,0.9641492930601405
73,-10.65,11.75,0,0.9636672184136105
74,19.25,1.4000000000000001,1,0.9631853848044037
75,19.75,-19.95,1,0.9627037921120016
76,-11.05,11.25,0,0.9622224402159457
77,19.15,-18.75,1,0.9617413289958378
78,19.4,0.6500000000000001,1,0.9612604583313399
79,19.1,1.0500000000000003,1,0.9607798281021742
80,19.4,-19.8,1,0.9602994381881231
81,19.35,-18.75,1,0.9598192884690291
82,-11.05,11.45,0,0.9593393788247946
83,19.95,-19.95,1,0.9588597091353822
84,-10.65,11.75,0,0.9583802792808146
85,19.5,-19.6,1,0.9579010891411742
86,19.65,-19.35,1,0.9574221385966036
87,19.65,-19.65,1,0.9569434275273054
88,18.85,0.8999999999999999,1,0.9564649558135419
89,19.75,0.30000000000000004,1,0.9559867233356352
90,19.7,-19.9,1,0.9555087299739674
91,-11.45,10.950000000000001,0,0.9550309756089804
92,20.0,-20.1,1,0.954553460121176
93,-11.350000000000001,11.25,0,0.9540761833911156
94,-11.25,10.950000000000001,0,0.95359914529942
95,18.95,-19.35,1,0.9531223457267703
96,19.7,-19.1,1,0.952645784553907
97,19.75,-19.55,1,0.9521694616616301
98,-11.350000000000001,11.05,0,0.9516933769307994
99,19.45,-19.75,1,0.951217530242334
100,-10.950000000000001,11.55,0,0.9507419214772129
101,-10.85,11.35,0,0.9502665505164744
102,19.85,0.10000000000000002,1,0.9497914172412162
103,19.7,-19.4,1,0.9493165215325956
104,19.5,0.45,1,0.9488418632718294
105,-11.05,11.450000000000001,0,0.9483674423401935
106,19.05,1.2000000000000004,1,0.9478932586190235
107,19.15,0.5,1,0.9474193119897141
108,-11.15,11.15,0,0.9469456023337193
109,19.7,-19.6,1,0.9464721295325524
110,19.85,-19.35,1,0.9459988934677862
111,19.1,-19.0,1,0.9455258940210524
112,19.85,0.2,1,0.9450531310740419
113,20.0,-0.05,1,0.9445806045085049
114,-11.35,11.15,0,0.9441083142062507
115,20.0,0.05000000000000002,1,0.9436362600491477
116,19.3,1.0500000000000003,1,0.9431644419191232
117,19.7,-19.0,1,0.9426928596981636
118,19.3,0.35,1,0.9422215132683146
119,20.0,0.05,1,0.9417504025116805
120,19.4,0.25,1,0.9412795273104247
121,19.6,0.15000000000000002,1,0.9408088875467696
122,19.9,-0.05,1,0.9403384831029963
123,20.1,-20.0,1,0.9398683138614449
124,-11.25,11.25,0,0.9393983797045142
125,19.7,0.65,1,0.938928680514662
126,-11.25,11.15,0,0.9384592161744048
127,19.35,-19.35,1,0.9379899865663176
128,19.35,0.7000000000000001,1,0.9375209915730345
129,19.45,-19.65,1,0.937052231077248
130,19.95,0.1,1,0.9365837049617094
131,19.75,-19.55,1,0.9361154131092286
132,19.9,0.15000000000000002,1,0.9356473554026741
133,20.1,-19.7,1,0.9351795317249728
134,19.7,0.15000000000000002,1,0.9347119419591103
135,19.2,0.6499999999999999,1,0.9342445859881309
136,19.7,0.35,1,0.9337774636951368
137,-10.85,11.450000000000001,0,0.9333105749632893
138,19.75,-19.85,1,0.9328439196758077
139,20.0,0.15000000000000002,1,0.9323774977159699
140,20.0,-0.05,1,0.9319113089671119
141,19.75,0.10000000000000002,1,0.9314453533126285
142,-11.25,11.05,0,0.9309796306359722
143,20.0,0.55,1,0.9305141408206543
144,19.85,0.4,1,0.9300488837502441
145,19.45,0.7000000000000002,1,0.9295838593083691
146,-11.25,11.25,0,0.929119067378715
147,-11.15,11.350000000000001,0,0.9286545078450257
148,19.9,-20.1,1,0.9281901805911033
149,19.5,-19.5,1,0.9277260855008077
150,19.95,0.30000000000000004,1,0.9272622224580573
151,20.05,-20.05,1,0.9267985913468284
152,19.85,-20.05,1,0.926335192051155
153,19.1,0.3500000000000001,1,0.9258720244551295
154,19.85,-20.05,1,0.925409088442902
155,19.25,-19.35,1,0.9249463838986807
156,-11.350000000000001,11.05,0,0.9244839107067314
157,20.05,0.4,1,0.9240216687513781
158,-11.15,11.15,0,0.9235596579170025
159,19.1,-19.2,1,0.923097878088044
160,19.4,-19.9,1,0.9226363291490001
161,-11.350000000000001,11.05,0,0.9221750109844257
162,19.5,1.2500000000000004,1,0.9217139234789336
163,19.65,0.6000000000000001,1,0.9212530665171942
164,-10.95,11.35,0,0.9207924399839357
165,-11.05,11.25,0,0.9203320437639437
166,20.05,-0.1,1,0.9198718777420618
167,19.8,-19.9,1,0.9194119418031909
168,19.25,0.8000000000000003,1,0.9189522358322894
169,20.05,0.2,1,0.9184927597143733
170,-11.25,11.25,0,0.9180335133345161
171,-11.25,11.15,0,0.917574496577849
172,19.75,0.4,1,0.9171157093295601
173,19.5,-19.8,1,0.9166571514748953
174,19.3,0.9500000000000002,1,0.916198822899158
175,19.55,-19.75,1,0.9157407234877085
176,19.0,0.8500000000000003,1,0.9152828531259647
177,20.0,-19.8,1,0.9148252116994018
178,19.95,-19.55,1,0.9143677990935521
179,19.45,0.4000000000000001,1,0.9139106151940054
180,-11.05,11.45,0,0.9134536598864085
181,19.0,0.6500000000000001,1,0.9129969330564653
182,19.1,-19.3,1,0.9125404345899372
183,20.0,0.05,1,0.9120841643726423
184,19.9,0.05,1,0.911628122290456
185,19.2,-19.1,1,0.9111723082293108
186,19.8,0.45000000000000007,1,0.9107167220751963
187,19.9,0.15000000000000002,1,0.9102613637141588
188,-11.15,11.05,0,0.9098062330323018
189,19.5,0.3500000000000001,1,0.9093513299157857
190,19.7,-19.7,1,0.9088966542508279
191,-11.05,11.35,0,0.9084422059237025
192,19.95,-19.75,1,0.9079879848207407
193,19.95,0.2,1,0.9075339908283304
194,19.65,-19.65,1,0.9070802238329163
195,-10.950000000000001,11.45,0,0.9066266837209999
196,19.85,-20.05,1,0.9061733703791394
197,19.8,0.45,1,0.9057202836939499
198,19.6,0.65,1,0.9052674235521029
199,19.35,1.3000000000000005,1,0.9048147898403269
200,19.75,0.4,1,0.9043623824454068
201,19.8,-19.6,1,0.9039102012541841
202,19.55,-19.35,1,0.9034582461535571
203,20.05,-20.05,1,0.9030065170304803
204,-11.15,11.25,0,0.9025550137719651
205,19.6,0.8500000000000002,1,0.9021037362650792
206,19.3,-19.2,1,0.9016526843969468
207,19.45,-19.55,1,0.9012018580547484
208,-11.05,11.25,0,0.900751257125721
209,19.5,-19.7,1,0.9003008814971583
210,19.4,1.2500000000000004,1,0.8998507310564098
211,20.0,-0.05,1,0.8994008056908817
212,19.15,1.2000000000000004,1,0.8989511052880362
213,19.55,0.8000000000000003,1,0.8985016297353923
214,18.9,-19.4,1,0.8980523789205246
215,19.3,-19.1,1,0.8976033527310644
216,19.1,-19.3,1,0.8971545510546989
217,-11.35,10.95,0,0.8967059737791716
218,-11.05,11.450000000000001,0,0.8962576207922821
219,-11.05,11.25,0,0.895809491981886
220,20.1,-19.9,1,0.8953615872358951
221,-11.05,11.55,0,0.8949139064422772
222,19.7,-19.3,1,0.8944664494890561
223,19.85,-19.65,1,0.8940192162643116
224,19.4,-19.1,1,0.8935722066561794
225,20.0,0.05,1,0.8931254205528514
226,-11.35,10.95,0,0.8926788578425751
227,19.55,-19.95,1,0.8922325184136538
228,20.2,0.45,1,0.891786402154447
229,20.05,-0.1,1,0.8913405089533699
230,19.1,0.35000000000000003,1,0.8908948386988933
231,20.05,0.0,1,0.8904493912795439
232,19.75,-19.55,1,0.8900041665839042
233,-11.15,11.45,0,0.8895591645006123
234,19.45,-19.25,1,0.889114384918362
235,-11.15,11.25,0,0.8886698277259029
236,19.6,-19.5,1,0.88822549281204
237,19.05,-19.05,1,0.887781380065634
238,19.8,0.25000000000000006,1,0.8873374893756012
239,19.75,-19.55,1,0.8868938206309135
240,19.4,-19.7,1,0.8864503737205981
241,19.9,0.15000000000000002,1,0.8860071485337379
242,19.2,0.55,1,0.885564144959471
243,-11.15,11.15,0,0.8851213628869913
244,-11.05,11.350000000000001,0,0.8846788022055478
245,-11.25,11.05,0,0.8842364628044451
246,19.25,-18.75,1,0.883794344573043
247,19.35,1.1000000000000003,1,0.8833524474007565
248,19.5,0.35000000000000003,1,0.8829107711770562
249,19.5,0.7500000000000001,1,0.8824693157914677
250,-10.95,11.45,0,0.882028081133572
251,-10.85,11.55,0,0.8815870670930053
252,20.1,0.15000000000000002,1,0.8811462735594588
253,-10.95,11.450000000000001,0,0.8807057004226791
254,19.25,0.8000000000000002,1,0.8802653475724679
255,-11.25,10.95,0,0.8798252148986817
256,19.75,-19.75,1,0.8793853022912325
257,19.95,-19.35,1,0.8789456096400869
258,-10.75,11.55,0,0.8785061368352669
259,19.25,-19.25,1,0.8780668837668493
260,19.1,-19.0,1,0.8776278503249659
261,20.0,-0.05,1,0.8771890363998035
262,19.85,0.4,1,0.8767504418816037
263,-11.25,11.05,0,0.876312066660663
264,-11.35,11.15,0,0.8758739106273327
265,19.75,0.7000000000000001,1,0.8754359736720191
266,19.95,0.3,1,0.8749982556851831
267,-10.85,11.55,0,0.8745607565573406
268,19.9,0.05,1,0.8741234761790619
269,-11.25,11.15,0,0.8736864144409725
270,20.05,-19.85,1,0.873249571233752
271,20.0,0.05,1,0.8728129464481352
272,-11.15,11.35,0,0.8723765399749112
273,19.85,-19.45,1,0.8719403517049238
274,19.95,0.0,1,0.8715043815290714
275,19.65,-19.05,1,0.8710686293383069
276,20.0,-19.8,1,0.8706330950236377
277,19.7,0.6500000000000001,1,0.870197778476126
278,-10.85,11.55,0,0.869762679586888
279,19.35,1.5000000000000009,1,0.8693277982470946
280,-11.35,11.15,0,0.8688931343479711
281,19.9,0.25000000000000006,1,0.8684586877807972
282,-11.350000000000001,11.05,0,0.8680244584369068
283,19.95,0.6000000000000001,1,0.8675904462076884
284,19.9,0.55,1,0.8671566509845846
285,19.2,0.8500000000000002,1,0.8667230726590923
286,19.4,1.4500000000000006,1,0.8662897111227629
287,19.7,-19.6,1,0.8658565662672015
288,19.0,1.0500000000000005,1,0.865423637984068
289,19.6,1.4500000000000004,1,0.864990926165076
290,19.55,-19.45,1,0.8645584307019936
291,20.05,-19.85,1,0.8641261514866426
292,19.25,0.5,1,0.8636940884108993
293,20.05,0.0,1,0.8632622413666939
294,20.0,0.15000000000000002,1,0.8628306102460106
295,19.65,0.3,1,0.8623991949408877
296,19.4,-19.3,1,0.8619679953434173
297,-10.950000000000001,11.25,0,0.8615370113457457
298,19.95,-19.65,1,0.8611062428400729
299,-11.15,11.25,0,0.8606756897186528
300,19.65,-19.05,1,0.8602453518737936
301,19.85,0.4,1,0.8598152291978567
302,19.35,1.1,1,0.8593853215832578
303,19.75,-19.55,1,0.8589556289224661
304,-10.95,11.45,0,0.8585261511080049
305,-11.25,11.35,0,0.858096888032451
306,19.15,-18.75,1,0.8576678395884348
307,19.95,-19.95,1,0.8572390056686406
308,-11.15,11.25,0,0.8568103861658064
309,18.9,0.8500000000000001,1,0.8563819809727236
310,19.8,0.05,1,0.8559537899822373
311,19.8,-0.05,1,0.8555258130872462
312,19.8,0.2500000000000001,1,0.8550980501807026
313,-10.75,11.55,0,0.8546705011556123
314,-10.95,11.350000000000001,0,0.8542431659050345
315,19.7,-19.8,1,0.853816044322082
316,-10.75,11.450000000000001,0,0.8533891362999211
317,19.4,-19.6,1,0.8529624417317712
318,19.0,-19.3,1,0.8525359605109053
319,-10.75,11.55,0,0.8521096925306499
320,19.95,0.30000000000000004,1,0.8516836376843847
321,-11.25,11.05,0,0.8512577958655425
322,20.0,0.15000000000000002,1,0.8508321669676098
323,19.8,0.15000000000000002,1,0.850406750884126
324,19.2,0.6500000000000002,1,0.8499815475086839
325,-11.25,11.25,0,0.8495565567349297
326,19.85,-19.85,1,0.8491317784565623
327,19.4,1.45,1,0.8487072125673341
328,19.55,0.10000000000000002,1,0.8482828589610505
329,20.15,-19.65,1,0.84785871753157
330,19.5,-19.6,1,0.8474347881728043
331,-10.950000000000001,11.45,0,0.847011070778718
332,19.25,0.4,1,0.8465875652433287
333,19.65,1.1,1,0.846164271460707
334,19.95,0.10000000000000002,1,0.8457411893249768
335,19.65,0.6,1,0.8453183187303144
336,-11.45,11.15,0,0.8448956595709493
337,19.55,0.7000000000000001,1,0.8444732117411639
338,18.9,1.0500000000000003,1,0.8440509751352934
339,19.7,0.55,1,0.8436289496477257
340,18.9,0.7500000000000001,1,0.8432071351729019
341,20.0,0.35000000000000003,1,0.8427855316053156
342,19.95,0.10000000000000002,1,0.8423641388395129
343,-10.85,11.65,0,0.8419429567700932
344,19.6,0.25000000000000006,1,0.8415219852917082
345,19.55,0.8000000000000002,1,0.8411012242990624
346,20.05,0.4,1,0.8406806736869129
347,19.85,0.2,1,0.8402603333500694
348,18.9,1.0500000000000003,1,0.8398402031833945
349,-11.350000000000001,11.15,0,0.8394202830818028
350,-11.05,11.35,0,0.839000572940262
351,19.95,0.4,1,0.8385810726537919
352,19.9,0.44999999999999996,1,0.8381617821174651
353,20.05,0.0,1,0.8377427012264064
354,19.25,1.2000000000000002,1,0.8373238298757932
355,19.55,0.5000000000000001,1,0.8369051679608553
356,19.3,0.45000000000000007,1,0.8364867153768749
357,-11.15,11.25,0,0.8360684720191865
358,19.55,0.7,1,0.835650437783177
359,19.95,0.3000000000000001,1,0.8352326125642855
360,-11.05,11.45,0,0.8348149962580034
361,20.05,0.10000000000000002,1,0.8343975887598745
362,-11.15,11.25,0,0.8339803899654946
363,-11.05,11.15,0,0.833563399770512
364,19.85,0.49999999999999994,1,0.8331466180706267
365,19.65,0.6000000000000001,1,0.8327300447615915
366,19.45,0.8000000000000003,1,0.8323136797392108
367,20.0,-20.0,1,0.8318975228993413
368,19.55,0.9000000000000001,1,0.8314815741378917
369,-10.95,11.45,0,0.8310658333508228
370,20.0,0.25000000000000006,1,0.8306503004341474
371,19.45,-19.55,1,0.8302349752839304
372,19.2,1.0500000000000003,1,0.8298198577962885
373,19.8,0.25,1,0.8294049478673904
374,20.05,-20.05,1,0.8289902453934568
375,19.45,0.8000000000000002,1,0.8285757502707601
376,19.35,0.7,1,0.8281614623956248
377,-11.25,11.15,0,0.8277473816644271
378,20.1,0.15000000000000002,1,0.827333507973595
379,19.85,-19.65,1,0.8269198412196082
380,19.05,1.1000000000000005,1,0.8265063812989984
381,19.25,1.3,1,0.826093128108349
382,19.8,1.8500000000000003,1,0.8256800815442948
383,19.55,-19.15,1,0.8252672415035227
384,19.8,-19.5,1,0.824854607882771
385,19.9,0.25000000000000006,1,0.8244421805788297
386,19.35,0.7000000000000001,1,0.8240299594885403
387,-11.15,11.15,0,0.8236179445087961
388,19.85,-19.55,1,0.8232061355365418
389,20.0,-19.5,1,0.8227945324687735
390,20.05,0.3,1,0.8223831352025393
391,19.55,-19.25,1,0.821971943634938
392,-11.15,11.05,0,0.8215609576631205
393,19.7,-19.2,1,0.8211501771842891
394,19.35,-18.75,1,0.820739602095697
395,19.85,-19.35,1,0.8203292322946492
396,19.8,-20.0,1,0.8199190676785019
397,-10.85,11.450000000000001,0,0.8195091081446627
398,19.4,-19.6,1,0.8190993535905904
399,19.4,0.9500000000000003,1,0.8186898039137951
400,19.7,0.35000000000000003,1,0.8182804590118382
401,19.5,0.9500000000000002,1,0.8178713187823323
402,20.0,-20.0,1,0.8174623831229412
403,19.9,0.25,1,0.8170536519313798
404,19.7,-0.05,1,0.8166451251054142
405,-11.05,11.55,0,0.8162368025428616
406,-11.25,11.15,0,0.8158286841415902
407,19.9,-19.4,1,0.8154207697995194
408,19.7,0.9500000000000002,1,0.8150130594146197
409,19.05,-18.95,1,0.8146055528849124
410,-10.85,11.45,0,0.81419825010847
411,19.5,0.5500000000000002,1,0.8137911509834158
412,19.7,-19.2,1,0.8133842554079241
413,19.55,0.4,1,0.8129775632802202
414,-10.75,11.65,0,0.8125710744985801
415,19.3,0.6500000000000001,1,0.8121647889613309
416,20.0,0.05,1,0.8117587065668503
417,20.0,-19.6,1,0.8113528272135669
418,19.55,-19.15,1,0.8109471507999602
419,19.75,-19.85,1,0.8105416772245603
420,20.0,0.05,1,0.8101364063859481
421,20.1,0.35000000000000003,1,0.8097313381827551
422,-10.65,11.85,0,0.8093264725136637
423,19.45,0.5,1,0.808921809277407
424,19.75,-19.75,1,0.8085173483727683
425,19.7,-18.9,1,0.808113089698582
426,-10.75,11.65,0,0.8077090331537328
427,19.25,-18.85,1,0.8073051786371559
428,19.9,-20.1,1,0.8069015260478374
429,19.6,0.7500000000000002,1,0.8064980752848135
430,-10.75,11.55,0,0.8060948262471712
431,19.45,0.6000000000000002,1,0.8056917788340476
432,19.7,0.8500000000000001,1,0.8052889329446307
433,19.95,-19.65,1,0.8048862884781584
434,-11.05,11.25,0,0.8044838453339194
435,19.7,0.45,1,0.8040816034112525
436,19.85,-19.55,1,0.8036795626095469
437,19.6,0.25000000000000006,1,0.8032777228282422
438,19.55,-19.25,1,0.8028760839668281
439,19.4,-19.7,1,0.8024746459248447
440,-11.15,11.350000000000001,0,0.8020734086018824
441,20.0,0.15000000000000002,1,0.8016723718975814
442,19.8,-19.6,1,0.8012715357116327
443,-11.15,11.35,0,0.8008708999437769
444,19.95,-19.75,1,0.8004704644938051
445,19.8,0.8500000000000002,1,0.8000702292615582
446,19.85,0.20000000000000007,1,0.7996701941469275
447,20.0,0.45,1,0.7992703590498541
448,19.45,0.7000000000000001,1,0.7988707238703292
449,19.55,1.0000000000000002,1,0.7984712885083941
450,20.05,0.0,1,0.79807205286414
451,-10.85,11.65,0,0.797673016837708
452,-10.65,11.85,0,0.7972741803292892
453,19.95,-19.75,1,0.7968755432391246
454,-11.25,11.15,0,0.796477105467505
455,19.85,1.4000000000000001,1,0.7960788669147714
456,20.0,-19.7,1,0.7956808274813141
457,-11.05,11.35,0,0.7952829870675735
458,19.1,0.55,1,0.7948853455740398
459,20.0,0.45,1,0.7944879029012528
460,19.75,-19.15,1,0.7940906589498022
461,19.95,0.30000000000000004,1,0.7936936136203274
462,18.95,1.0000000000000002,1,0.7932967668135174
463,19.35,1.3000000000000003,1,0.7929001184301107
464,19.7,1.7500000000000002,1,0.7925036683708957
465,19.25,1.0,1,0.7921074165367102
466,19.45,0.0,1,0.7917113628284419
467,19.75,0.5000000000000001,1,0.7913155071470277
468,-11.15,11.35,0,0.7909198493934543
469,19.4,-19.8,1,0.7905243894687576
470,-11.05,11.15,0,0.7901291272740233
471,19.85,-19.65,1,0.7897340627103864
472,-11.25,11.15,0,0.7893391956790312
473,19.4,-18.6,1,0.7889445260811917
474,19.6,0.05,1,0.7885500538181511
475,-11.05,11.25,0,0.7881557787912421
476,19.25,1.0000000000000002,1,0.7877617009018465
477,20.05,0.0,1,0.7873678200513956
478,-10.85,11.55,0,0.7869741361413699
479,19.95,0.3,1,0.7865806490732993
480,19.35,-18.95,1,0.7861873587487627
481,19.3,1.1500000000000004,1,0.7857942650693883
482,-11.15,11.15,0,0.7854013679368537
483,20.0,0.25000000000000006,1,0.7850086672528853
484,19.45,-19.25,1,0.784616162919259
485,19.85,0.2,1,0.7842238548377993
486,20.1,-19.7,1,0.7838317429103805
487,20.15,-19.65,1,0.7834398270389253
488,-10.75,11.65,0,0.783048107125406
489,19.75,0.49999999999999994,1,0.7826565830718433
490,19.85,0.0,1,0.7822652547803074
491,19.8,0.55,1,0.7818741221529173
492,19.2,-19.5,1,0.7814831850918409
493,20.1,0.05,1,0.781092443499295
494,-11.15,11.25,0,0.7807018972775454
495,-11.450000000000001,11.05,0,0.7803115463289066
496,-10.95,11.450000000000001,0,0.7799213905557423
497,19.95,-19.55,1,0.7795314298604644
498,20.05,0.0,1,0.7791416641455342
499,19.55,-19.55,1,0.7787520933134615
500,-11.25,11.25,0,0.7783627172668048
501,19.8,0.25000000000000006,1,0.7779735359081715
502,19.9,-19.5,1,0.7775845491402175
503,19.85,0.30000000000000004,1,0.7771957568656473
504,19.7,-19.5,1,0.7768071589872145
505,-11.350000000000001,11.25,0,0.776418755407721
506,-11.35,11.15,0,0.7760305460300172
507,20.05,0.20000000000000007,1,0.7756425307570022
508,19.6,0.45000000000000007,1,0.7752547094916237
509,-11.05,11.45,0,0.7748670821368779
510,19.25,0.8000000000000002,1,0.7744796485958095
511,20.05,0.0,1,0.7740924087715116
512,20.0,0.25000000000000006,1,0.773705362567126
513,19.95,0.10000000000000002,1,0.7733185098858425
514,20.05,0.2,1,0.7729318506308996
515,19.85,0.2,1,0.7725453847055842
516,19.35,-18.65,1,0.7721591120132315
517,19.55,0.5,1,0.771773032457225
518,19.3,0.9500000000000002,1,0.7713871459409963
519,20.05,0.2,1,0.7710014523680259
520,19.7,0.3500000000000001,1,0.7706159516418419
521,-10.35,11.85,0,0.770230643666021
522,19.4,0.25000000000000006,1,0.7698455283441881
523,20.0,0.05,1,0.769460605580016
524,19.05,-19.25,1,0.7690758752772261
525,19.9,0.75,1,0.7686913373395875
526,20.15,0.7000000000000001,1,0.7683069916709178
527,19.85,-19.45,1,0.7679228381750823
528,19.8,0.15000000000000002,1,0.7675388767559949
529,19.85,-19.45,1,0.7671551073176169
530,19.9,-20.1,1,0.7667715297639581
531,-11.05,11.450000000000001,0,0.7663881439990762
532,-11.15,11.350000000000001,0,0.7660049499270767
533,19.85,0.6000000000000001,1,0.7656219474521132
534,20.1,0.6500000000000002,1,0.7652391364783871
535,19.85,-19.85,1,0.764856516910148
536,19.45,0.6,1,0.764474088651693
537,19.0,1.2500000000000002,1,0.7640918516073671
538,19.6,0.55,1,0.7637098056815635
539,19.85,-19.45,1,0.7633279507787228
540,20.05,0.2,1,0.7629462868033335
541,19.65,0.4,1,0.7625648136599319
542,-11.25,11.25,0,0.762183531253102
543,19.9,-19.3,1,0.7618024394874755
544,19.8,-19.7,1,0.7614215382677318
545,19.8,0.5500000000000002,1,0.761040827498598
546,19.9,-19.5,1,0.7606603070848488
547,-10.65,11.75,0,0.7602799769313064
548,19.45,0.9,1,0.7598998369428408
549,19.9,0.45,1,0.7595198870243695
550,19.65,0.4,1,0.7591401270808573
551,20.15,-19.75,1,0.7587605570173169
552,-11.15,11.350000000000001,0,0.7583811767388083
553,18.9,0.8500000000000001,1,0.758001986150439
554,19.75,0.3,1,0.7576229851573638
555,19.95,-19.65,1,0.7572441736647851
556,19.75,-19.35,1,0.7568655515779528
557,19.8,-19.5,1,0.7564871188021638
558,19.6,0.6500000000000001,1,0.7561088752427627
559,19.35,0.6000000000000001,1,0.7557308208051414
560,20.0,-19.9,1,0.7553529553947389
561,20.05,-20.05,1,0.7549752789170415
562,19.6,0.8500000000000002,1,0.7545977912775831
563,20.05,0.4,1,0.7542204923819443
564,19.85,0.10000000000000002,1,0.7538433821357534
565,19.2,1.3500000000000003,1,0.7534664604446856
566,-11.05,11.450000000000001,0,0.7530897272144633
567,19.8,-18.8,1,0.7527131823508562
568,19.8,0.45,1,0.7523368257596807
569,19.6,1.1500000000000004,1,0.751960657346801
570,19.75,0.5,1,0.7515846770181276
571,19.7,0.55,1,0.7512088846796185
572,19.65,-19.05,1,0.7508332802372788
573,19.85,-19.85,1,0.7504578635971602
574,19.55,-19.15,1,0.7500826346653616
575,19.1,0.8500000000000002,1,0.7497075933480289
576,-11.450000000000001,10.95,0,0.7493327395513549
577,19.9,0.15000000000000002,1,0.7489580731815793
578,-10.65,11.95,0,0.7485835941449885
579,20.0,0.44999999999999996,1,0.748209302347916
580,19.9,-19.9,1,0.7478351976967421
581,19.75,0.7000000000000002,1,0.7474612800978938
582,19.6,-19.5,1,0.747087549457845
583,19.25,-18.65,1,0.7467140056831161
584,19.6,1.4500000000000006,1,0.7463406486802746
585,19.7,0.8500000000000003,1,0.7459674783559345
586,19.75,-19.65,1,0.7455944946167565
587,19.95,0.20000000000000007,1,0.7452216973694482
588,19.6,-19.6,1,0.7448490865207635
589,19.5,0.3500000000000001,1,0.7444766619775032
590,19.1,0.9500000000000002,1,0.7441044236465144
591,19.2,0.6500000000000002,1,0.7437323714346912
592,19.8,-18.9,1,0.7433605052489739
593,20.05,0.10000000000000002,1,0.7429888249963494
594,19.3,1.1500000000000001,1,0.7426173305838513
595,-11.15,11.25,0,0.7422460219185594
596,19.55,-19.15,1,0.7418748989076002
597,19.65,0.8000000000000004,1,0.7415039614581465
598,19.85,0.8000000000000003,1,0.7411332094774175
599,19.6,-19.1,1,0.7407626428726788
600,19.85,0.2,1,0.7403922615512425
601,19.45,-19.05,1,0.7400220654204669
602,19.95,0.10000000000000002,1,0.7396520543877567
603,19.6,0.55,1,0.7392822283605629
604,19.6,-19.6,1,0.7389125872463826
605,19.65,-18.65,1,0.7385431309527595
606,20.05,0.2,1,0.7381738593872831
607,19.9,-19.7,1,0.7378047724575895
608,19.8,1.0500000000000003,1,0.7374358700713607
609,19.85,0.20000000000000007,1,0.737067152136325
610,19.8,-19.2,1,0.7366986185602569
611,-11.05,11.45,0,0.7363302692509768
612,19.95,0.6000000000000002,1,0.7359621041163513
613,19.9,-20.0,1,0.7355941230642932
614,-11.05,11.350000000000001,0,0.735226326002761
615,19.5,1.2500000000000002,1,0.7348587128397597
616,-10.95,11.35,0,0.7344912834833398
617,19.95,0.10000000000000002,1,0.7341240378415982
618,19.95,-19.35,1,0.7337569758226774
619,19.0,1.0500000000000003,1,0.7333900973347661
620,19.85,0.30000000000000004,1,0.7330234022860987
621,20.05,0.3,1,0.7326568905849558
622,20.05,0.2,1,0.7322905621396634
623,19.95,-19.55,1,0.7319244168585936
624,19.95,-0.1,1,0.7315584546501643
625,19.75,0.6000000000000001,1,0.7311926754228393
626,19.9,0.25,1,0.7308270790851279
627,19.25,-18.95,1,0.7304616655455853
628,19.6,0.4500000000000001,1,0.7300964347128126
629,19.55,0.9000000000000002,1,0.7297313864954562
630,20.1,0.45,1,0.7293665208022085
631,20.05,-0.1,1,0.7290018375418075
632,19.7,0.8500000000000003,1,0.7286373366230366
633,19.9,0.55,1,0.7282730179547252
634,20.0,-19.5,1,0.7279088814457478
635,19.95,0.30000000000000004,1,0.727544927005025
636,-10.95,11.35,0,0.7271811545415225
637,19.95,0.2,1,0.7268175639642518
638,19.75,0.20000000000000007,1,0.7264541551822697
639,-10.85,11.65,0,0.7260909281046787
640,19.9,0.15000000000000002,1,0.7257278826406264
641,20.0,0.25,1,0.7253650186993061
642,19.75,-19.55,1,0.7250023361899566
643,20.05,-19.45,1,0.7246398350218617
644,19.6,0.5499999999999999,1,0.7242775151043508
645,20.05,0.2,1,0.7239153763467987
646,19.9,0.15000000000000002,1,0.7235534186586253
647,19.8,0.25,1,0.7231916419492961
648,20.1,0.15000000000000002,1,0.7228300461283215
649,20.05,0.4,1,0.7224686311052574
650,19.8,1.3500000000000008,1,0.7221073967897048
651,19.75,0.5,1,0.72174634309131
652,-11.35,10.85,0,0.7213854699197644
653,20.05,-0.1,1,0.7210247771848045
654,19.65,-19.35,1,0.7206642647962122
655,19.05,1.2000000000000004,1,0.7203039326638141
656,19.5,-19.1,1,0.7199437806974822
657,19.55,1.2000000000000004,1,0.7195838088071335
658,20.0,0.05000000000000002,1,0.71922401690273
659,20.0,0.05000000000000002,1,0.7188644048942786
660,-10.85,11.55,0,0.7185049726918316
661,19.7,0.55,1,0.7181457202054857
662,19.75,0.5,1,0.717786647345383
663,-10.85,11.450000000000001,0,0.7174277540217103
664,19.7,0.6500000000000002,1,0.7170690401446995
665,19.0,1.2500000000000004,1,0.7167105056246272
666,-10.95,11.35,0,0.716352150371815
667,19.3,1.2500000000000002,1,0.7159939742966291
668,19.6,0.4500000000000001,1,0.7156359773094809
669,19.9,0.15000000000000002,1,0.7152781593208262
670,20.0,0.05,1,0.7149205202411658
671,-11.05,11.450000000000001,0,0.7145630599810453
672,19.5,0.5500000000000002,1,0.7142057784510548
673,19.85,0.10000000000000002,1,0.7138486755618293
674,20.05,0.2,1,0.7134917512240484
675,20.0,-19.8,1,0.7131350053484364
676,19.6,1.0500000000000003,1,0.7127784378457622
677,19.95,-19.85,1,0.7124220486268393
678,20.05,-19.75,1,0.712065837602526
679,20.0,-19.9,1,0.7117098046837247
680,20.05,0.0,1,0.7113539497813829
681,19.35,1.4000000000000006,1,0.7109982728064922
682,20.05,0.0,1,0.710642773670089
683,19.75,0.30000000000000004,1,0.710287452283254
684,19.55,0.4,1,0.7099323085571124
685,19.7,0.35,1,0.7095773424028339
686,19.55,0.8000000000000003,1,0.7092225537316325
687,19.65,-19.65,1,0.7088679424547667
688,19.9,-19.1,1,0.7085135084835393
689,19.95,0.2,1,0.7081592517292976
690,19.7,0.8500000000000001,1,0.707805172103433
691,19.8,-18.6,1,0.7074512695173812
692,19.05,1.2000000000000004,1,0.7070975438826226
693,20.0,0.45,1,0.7067439951106813
694,19.65,1.2000000000000002,1,0.7063906231131261
695,19.25,1.1,1,0.7060374278015695
696,19.25,0.6000000000000001,1,0.7056844090876688
697,20.15,-19.75,1,0.705331566883125
698,19.5,1.3500000000000005,1,0.7049789010996835
699,20.2,0.6500000000000001,1,0.7046264116491338
700,20.0,-20.0,1,0.7042740984433092
701,19.8,-19.6,1,0.7039219613940876
702,20.05,0.0,1,0.7035700004133906
703,19.35,-19.15,1,0.703218215413184
704,19.95,0.2,1,0.7028666063054774
705,19.55,0.9000000000000002,1,0.7025151730023247
706,19.6,0.44999999999999996,1,0.7021639154158236
707,-11.25,11.05,0,0.7018128334581157
708,19.85,0.2,1,0.7014619270413868
709,19.95,0.1,1,0.7011111960778661
710,19.6,1.5500000000000005,1,0.7007606404798272
711,-10.75,11.65,0,0.7004102601595873
712,19.95,-19.75,1,0.7000600550295075
713,19.5,0.6499999999999999,1,0.6997100250019928
714,20.0,0.8500000000000002,1,0.6993601699894918
715,19.35,-19.15,1,0.6990104899044971
716,20.0,-0.05,1,0.6986609846595448
717,-10.85,11.65,0,0.6983116541672151
718,19.7,1.1500000000000006,1,0.6979624983401315
719,-10.55,11.950000000000001,0,0.6976135170909614
720,20.0,0.05,1,0.697264710332416
721,19.95,0.4,1,0.6969160779772499
722,19.3,1.3500000000000003,1,0.6965676199382612
723,19.7,0.5499999999999999,1,0.6962193361282921
724,19.65,-18.85,1,0.695871226460228
725,19.95,-19.55,1,0.6955232908469979
726,19.3,0.55,1,0.6951755292015744
727,19.65,-19.05,1,0.6948279414369737
728,20.0,0.25,1,0.6944805274662552
729,19.7,0.45,1,0.6941332872025221
730,19.35,1.0000000000000002,1,0.6937862205589209
731,19.1,1.3500000000000005,1,0.6934393274486415
732,20.05,-19.45,1,0.6930926077849172
733,-11.05,11.45,0,0.6927460614810248
734,-11.25,11.25,0,0.6923996884502843
735,19.9,0.35000000000000003,1,0.6920534886060592
736,19.8,0.15000000000000002,1,0.6917074618617562
737,20.0,1.4499999999999997,1,0.6913616081308254
738,19.85,-19.95,1,0.69101592732676
739,-11.05,11.25,0,0.6906704193630966
740,19.95,0.10000000000000002,1,0.6903250841534151
741,20.15,0.2,1,0.6899799216113385
742,19.9,0.45,1,0.6896349316505328
743,19.5,-19.2,1,0.6892901141847075
744,19.85,0.2,1,0.6889454691276152
745,19.6,0.7500000000000001,1,0.6886009963930515
746,19.5,-19.7,1,0.688256695894855
747,19.65,0.9000000000000001,1,0.6879125675469077
748,19.9,0.8500000000000002,1,0.6875686112631343
749,20.0,0.3500000000000001,1,0.6872248269575028
750,19.9,0.05,1,0.6868812145440241
751,-10.45,11.75,0,0.6865377739367521
752,20.0,0.6500000000000001,1,0.6861945050497837
753,19.35,0.9000000000000001,1,0.6858514077972588
754,-11.15,11.35,0,0.6855084820933602
755,19.7,0.35000000000000003,1,0.6851657278523136
756,19.6,-19.8,1,0.6848231449883875
757,20.1,0.15000000000000002,1,0.6844807334158933
758,-10.65,11.75,0,0.6841384930491854
759,19.4,0.3500000000000001,1,0.6837964238026608
760,20.05,0.4,1,0.6834545255907595
761,20.1,0.45,1,0.6831127983279641
762,19.95,0.0,1,0.6827712419288002
763,19.95,-19.65,1,0.6824298563078359
764,20.05,0.0,1,0.6820886413796821
765,19.85,-19.55,1,0.6817475970589922
766,19.0,1.0500000000000003,1,0.6814067232604628
767,19.6,1.3499999999999999,1,0.6810660198988326
768,19.85,0.5,1,0.6807254868888832
769,20.1,-20.0,1,0.6803851241454388
770,19.9,0.65,1,0.6800449315833662
771,19.7,0.7500000000000002,1,0.6797049091175745
772,19.6,0.45,1,0.6793650566630158
773,19.9,0.45,1,0.6790253741346843
774,20.05,-19.95,1,0.678685861447617
775,-10.35,12.15,0,0.6783465185168932
776,19.8,0.65,1,0.6780073452576348
777,20.0,0.05000000000000002,1,0.6776683415850061
778,18.8,-19.0,1,0.6773295074142136
779,19.7,0.55,1,0.6769908426605066
780,-10.75,11.55,0,0.6766523472391763
781,20.0,-19.8,1,0.6763140210655568
782,19.55,0.5,1,0.6759758640550241
783,19.95,0.39999999999999997,1,0.6756378761229966
784,-10.75,11.55,0,0.6753000571849351
785,-10.75,11.55,0,0.6749624071563427
786,-10.55,11.75,0,0.6746249259527646
787,20.0,0.25000000000000006,1,0.6742876134897883
788,20.15,0.2,1,0.6739504696830434
789,19.8,0.5500000000000002,1,0.673613494448202
790,19.9,0.35000000000000003,1,0.6732766877009779
791,-10.55,11.950000000000001,0,0.6729400493571275
792,19.6,1.25,1,0.672603579332449
793,19.05,1.0000000000000002,1,0.6722672775427828
794,19.85,0.6000000000000001,1,0.6719311439040114
795,19.9,0.35000000000000003,1,0.6715951783320595
796,19.0,0.7500000000000001,1,0.6712593807428935
797,19.95,0.2,1,0.6709237510525221
798,19.95,-19.55,1,0.6705882891769959
799,19.65,0.9000000000000002,1,0.6702529950324074
800,19.5,-18.7,1,0.6699178685348912
801,20.05,0.2,1,0.6695829096006238
802,20.0,0.15000000000000002,1,0.6692481181458235
803,19.75,0.9000000000000002,1,0.6689134940867506
804,20.05,-19.65,1,0.6685790373397072
805,20.0,0.6500000000000001,1,0.6682447478210375
806,19.75,0.49999999999999994,1,0.667910625447127
807,19.85,0.2,1,0.6675766701344035
808,20.05,-19.75,1,0.6672428817993363
809,19.4,1.1500000000000004,1,0.6669092603584367
810,19.85,0.2,1,0.6665758057282575
811,19.8,0.35,1,0.6662425178253933
812,19.55,0.5,1,0.6659093965664807
813,19.5,1.1500000000000001,1,0.6655764418681975
814,19.95,0.2,1,0.6652436536472635
815,19.95,0.5,1,0.6649110318204399
816,20.0,0.05000000000000002,1,0.6645785763045297
817,19.75,1.3877787807814457e-17,1,0.6642462870163774
818,19.25,1.4000000000000004,1,0.6639141638728693
819,20.1,-19.9,1,0.6635822067909328
820,19.75,-19.45,1,0.6632504156875374
821,20.05,1.1000000000000003,1,0.6629187904796937
822,19.85,-19.45,1,0.6625873310844539
823,20.1,-19.9,1,0.6622560374189117
824,19.8,0.6500000000000001,1,0.6619249094002023
825,20.0,-18.2,1,0.6615939469455022
826,20.05,0.5,1,0.6612631499720295
827,20.1,0.05,1,0.6609325183970435
828,19.95,0.3,1,0.660602052137845
829,19.95,0.5000000000000001,1,0.660271751111776
830,19.95,0.5,1,0.6599416152362202
831,19.75,0.10000000000000002,1,0.6596116444286021
832,20.15,-19.75,1,0.6592818386063878
833,-10.85,11.65,0,0.6589521976870846
834,19.95,0.3,1,0.6586227215882411
835,20.05,0.10000000000000002,1,0.658293410227447
836,-10.55,11.950000000000001,0,0.6579642635223334
837,19.7,-19.5,1,0.6576352813905723
838,-10.95,11.25,0,0.657306463749877
839,19.9,0.35,1,0.6569778105180021
840,19.95,0.8,1,0.6566493216127431
841,19.9,-19.9,1,0.6563209969519368
842,19.85,0.4,1,0.6559928364534608
843,19.4,-19.4,1,0.6556648400352342
844,19.6,0.8500000000000001,1,0.6553370076152166
845,20.05,0.2,1,0.655009339111409
846,19.85,0.6000000000000001,1,0.6546818344418533
847,20.1,0.15000000000000002,1,0.6543544935246325
848,19.45,0.6,1,0.6540273162778703
849,19.75,0.5,1,0.6537003026197313
850,20.1,0.25000000000000006,1,0.6533734524684215
851,20.05,0.2,1,0.6530467657421873
852,-11.05,11.55,0,0.6527202423593162
853,20.0,0.25,1,0.6523938822381367
854,19.65,0.8,1,0.6520676852970176
855,19.8,0.25000000000000006,1,0.6517416514543691
856,20.05,-20.05,1,0.651415780628642
857,19.8,0.44999999999999996,1,0.6510900727383278
858,19.0,1.2500000000000002,1,0.6507645277019586
859,19.9,0.25,1,0.6504391454381077
860,19.35,-18.85,1,0.6501139258653886
861,20.1,0.05,1,0.649788868902456
862,18.95,-18.95,1,0.6494639744680049
863,19.85,0.7000000000000002,1,0.6491392424807709
864,19.95,0.4,1,0.6488146728595305
865,20.0,0.25,1,0.6484902655231009
866,19.95,0.10000000000000002,1,0.6481660203903393
867,20.1,-19.6,1,0.6478419373801442
868,19.8,1.0500000000000003,1,0.6475180164114541
869,19.9,0.25,1,0.6471942574032484
870,19.75,0.7000000000000002,1,0.6468706602745469
871,20.05,-19.25,1,0.6465472249444096
872,19.5,0.15000000000000002,1,0.6462239513319374
873,19.75,0.10000000000000002,1,0.6459008393562715
874,-10.65,11.65,0,0.6455778889365934
875,19.7,0.44999999999999996,1,0.6452550999921252
876,19.7,0.5499999999999999,1,0.6449324724421291
877,-10.55,11.65,0,0.6446100062059081
878,20.05,-19.25,1,0.6442877012028052
879,19.9,0.55,1,0.6439655573522038
880,19.8,0.45,1,0.6436435745735278
881,20.1,0.55,1,0.6433217527862412
882,-11.05,11.55,0,0.6430000919098481
883,19.8,0.35000000000000003,1,0.6426785918638932
884,19.95,0.20000000000000007,1,0.6423572525679613
885,19.7,-19.3,1,0.6420360739416774
886,19.8,0.15000000000000002,1,0.6417150559047066
887,19.85,1.0000000000000002,1,0.6413941983767543
888,20.05,-19.85,1,0.6410735012775659
889,20.05,-19.65,1,0.6407529645269272
890,19.95,-19.65,1,0.6404325880446637
891,20.1,0.05000000000000002,1,0.6401123717506414
892,19.95,-19.65,1,0.6397923155647661
893,20.05,0.2,1,0.6394724194069837
894,19.8,0.45,1,0.6391526831972802
895,20.0,0.45,1,0.6388331068556816
896,19.65,1.2000000000000004,1,0.6385136903022538
897,20.05,0.2,1,0.6381944334571027
898,19.95,0.10000000000000002,1,0.6378753362403742
899,19.9,0.8500000000000003,1,0.637556398572254
900,-10.55,11.65,0,0.6372376203729679
901,20.15,-19.75,1,0.6369190015627815
902,20.0,1.2500000000000002,1,0.6366005420620001
903,20.05,-19.05,1,0.6362822417909691
904,20.0,0.25,1,0.6359641006700737
905,19.75,0.6,1,0.6356461186197387
906,20.15,-19.65,1,0.6353282955604289
907,19.65,0.20000000000000007,1,0.6350106314126487
908,-11.05,11.35,0,0.6346931260969424
909,19.75,1.0000000000000002,1,0.634375779533894
910,19.9,-19.6,1,0.6340585916441271
911,19.9,0.45,1,0.6337415623483051
912,-10.55,11.75,0,0.633424691567131
913,20.0,0.35000000000000003,1,0.6331079792213474
914,20.0,0.8500000000000002,1,0.6327914252317368
915,20.05,0.1,1,0.6324750295191209
916,19.85,0.30000000000000004,1,0.6321587920043614
917,20.05,0.2,1,0.6318427126083592
918,19.75,0.9000000000000002,1,0.6315267912520551
919,19.45,1.0000000000000002,1,0.6312110278564291
920,19.95,0.30000000000000004,1,0.630895422342501
921,19.8,1.75,1,0.6305799746313298
922,19.35,0.9000000000000001,1,0.6302646846440141
923,20.0,-19.7,1,0.6299495523016921
924,19.95,0.30000000000000004,1,0.6296345775255413
925,20.05,-19.65,1,0.6293197602367786
926,19.8,-20.0,1,0.6290051003566602
927,18.95,0.9000000000000001,1,0.628690597806482
928,19.95,0.10000000000000002,1,0.6283762525075788
929,20.05,0.39999999999999997,1,0.6280620643813251
930,19.7,0.05000000000000002,1,0.6277480333491344
931,19.65,-19.35,1,0.6274341593324599
932,19.95,0.0,1,0.6271204422527937
933,20.05,0.7000000000000001,1,0.6268068820316673
934,-10.95,11.450000000000001,0,0.6264934785906515
935,19.8,-19.5,1,0.6261802318513562
936,-10.65,11.65,0,0.6258671417354306
937,20.15,-19.05,1,0.6255542081645629
938,19.5,0.9500000000000002,1,0.6252414310604806
939,20.0,0.25000000000000006,1,0.6249288103449504
940,19.9,-19.4,1,0.624616345939778
941,19.8,0.6500000000000001,1,0.6243040377668081
942,19.65,0.39999999999999997,1,0.6239918857479247
943,20.0,-19.7,1,0.6236798898050508
944,19.6,0.8500000000000001,1,0.6233680498601484
945,19.5,-18.9,1,0.6230563658352183
946,19.85,1.2000000000000002,1,0.6227448376523007
947,19.2,1.0500000000000003,1,0.6224334652334746
948,20.05,0.4,1,0.622122248500858
949,-10.85,11.75,0,0.6218111873766076
950,20.05,-19.95,1,0.6215002817829193
951,20.1,0.15000000000000002,1,0.6211895316420278
952,19.75,-19.35,1,0.6208789368762069
953,19.9,0.8500000000000002,1,0.6205684974077688
954,-10.85,11.65,0,0.6202582131590649
955,19.75,0.39999999999999997,1,0.6199480840524855
956,19.9,-19.5,1,0.6196381100104592
957,20.1,2.1499999999999995,1,0.619328290955454
958,19.45,-19.05,1,0.6190186268099763
959,19.85,-19.35,1,0.6187091174965714
960,19.8,-19.8,1,0.6183997629378232
961,19.5,0.5499999999999999,1,0.6180905630563543
962,19.1,0.9500000000000002,1,0.6177815177748261
963,19.8,0.35000000000000003,1,0.6174726270159387
964,19.95,0.4,1,0.6171638907024308
965,19.95,0.4000000000000001,1,0.6168553087570796
966,19.8,1.05,1,0.6165468811027011
967,19.85,1.0000000000000002,1,0.6162386076621498
968,19.8,0.25000000000000006,1,0.6159304883583188
969,19.7,-19.5,1,0.6156225231141397
970,19.4,0.8499999999999999,1,0.6153147118525827
971,19.25,0.39999999999999997,1,0.6150070544966564
972,19.75,0.8000000000000002,1,0.6146995509694081
973,20.05,0.7000000000000002,1,0.6143922011939235
974,20.15,0.4,1,0.6140850050933265
975,19.95,1.4000000000000004,1,0.6137779625907799
976,19.9,-19.9,1,0.6134710736094845
977,19.5,-19.2,1,0.6131643380726798
978,19.55,0.6,1,0.6128577559036434
979,19.65,-19.35,1,0.6125513270256917
980,19.8,0.2500000000000001,1,0.6122450513621789
981,20.1,0.35,1,0.6119389288364978
982,19.85,0.30000000000000004,1,0.6116329593720796
983,19.7,0.7500000000000001,1,0.6113271428923936
984,20.1,-19.9,1,0.6110214793209475
985,19.85,0.3,1,0.6107159685812871
986,19.6,0.65,1,0.6104106105969964
987,19.9,0.35000000000000003,1,0.610105405291698
988,19.95,0.39999999999999997,1,0.6098003525890522
989,19.65,-19.45,1,0.6094954524127577
990,19.55,-19.25,1,0.6091907046865513
991,20.0,0.15000000000000002,1,0.6088861093342081
992,20.1,0.15000000000000002,1,0.608581666279541
993,19.9,0.15000000000000008,1,0.6082773754464013
994,19.9,0.75,1,0.6079732367586781
995,19.5,0.75,1,0.6076692501402988
996,19.6,1.2500000000000002,1,0.6073654155152287
997,-10.65,11.65,0,0.6070617328074711
998,20.1,0.15000000000000002,1,0.6067582019410674
999,19.7,0.55,1,0.606454822840097
1000,-10.95,11.45,0,0.606151595428677
1001,19.85,0.7000000000000002,1,0.6058485196309628
1002,19.85,-19.25,1,0.6055455953711473
1003,19.7,0.7500000000000001,1,0.6052428225734617
1004,20.1,-19.9,1,0.6049402011621751
1005,20.05,-19.95,1,0.604637731061594
1006,-10.35,11.95,0,0.6043354121960632
1007,20.05,0.0,1,0.6040332444899652
1008,20.1,-19.9,1,0.6037312278677203
1009,19.65,0.7000000000000001,1,0.6034293622537864
1010,19.8,-19.2,1,0.6031276475726596
1011,19.7,0.7500000000000001,1,0.6028260837488733
1012,20.0,-19.4,1,0.6025246707069989
1013,20.0,-18.9,1,0.6022234083716455
1014,19.35,0.7,1,0.6019222966674597
1015,20.15,0.3,1,0.601621335519126
1016,19.7,0.15000000000000002,1,0.6013205248513664
1017,20.05,0.0,1,0.6010198645889407
1018,20.0,0.55,1,0.6007193546566463
1019,20.05,0.10000000000000002,1,0.6004189949793179
1020,20.1,0.25,1,0.6001187854818283
1021,20.0,0.35,1,0.5998187260890874
1022,19.65,0.8000000000000002,1,0.5995188167260429
1023,20.1,0.15000000000000002,1,0.5992190573176799
1024,20.05,0.2,1,0.5989194477890211
1025,20.05,0.10000000000000002,1,0.5986199880651266
1026,19.5,0.8500000000000003,1,0.5983206780710941
1027,19.75,0.4,1,0.5980215177320586
1028,19.75,0.8000000000000003,1,0.5977225069731926
1029,20.15,0.30000000000000004,1,0.5974236457197061
1030,20.0,1.1500000000000004,1,0.5971249338968463
1031,20.05,0.30000000000000004,1,0.5968263714298979
1032,19.9,0.55,1,0.596527958244183
1033,20.0,0.15000000000000002,1,0.596229694265061
1034,20.1,-18.0,1,0.5959315794179285
1035,19.8,0.05000000000000002,1,0.5956336136282195
1036,-10.75,11.55,0,0.5953357968214055
1037,19.85,0.2,1,0.5950381289229948
1038,-10.55,11.65,0,0.5947406098585333
1039,19.8,-0.15000000000000002,1,0.594443239553604
1040,-10.85,11.65,0,0.5941460179338273
1041,19.4,1.65,1,0.5938489449248604
1042,19.8,0.55,1,0.593552020452398
1043,19.85,-20.05,1,0.5932552444421718
1044,20.05,1.0,1,0.5929586168199508
1045,19.9,-19.1,1,0.5926621375115408
1046,20.1,0.25,1,0.5923658064427851
1047,19.8,0.6500000000000002,1,0.5920696235395638
1048,19.8,0.45,1,0.5917735887277941
1049,19.95,0.5000000000000001,1,0.5914777019334302
1050,19.65,0.30000000000000004,1,0.5911819630824635
1051,20.0,0.15000000000000002,1,0.5908863721009223
1052,19.9,0.15000000000000002,1,0.5905909289148719
1053,19.55,1.3000000000000003,1,0.5902956334504145
1054,20.0,0.25,1,0.5900004856336893
1055,19.25,-18.85,1,0.5897054853908725
1056,19.8,0.7500000000000002,1,0.5894106326481772
1057,19.8,0.05,1,0.5891159273318531
1058,-10.75,11.55,0,0.5888213693681873
1059,19.95,-19.45,1,0.5885269586835032
1060,20.05,-19.85,1,0.5882326952041615
1061,20.0,-19.2,1,0.5879385788565595
1062,20.05,0.1,1,0.5876446095671313
1063,19.7,-19.1,1,0.5873507872623477
1064,20.05,0.10000000000000002,1,0.5870571118687166
1065,19.75,-19.15,1,0.5867635833127822
1066,20.05,0.10000000000000002,1,0.5864702015211258
1067,19.75,1.1,1,0.5861769664203653
1068,19.6,0.65,1,0.5858838779371551
1069,19.65,0.7000000000000001,1,0.5855909359981866
1070,20.0,-19.7,1,0.5852981405301875
1071,19.85,0.0,1,0.5850054914599224
1072,19.45,0.7000000000000001,1,0.5847129887141925
1073,20.05,0.2,1,0.5844206322198354
1074,19.85,1.8000000000000005,1,0.5841284219037255
1075,19.35,1.1000000000000003,1,0.5838363576927736
1076,19.85,0.0,1,0.5835444395139273
1077,19.8,-18.1,1,0.5832526672941704
1078,19.6,0.9500000000000003,1,0.5829610409605233
1079,19.95,0.3,1,0.582669560440043
1080,19.75,-19.05,1,0.582378225659823
1081,19.6,-19.2,1,0.5820870365469931
1082,20.0,0.45,1,0.5817959930287196
1083,19.45,-18.65,1,0.5815050950322053
1084,19.85,0.20000000000000007,1,0.5812143424846892
1085,20.15,0.2,1,0.5809237353134469
1086,20.15,0.7000000000000002,1,0.5806332734457902
1087,19.95,0.49999999999999994,1,0.5803429568090673
1088,19.9,-19.5,1,0.5800527853306628
1089,20.05,-19.85,1,0.5797627589379976
1090,19.7,0.35,1,0.5794728775585286
1091,19.7,1.2500000000000004,1,0.5791831411197493
1092,19.15,1.3000000000000005,1,0.5788935495491895
1093,20.1,0.25000000000000006,1,0.5786041027744149
1094,19.95,-19.35,1,0.5783148007230277
1095,19.7,1.1500000000000006,1,0.5780256433226661
1096,19.9,-19.9,1,0.5777366305010049
1097,19.85,0.3000000000000001,1,0.5774477621857544
1098,20.05,-0.1,1,0.5771590383046616
1099,20.05,-19.65,1,0.5768704587855094
1100,19.8,0.25000000000000006,1,0.5765820235561167
1101,-10.65,11.55,0,0.5762937325443386
1102,19.85,0.30000000000000004,1,0.5760055856780665
1103,19.9,-19.4,1,0.5757175828852275
1104,19.7,1.1500000000000001,1,0.5754297240937849
1105,20.0,0.05,1,0.5751420092317381
1106,20.05,0.5,1,0.5748544382271222
1107,19.9,0.15000000000000002,1,0.5745670110080087
1108,20.1,0.05,1,0.5742797275025047
1109,19.45,1.3000000000000003,1,0.5739925876387535
1110,19.55,1.1000000000000003,1,0.5737055913449342
1111,19.95,-19.65,1,0.5734187385492617
1112,20.05,0.2,1,0.5731320291799872
1113,19.95,0.7000000000000002,1,0.5728454631653972
1114,19.75,0.7000000000000001,1,0.5725590404338146
1115,19.95,0.2,1,0.5722727609135977
1116,19.65,0.8000000000000002,1,0.571986624533141
1117,19.6,0.65,1,0.5717006312208744
1118,19.9,0.5500000000000002,1,0.571414780905264
1119,19.5,0.7500000000000003,1,0.5711290735148113
1120,19.85,0.4,1,0.570843508978054
1121,19.9,0.15000000000000002,1,0.570558087223565
1122,19.95,-19.55,1,0.5702728081799533
1123,19.65,1.0,1,0.5699876717758634
1124,20.1,0.15000000000000002,1,0.5697026779399755
1125,19.2,0.6500000000000002,1,0.5694178266010056
1126,19.55,-18.75,1,0.5691331176877051
1127,19.85,0.4,1,0.5688485511288613
1128,20.05,-20.05,1,0.5685641268532969
1129,19.95,-19.75,1,0.5682798447898704
1130,20.1,-19.9,1,0.5679957048674754
1131,20.05,-19.75,1,0.5677117070150417
1132,19.7,0.35,1,0.5674278511615342
1133,19.8,0.8500000000000002,1,0.5671441372359535
1134,19.6,0.6500000000000001,1,0.5668605651673355
1135,19.65,1.0,1,0.5665771348847519
1136,19.35,0.7000000000000002,1,0.5662938463173096
1137,19.85,1.0000000000000002,1,0.5660106993941509
1138,19.95,-19.95,1,0.5657276940444539
1139,20.1,-19.8,1,0.5654448301974317
1140,20.1,0.55,1,0.5651621077823331
1141,19.7,1.1500000000000001,1,0.564879526728442
1142,20.2,0.8500000000000001,1,0.5645970869650778
1143,19.85,1.2,1,0.5643147884215953
1144,19.7,0.55,1,0.5640326310273845
1145,19.9,-20.0,1,0.5637506147118709
1146,20.1,0.45000000000000007,1,0.563468739404515
1147,19.85,0.39999999999999997,1,0.5631870050348128
1148,-11.05,11.25,0,0.5629054115322955
1149,19.85,-19.15,1,0.5626239588265294
1150,19.95,0.6000000000000001,1,0.5623426468471161
1151,19.55,-18.75,1,0.5620614755236926
1152,19.7,-19.6,1,0.5617804447859307
1153,20.2,0.55,1,0.5614995545635377
1154,20.1,0.15000000000000002,1,0.561218804786256
1155,20.1,-19.8,1,0.5609381953838629
1156,20.05,1.0000000000000002,1,0.560657726286171
1157,20.05,-20.05,1,0.560377397423028
1158,20.0,-19.4,1,0.5600972087243165
1159,20.15,0.5000000000000001,1,0.5598171601199543
1160,19.5,0.55,1,0.5595372515398943
1161,19.45,0.6000000000000001,1,0.5592574829141244
1162,19.85,0.6000000000000001,1,0.5589778541726673
1163,-10.45,11.950000000000001,0,0.558698365245581
1164,20.15,0.5,1,0.5584190160629583
1165,19.8,0.15000000000000002,1,0.5581398065549269
1166,19.6,0.8500000000000003,1,0.5578607366516495
1167,19.8,1.35,1,0.5575818062833237
1168,19.9,-0.05,1,0.557303015380182
1169,20.05,0.8000000000000002,1,0.557024363872492
1170,-11.05,11.350000000000001,0,0.5567458516905558
1171,19.95,0.3,1,0.5564674787647106
1172,20.05,1.6000000000000003,1,0.5561892450253283
1173,19.55,0.9000000000000002,1,0.5559111504028157
1174,20.05,-19.95,1,0.5556331948276143
1175,19.85,1.0000000000000002,1,0.5553553782302005
1176,20.05,0.10000000000000002,1,0.5550777005410855
1177,20.1,0.35000000000000003,1,0.554800161690815
1178,19.1,1.1500000000000004,1,0.5545227616099696
1179,20.2,-19.6,1,0.5542455002291646
1180,20.0,0.05000000000000002,1,0.55396837747905
1181,20.0,-0.05,1,0.5536913932903106
1182,-10.85,11.450000000000001,0,0.5534145475936655
1183,20.05,0.0,1,0.5531378403198687
1184,19.65,-18.85,1,0.5528612713997088
1185,19.55,-18.65,1,0.5525848407640089
1186,19.9,0.45000000000000007,1,0.552308548343627
1187,19.95,1.1000000000000003,1,0.5520323940694551
1188,20.0,0.05,1,0.5517563778724205
1189,19.75,0.6,1,0.5514804996834843
1190,19.95,0.2,1,0.5512047594336427
1191,20.1,-19.6,1,0.5509291570539259
1192,-10.45,11.75,0,0.550653692475399
1193,19.3,-18.9,1,0.5503783656291613
1194,20.05,0.0,1,0.5501031764463468
1195,19.8,-19.1,1,0.5498281248581236
1196,-10.35,11.95,0,0.5495532107956945
1197,19.8,-18.2,1,0.5492784341902968
1198,19.6,1.0500000000000003,1,0.5490037949732016
1199,20.05,0.0,1,0.548729293075715
1200,-10.75,11.65,0,0.5484549284291772
1201,20.15,0.3,1,0.5481807009649626
1202,19.35,1.2000000000000002,1,0.5479066106144802
1203,20.15,-19.75,1,0.547632657309173
1204,19.75,0.7000000000000002,1,0.5473588409805185
1205,19.95,0.7000000000000002,1,0.5470851615600282
1206,20.0,-19.6,1,0.5468116189792482
1207,19.95,0.1,1,0.5465382131697586
1208,19.95,0.4,1,0.5462649440631737
1209,-10.75,11.65,0,0.5459918115911422
1210,20.1,0.65,1,0.5457188156853466
1211,-10.85,11.350000000000001,0,0.545445956277504
1212,19.65,0.5,1,0.5451732332993653
1213,19.45,0.9000000000000004,1,0.5449006466827157
1214,19.65,0.4,1,0.5446281963593743
1215,19.85,0.30000000000000004,1,0.5443558822611947
1216,19.9,0.25,1,0.5440837043200641
1217,19.75,0.6,1,0.5438116624679041
1218,19.9,-18.9,1,0.5435397566366702
1219,20.0,0.25,1,0.5432679867583519
1220,19.95,0.0,1,0.5429963527649727
1221,19.4,-19.0,1,0.5427248545885902
1222,-10.85,11.75,0,0.5424534921612959
1223,19.9,-19.6,1,0.5421822654152153
1224,-11.25,11.05,0,0.5419111742825077
1225,19.85,0.4,1,0.5416402186953665
1226,19.7,1.35,1,0.5413693985860188
1227,19.6,1.4500000000000002,1,0.5410987138867258
1228,-10.65,11.850000000000001,0,0.5408281645297824
1229,19.6,0.6500000000000001,1,0.5405577504475175
1230,19.45,1.0000000000000004,1,0.5402874715722938
1231,19.7,1.5500000000000005,1,0.5400173278365077
1232,19.25,1.0000000000000002,1,0.5397473191725894
1233,19.85,-19.05,1,0.5394774455130031
1234,19.95,-18.35,1,0.5392077067902467
1235,19.9,0.65,1,0.5389381029368515
1236,20.05,0.0,1,0.5386686338853831
1237,19.95,1.9000000000000004,1,0.5383992995684405
1238,19.65,0.8000000000000003,1,0.5381300999186562
1239,20.1,1.6500000000000006,1,0.537861034868697
1240,20.0,0.15000000000000002,1,0.5375921043512626
1241,20.0,-18.8,1,0.537323308299087
1242,20.1,0.05,1,0.5370546466449375
1243,19.95,-19.35,1,0.5367861193216151
1244,19.95,0.3,1,0.5365177262619544
1245,19.9,0.6500000000000001,1,0.5362494673988234
1246,20.1,0.05,1,0.535981342665124
1247,20.0,-20.0,1,0.5357133519937914
1248,19.9,0.9500000000000002,1,0.5354454953177946
1249,19.7,0.7500000000000002,1,0.5351777725701358
1250,19.8,-19.3,1,0.5349101836838507
1251,20.1,0.55,1,0.5346427285920088
1252,19.8,0.8500000000000003,1,0.5343754072277128
1253,20.1,0.25000000000000006,1,0.534108219524099
1254,19.25,0.8000000000000004,1,0.533841165414337
1255,20.1,-19.7,1,0.5335742448316299
1256,19.95,0.30000000000000004,1,0.5333074577092141
1257,20.05,0.0,1,0.5330408039803595
1258,19.85,0.4000000000000001,1,0.5327742835783693
1259,20.15,0.2,1,0.5325078964365801
1260,19.75,1.1,1,0.5322416424883619
1261,20.05,0.2,1,0.5319755216671178
1262,20.05,-19.75,1,0.5317095339062843
1263,20.0,-19.0,1,0.5314436791393312
1264,20.15,0.2,1,0.5311779572997616
1265,19.9,-19.3,1,0.5309123683211118
1266,20.05,-19.05,1,0.5306469121369513
1267,19.8,0.15000000000000002,1,0.5303815886808828
1268,20.2,0.45000000000000007,1,0.5301163978865424
1269,19.85,0.49999999999999994,1,0.5298513396875991
1270,-10.75,11.45,0,0.5295864140177553
1271,20.05,0.3,1,0.5293216208107464
1272,19.8,2.05,1,0.5290569600003411
1273,20.0,0.55,1,0.5287924315203409
1274,20.0,-0.05,1,0.5285280353045808
1275,19.85,0.0,1,0.5282637712869286
1276,20.1,-19.6,1,0.5279996394012851
1277,19.5,-18.5,1,0.5277356395815845
1278,20.2,-19.7,1,0.5274717717617938
1279,19.6,1.0500000000000003,1,0.5272080358759129
1280,19.9,-19.7,1,0.526944431857975
1281,20.1,0.55,1,0.5266809596420461
1282,20.0,0.35,1,0.5264176191622251
1283,19.95,-19.35,1,0.526154410352644
1284,19.75,0.9000000000000001,1,0.5258913331474677
1285,20.05,0.2,1,0.525628387480894
1286,20.0,0.05,1,0.5253655732871536
1287,19.6,0.8500000000000002,1,0.5251028905005101
1288,20.05,-19.85,1,0.5248403390552598
1289,20.05,0.2,1,0.5245779188857322
1290,19.8,0.45,1,0.5243156299262894
1291,20.2,0.35000000000000003,1,0.5240534721113264
1292,19.9,0.35,1,0.5237914453752707
1293,20.05,0.30000000000000004,1,0.523529549652583
1294,19.95,0.10000000000000002,1,0.5232677848777567
1295,20.05,0.10000000000000002,1,0.5230061509853179
1296,19.7,0.45,1,0.5227446479098252
1297,20.1,0.55,1,0.5224832755858704
1298,20.0,0.05,1,0.5222220339480774
1299,19.45,1.4000000000000004,1,0.5219609229311034
1300,19.95,-19.85,1,0.5216999424696379
1301,19.5,-19.3,1,0.5214390924984031
1302,19.7,-19.1,1,0.521178372952154
1303,19.95,-19.65,1,0.5209177837656779
1304,19.6,-18.8,1,0.520657324873795
1305,20.05,0.0,1,0.5203969962113582
1306,19.95,0.2,1,0.5201367977132525
1307,20.0,0.8500000000000003,1,0.5198767293143959
1308,19.8,1.05,1,0.5196167909497387
1309,20.1,0.15000000000000002,1,0.5193569825542639
1310,-10.35,11.950000000000001,0,0.5190973040629868
1311,20.05,0.0,1,0.5188377554109553
1312,19.3,1.2500000000000002,1,0.5185783365332499
1313,20.1,0.15000000000000002,1,0.5183190473649834
1314,19.75,0.6000000000000001,1,0.5180598878413009
1315,19.8,0.4500000000000001,1,0.5178008578973803
1316,19.9,1.5500000000000005,1,0.5175419574684316
1317,19.85,0.2,1,0.5172831864896974
1318,20.1,0.35000000000000003,1,0.5170245448964526
1319,19.95,-19.75,1,0.5167660326240043
1320,19.85,-19.65,1,0.5165076496076924
1321,20.1,-19.7,1,0.5162493957828885
1322,20.1,-19.9,1,0.5159912710849971
1323,20.0,-19.8,1,0.5157332754494546
1324,19.65,1.5000000000000002,1,0.5154754088117299
1325,19.95,0.5,1,0.5152176711073241
1326,19.9,1.6500000000000004,1,0.5149600622717705
1327,19.7,-0.05,1,0.5147025822406346
1328,-10.35,12.25,0,0.5144452309495143
1329,-10.65,11.65,0,0.5141880083340395
1330,20.05,0.10000000000000002,1,0.5139309143298726
1331,19.95,-19.75,1,0.5136739488727077
1332,19.9,0.35,1,0.5134171118982713
1333,20.0,0.35000000000000003,1,0.5131604033423223
1334,20.2,-19.6,1,0.5129038231406511
1335,-10.05,12.35,0,0.5126473712290808
1336,20.1,0.15000000000000002,1,0.5123910475434663
1337,20.0,0.05000000000000002,1,0.5121348520196947
1338,20.05,1.0,1,0.5118787845936849
1339,-10.65,11.75,0,0.511622845201388
1340,19.5,-18.5,1,0.5113670337787873
1341,20.05,0.0,1,0.511111350261898
1342,19.45,-18.75,1,0.5108557945867671
1343,19.85,0.2,1,0.5106003666894737
1344,19.3,-19.0,1,0.510345066506129
1345,19.9,0.25,1,0.510089893972876
1346,19.9,0.25,1,0.5098348490258896
1347,20.15,0.4000000000000001,1,0.5095799316013767
1348,19.95,0.6000000000000001,1,0.5093251416355761
1349,19.55,0.9000000000000001,1,0.5090704790647583
1350,-10.75,11.75,0,0.508815943825226
1351,19.9,-19.1,1,0.5085615358533134
1352,-10.35,11.950000000000001,0,0.5083072550853868
1353,19.85,0.2,1,0.5080531014578441
1354,19.85,0.7000000000000002,1,0.5077990749071152
1355,20.15,-19.75,1,0.5075451753696616
1356,20.05,-20.05,1,0.5072914027819768
1357,20.0,0.25,1,0.5070377570805858
1358,19.35,0.9000000000000001,1,0.5067842382020455
1359,19.45,0.7000000000000001,1,0.5065308460829445
1360,20.05,0.2,1,0.506277580659903
1361,19.8,1.05,1,0.5060244418695731
1362,19.9,0.45,1,0.5057714296486383
1363,19.85,0.2,1,0.505518543933814
1364,20.05,-19.75,1,0.5052657846618471
1365,19.95,0.3,1,0.5050131517695162
1366,19.1,1.1500000000000004,1,0.5047606451936315
1367,19.7,0.55,1,0.5045082648710347
1368,19.95,0.3,1,0.5042560107385993
1369,19.95,0.7000000000000001,1,0.50400388273323
1370,20.1,1.5500000000000005,1,0.5037518807918635
1371,20.1,0.15000000000000002,1,0.5035000048514676
1372,19.9,0.35000000000000003,1,0.5032482548490419
1373,20.0,0.25,1,0.5029966307216174
1374,19.75,0.6000000000000002,1,0.5027451324062566
1375,19.95,0.3,1,0.5024937598400535
1376,20.0,-19.8,1,0.5022425129601336
1377,20.0,0.15000000000000002,1,0.5019913917036535
1378,19.85,0.5,1,0.5017403960078016
1379,19.7,0.9500000000000002,1,0.5014895258097978
1380,19.55,0.9000000000000001,1,0.5012387810468929
1381,19.9,-19.1,1,0.5009881616563695
1382,20.2,1.1500000000000001,1,0.5007376675755414
1383,20.15,0.6000000000000001,1,0.5004872987417537
1384,19.6,1.8500000000000003,1,0.5002370550923828
1385,19.55,-19.15,1,0.49998693656483667
1386,19.95,0.4,1,0.49973694309655425
1387,19.95,0.0,1,0.499487074625006
1388,20.15,0.2,1,0.4992373310876935
1389,20.05,0.10000000000000002,1,0.49898771242214973
1390,19.85,0.30000000000000004,1,0.4987382185659387
1391,20.0,-19.7,1,0.4984888494566558
1392,-10.45,11.850000000000001,0,0.4982396050319275
1393,20.0,0.35,1,0.49799048522941153
1394,20.15,-19.35,1,0.49774148998679685
1395,20.0,0.05000000000000002,1,0.4974926192418035
1396,19.75,0.8000000000000002,1,0.49724387293218264
1397,19.95,-18.95,1,0.49699525099571656
1398,20.05,0.6000000000000001,1,0.49674675337021873
1399,20.0,0.15000000000000002,1,0.49649837999353363
1400,20.1,0.35000000000000003,1,0.4962501308035369
1401,20.05,0.39999999999999997,1,0.4960020057381352
1402,-10.35,11.950000000000001,0,0.49575400473526615
1403,19.95,0.5,1,0.49550612773289854
1404,19.9,0.35,1,0.4952583746690321
1405,19.9,0.75,1,0.4950107454816976
1406,19.6,0.8500000000000001,1,0.4947632401089568
1407,20.0,0.05,1,0.49451585848890234
1408,20.0,0.05000000000000002,1,0.49426860055965793
1409,20.05,0.6000000000000001,1,0.49402146625937815
1410,20.1,-19.7,1,0.4937744555262485
1411,20.05,0.6000000000000001,1,0.4935275682984854
1412,19.8,1.6500000000000006,1,0.49328080451433615
1413,20.05,-19.65,1,0.493034164112079
1414,19.6,1.5500000000000005,1,0.492787647030023
1415,19.65,-18.85,1,0.492541253206508
1416,19.65,0.6000000000000001,1,0.4922949825799048
1417,20.05,0.2,1,0.49204883508861486
1418,-10.45,11.950000000000001,0,0.49180281067107057
1419,20.0,0.44999999999999996,1,0.49155690926573503
1420,19.6,-19.4,1,0.49131113081110217
1421,19.95,1.1000000000000003,1,0.49106547524569666
1422,20.05,0.20000000000000007,1,0.4908199425080738
1423,19.8,1.0500000000000003,1,0.4905745325368198
1424,20.15,0.2,1,0.49032924527055144
1425,20.15,0.4,1,0.4900840806479162
1426,19.95,0.5,1,0.48983903860759226
1427,20.1,0.05,1,0.4895941190882885
1428,20.0,-19.6,1,0.48934932202874437
1429,20.1,1.4500000000000004,1,0.48910464736773
1430,20.25,0.6000000000000001,1,0.4888600950440462
1431,19.95,-19.95,1,0.4886156649965242
1432,20.15,0.3,1,0.48837135716402597
1433,20.05,-18.55,1,0.488127171485444
1434,20.0,-19.7,1,0.4878831078997013
1435,19.9,-19.6,1,0.4876391663457515
1436,19.9,-19.1,1,0.4873953467625787
1437,19.8,0.6500000000000001,1,0.4871516490891974
1438,-11.05,11.45,0,0.4869080732646528
1439,19.45,0.8000000000000002,1,0.4866646192280205
1440,19.55,1.7,1,0.4864212869184065
1441,20.15,-19.85,1,0.48617807627494736
1442,19.95,0.30000000000000004,1,0.4859349872368099
1443,20.0,0.55,1,0.48569201974319154
1444,20.1,0.05,1,0.48544917373331997
1445,19.9,0.9500000000000003,1,0.48520644914645333
1446,19.85,0.6000000000000001,1,0.48496384592188013
1447,19.6,1.2500000000000002,1,0.48472136399891924
1448,19.95,0.30000000000000004,1,0.4844790033169198
1449,20.1,0.25,1,0.4842367638152614
1450,20.05,1.0,1,0.48399464543335374
1451,19.95,-19.65,1,0.4837526481106371
1452,20.05,-19.85,1,0.4835107717865818
1453,20.1,-19.9,1,0.48326901640068853
1454,19.95,1.9000000000000004,1,0.48302738189248823
1455,20.15,0.5,1,0.482785868201542
1456,19.85,-19.05,1,0.48254447526744126
1457,19.95,-19.65,1,0.48230320302980756
1458,-10.65,11.850000000000001,0,0.48206205142829267
1459,20.0,0.25,1,0.48182102040257857
1460,20.15,1.5000000000000004,1,0.4815801098923773
1461,19.85,0.9000000000000001,1,0.48133931983743117
1462,19.8,1.4500000000000006,1,0.48109865017751247
1463,19.55,0.3,1,0.48085810085242375
1464,20.1,0.45,1,0.48061767180199755
1465,20.0,1.4500000000000006,1,0.48037736296609657
1466,19.7,-18.7,1,0.48013717428461355
1467,19.95,-19.85,1,0.4798971056974713
1468,19.75,0.9000000000000004,1,0.4796571571446226
1469,20.15,0.3,1,0.4794173285660503
1470,19.9,1.4500000000000002,1,0.47917761990176727
1471,20.15,0.2,1,0.47893803109181643
1472,20.1,0.25,1,0.47869856207627054
1473,19.55,1.4000000000000004,1,0.47845921279523246
1474,19.9,0.35,1,0.47821998318883485
1475,19.9,-18.3,1,0.4779808731972405
1476,19.85,0.9000000000000001,1,0.4777418827606419
1477,19.9,0.25,1,0.4775030118192616
1478,20.15,0.3,1,0.47726426031335195
1479,20.1,0.15000000000000002,1,0.4770256281831953
1480,20.15,0.3,1,0.47678711536910373
1481,20.0,0.15000000000000002,1,0.4765487218114192
1482,20.15,0.6000000000000001,1,0.47631044745051354
1483,-10.25,12.05,0,0.4760722922267883
1484,20.15,0.2,1,0.475834256080675
1485,20.25,0.8000000000000002,1,0.47559633895263465
1486,-10.85,11.55,0,0.47535854078315837
1487,19.55,0.9000000000000002,1,0.47512086151276683
1488,20.1,0.15000000000000002,1,0.4748833010820105
1489,19.65,0.7000000000000003,1,0.47464585943146953
1490,20.1,1.1500000000000004,1,0.4744085365017538
1491,19.95,0.10000000000000002,1,0.47417133223350294
1492,19.3,-18.9,1,0.4739342465673862
1493,19.65,0.6,1,0.4736972794441025
1494,20.15,0.7000000000000002,1,0.4734604308043805
1495,19.95,0.10000000000000002,1,0.47322370058897834
1496,20.15,0.2,1,0.4729870887386839
1497,20.1,0.35000000000000003,1,0.47275059519431456
1498,20.0,0.25,1,0.47251421989671744
1499,20.1,0.25,1,0.4722779627867691
1500,19.25,-19.05,1,0.47204182380537574
1501,19.95,0.2,1,0.47180580289347307
1502,19.85,0.10000000000000002,1,0.47156989999202636
1503,20.0,-20.0,1,0.4713341150420304
1504,20.05,0.0,1,0.4710984479845094
1505,20.15,0.3,1,0.4708628987605172
1506,19.6,1.3500000000000003,1,0.47062746731113697
1507,20.2,0.6500000000000001,1,0.47039215357748143
1508,19.95,0.5,1,0.4701569575006927
1509,20.15,0.2,1,0.4699218790219424
1510,20.2,0.55,1,0.46968691808243146
1511,19.75,0.8000000000000002,1,0.4694520746233903
1512,20.1,-19.9,1,0.4692173485860786
1513,20.1,0.35,1,0.4689827399117856
1514,19.95,0.6000000000000001,1,0.4687482485418297
1515,19.5,0.6499999999999999,1,0.4685138744175588
1516,20.1,0.35000000000000003,1,0.4682796174803501
1517,19.7,0.8500000000000002,1,0.4680454776716099
1518,20.0,1.05,1,0.46781145493277415
1519,20.05,0.4,1,0.4675775492053078
1520,19.75,0.3,1,0.4673437604307052
1521,19.9,0.55,1,0.46711008855048985
1522,20.1,0.9500000000000002,1,0.4668765335062146
1523,19.95,0.2,1,0.4666430952394615
1524,20.0,-19.0,1,0.46640977369184183
1525,20.15,-19.75,1,0.4661765688049959
1526,20.1,0.15000000000000002,1,0.4659434805205934
1527,20.0,0.8500000000000001,1,0.46571050878033315
1528,20.1,-19.2,1,0.465477653525943
1529,19.75,0.49999999999999994,1,0.46524491469918006
1530,20.05,-0.1,1,0.4650122922418305
1531,19.75,-19.25,1,0.4647797860957096
1532,20.25,1.0,1,0.4645473962026618
1533,19.55,0.9000000000000004,1,0.4643151225045605
1534,19.9,1.9500000000000008,1,0.4640829649433082
1535,20.05,0.4,1,0.46385092346083656
1536,20.0,0.05,1,0.46361899799910616
1537,-10.85,11.65,0,0.46338718850010663
1538,19.45,1.4000000000000004,1,0.4631554949058566
1539,19.85,-18.65,1,0.4629239171584037
1540,20.0,0.75,1,0.46269245519982455
1541,20.0,-19.8,1,0.46246110897222464
1542,20.05,0.2,1,0.46222987841773855
1543,20.05,0.5,1,0.4619987634785297
1544,20.0,0.55,1,0.46176776409679043
1545,19.7,0.9500000000000003,1,0.46153688021474204
1546,20.15,-19.75,1,0.4613061117746347
1547,19.95,0.3000000000000001,1,0.46107545871874744
1548,-10.25,11.950000000000001,0,0.4608449209893881
1549,19.85,0.3,1,0.46061449852889347
1550,20.1,-19.3,1,0.46038419127962904
1551,19.95,0.5000000000000001,1,0.46015399918398925
1552,19.95,0.10000000000000002,1,0.45992392218439726
1553,20.1,-19.1,1,0.4596939602233051
1554,20.05,0.2,1,0.4594641132431935
1555,19.9,0.35000000000000003,1,0.4592343811865719
1556,20.1,0.9500000000000001,1,0.4590047639959786
1557,20.15,0.3,1,0.45877526161398063
1558,20.05,-0.1,1,0.45854587398317365
1559,20.0,0.35,1,0.4583166010461821
1560,19.7,0.75,1,0.45808744274565905
1561,19.95,0.6000000000000001,1,0.45785839902428627
1562,20.05,0.6000000000000002,1,0.45762946982477415
1563,19.9,0.8500000000000002,1,0.4574006550898618
1564,19.65,-19.05,1,0.45717195476231687
1565,-10.45,11.95,0,0.45694336878493574
1566,19.8,0.55,1,0.4567148971005433
1567,19.9,0.55,1,0.45648653965199304
1568,19.95,0.2,1,0.4562582963821671
1569,20.2,0.45000000000000007,1,0.45603016723397605
1570,20.05,0.2,1,0.4558021521503591
1571,20.2,0.5500000000000002,1,0.4555742510742839
1572,19.95,0.39999999999999997,1,0.4553464639487468
1573,20.05,0.10000000000000002,1,0.4551187907167724
1574,20.1,0.55,1,0.45489123132141407
1575,20.25,0.8000000000000002,1,0.4546637857057534
1576,20.05,0.3,1,0.45443645381290054
1577,20.0,-19.6,1,0.45420923558599413
1578,19.9,-19.1,1,0.45398213096820117
1579,-10.15,12.149999999999999,0,0.4537551399027171
1580,19.75,0.9000000000000002,1,0.4535282623327658
1581,19.9,0.7500000000000001,1,0.45330149820159943
1582,20.0,0.7500000000000003,1,0.45307484745249865
1583,20.2,2.0500000000000007,1,0.4528483100287724
1584,20.05,-19.65,1,0.45262188587375807
1585,19.95,0.9000000000000004,1,0.4523955749308212
1586,19.8,0.45,1,0.4521693771433558
1587,20.05,0.0,1,0.45194329245478415
1588,20.05,0.6000000000000001,1,0.4517173208085568
1589,20.15,-19.55,1,0.45149146214815256
1590,20.2,-19.7,1,0.4512657164170785
1591,-10.05,12.15,0,0.45104008355887
1592,20.1,0.25,1,0.4508145635170906
1593,20.15,0.9000000000000002,1,0.4505891562353321
1594,20.35,-19.15,1,0.4503638616572144
1595,20.1,0.05000000000000002,1,0.4501386797263858
1596,19.8,0.5499999999999999,1,0.44991361038652267
1597,20.25,-18.95,1,0.4496886535813294
1598,20.1,0.6500000000000001,1,0.44946380925453877
1599,20.15,0.3,1,0.44923907734991153
1600,20.0,0.6500000000000001,1,0.4490144578112366
1601,19.95,0.7000000000000001,1,0.448789950582331
1602,20.05,0.0,1,0.44856555560703987
1603,20.05,0.0,1,0.44834127282923636
1604,19.75,1.3877787807814457e-17,1,0.44811710219282175
1605,20.1,-20.0,1,0.4478930436417254
1606,19.65,0.9000000000000001,1,0.44766909711990455
1607,20.0,0.55,1,0.4474452625713446
1608,20.1,0.45,1,0.4472215399400589
1609,19.9,-18.3,1,0.4469979291700889
1610,19.75,1.800000000000001,1,0.4467744302055039
1611,19.8,0.25,1,0.44655104299040116
1612,20.1,-19.9,1,0.44632776746890596
1613,19.85,0.5000000000000001,1,0.4461046035851715
1614,19.95,0.8000000000000002,1,0.445881551283379
1615,-10.75,11.55,0,0.4456586105077373
1616,20.2,0.35,1,0.44543578120248345
1617,19.9,0.25,1,0.4452130633118822
1618,20.0,0.05,1,0.4449904567802263
1619,20.1,-19.9,1,0.44476796155183623
1620,19.95,0.2,1,0.44454557757106034
1621,20.05,0.2,1,0.44432330478227483
1622,20.1,0.35,1,0.4441011431298837
1623,20.05,0.30000000000000004,1,0.44387909255831876
1624,19.95,0.7000000000000001,1,0.4436571530120396
1625,19.65,-19.25,1,0.44343532443553363
1626,20.0,0.25,1,0.4432136067733159
1627,20.25,0.9000000000000001,1,0.4429919999699293
1628,20.1,0.25,1,0.44277050396994433
1629,19.35,0.9000000000000002,1,0.4425491187179594
1630,19.9,0.05000000000000002,1,0.44232784415860044
1631,20.0,0.8500000000000001,1,0.44210668023652117
1632,20.15,0.30000000000000004,1,0.4418856268964029
1633,20.1,0.05,1,0.44166468408295473
1634,19.9,0.55,1,0.4414438517409133
1635,20.2,0.45,1,0.44122312981504286
1636,19.6,1.1500000000000004,1,0.44100251825013537
1637,19.95,0.3000000000000001,1,0.44078201699101033
1638,20.05,0.0,1,0.44056162598251486
1639,19.45,0.30000000000000004,1,0.4403413451695236
1640,20.0,0.35,1,0.4401211744969389
1641,20.1,0.15000000000000002,1,0.43990111390969044
1642,20.1,0.15000000000000002,1,0.4396811633527356
1643,19.9,1.1500000000000004,1,0.43946132277105926
1644,19.7,0.44999999999999996,1,0.43924159210967373
1645,20.1,0.5500000000000002,1,0.4390219713136189
1646,20.05,0.4,1,0.4388024603279621
1647,19.75,-18.75,1,0.43858305909779816
1648,-10.85,11.55,0,0.4383637675682493
1649,20.05,1.2000000000000004,1,0.4381445856844652
1650,20.0,-19.7,1,0.437925513391623
1651,19.85,0.39999999999999997,1,0.4377065506349272
1652,19.4,1.1500000000000001,1,0.43748769735960974
1653,19.8,0.8500000000000002,1,0.43726895351093
1654,20.05,0.10000000000000002,1,0.4370503190341745
1655,20.05,0.5,1,0.4368317938746575
1656,20.3,-19.2,1,0.43661337797772015
1657,19.9,1.3500000000000005,1,0.43639507128873134
1658,19.85,0.39999999999999997,1,0.436176873753087
1659,19.95,0.2,1,0.43595878531621046
1660,20.0,0.35,1,0.43574080592355235
1661,20.2,1.75,1,0.4355229355205906
1662,20.0,-19.7,1,0.43530517405283037
1663,20.0,0.25,1,0.435087521465804
1664,20.1,0.15000000000000002,1,0.43486997770507113
1665,20.1,-19.8,1,0.4346525427162186
1666,20.0,0.35,1,0.43443521644486055
1667,20.0,0.25,1,0.43421799883663814
1668,20.05,0.0,1,0.43400088983721985
1669,20.0,0.44999999999999996,1,0.4337838893923013
1670,19.85,0.3,1,0.43356699744760513
1671,20.1,0.15000000000000002,1,0.43335021394888135
1672,19.85,0.30000000000000004,1,0.4331335388419069
1673,20.1,0.25,1,0.432916972072486
1674,20.0,-20.0,1,0.43270051358644973
1675,20.0,-19.3,1,0.43248416332965656
1676,19.8,2.0500000000000003,1,0.43226792124799174
1677,19.85,-18.55,1,0.43205178728736776
1678,20.15,-19.85,1,0.4318357613937241
1679,20.05,0.0,1,0.43161984351302723
1680,20.15,0.3,1,0.4314040335912707
1681,20.05,0.3,1,0.4311883315744751
1682,19.9,-0.05,1,0.4309727374086879
1683,20.1,0.45,1,0.4307572510399836
1684,19.9,0.6500000000000001,1,0.4305418724144636
1685,19.6,1.0500000000000003,1,0.4303266014782564
1686,20.15,0.3,1,0.4301114381775173
1687,20.05,0.4,1,0.42989638245842854
1688,20.1,0.35000000000000003,1,0.42968143426719935
1689,20.0,0.25,1,0.4294665935500658
1690,19.9,0.35000000000000003,1,0.42925186025329076
1691,20.05,0.30000000000000004,1,0.42903723432316415
1692,19.9,0.25,1,0.4288227157060026
1693,19.7,1.7500000000000004,1,0.4286083043481496
1694,20.0,0.8500000000000001,1,0.42839400019597557
1695,20.0,0.44999999999999996,1,0.4281798031958776
1696,20.4,1.05,1,0.4279657132942797
1697,19.7,0.8500000000000003,1,0.42775173043763254
1698,20.05,1.2000000000000004,1,0.4275378545724137
1699,19.95,0.5,1,0.4273240856451275
1700,20.15,-19.05,1,0.427110423602305
1701,19.95,0.5,1,0.4268968683905039
1702,20.05,1.2000000000000004,1,0.42668341995630865
1703,19.7,-19.3,1,0.42647007824633054
1704,19.75,0.5,1,0.4262568432072074
1705,20.15,0.5000000000000001,1,0.4260437147856038
1706,20.15,-19.85,1,0.425830692928211
1707,19.5,1.2500000000000002,1,0.42561777758174696
1708,19.6,1.05,1,0.42540496869295613
1709,20.0,0.25,1,0.42519226620860967
1710,19.85,0.8000000000000002,1,0.4249796700755054
1711,20.1,0.7500000000000001,1,0.42476718024046767
1712,20.0,0.25,1,0.42455479665034745
1713,20.0,0.35,1,0.4243425192520223
1714,19.95,1.4000000000000004,1,0.42413034799239635
1715,20.1,0.35000000000000003,1,0.42391828281840016
1716,19.95,0.3,1,0.42370632367699096
1717,20.0,0.05,1,0.4234944705151525
1718,20.0,-19.6,1,0.4232827232798949
1719,-10.85,11.55,0,0.423071081918255
1720,20.15,-19.65,1,0.4228595463772959
1721,19.95,-18.95,1,0.4226481166041073
1722,19.95,0.2,1,0.42243679254580524
1723,19.9,0.35000000000000003,1,0.4222255741495324
1724,19.95,0.5,1,0.4220144613624576
1725,19.65,1.0,1,0.42180345413177645
1726,19.8,0.65,1,0.4215925524047106
1727,20.1,0.6500000000000001,1,0.42138175612850826
1728,19.85,-18.65,1,0.421171065250444
1729,19.85,0.9000000000000002,1,0.4209604797178188
1730,19.95,0.9,1,0.42074999947795994
1731,19.7,0.55,1,0.42053962447822096
1732,20.1,0.6500000000000002,1,0.42032935466598187
1733,19.65,0.39999999999999997,1,0.4201191899886489
1734,19.7,0.65,1,0.4199091303936546
1735,20.1,0.25,1,0.4196991758284578
1736,20.15,0.30000000000000004,1,0.4194893262405436
1737,19.95,0.0,1,0.41927958157742334
1738,19.85,-19.15,1,0.41906994178663465
1739,19.9,0.25,1,0.4188604068157413
1740,20.05,-19.75,1,0.41865097661233347
1741,20.0,1.6500000000000004,1,0.4184416511240273
1742,19.4,0.9500000000000004,1,0.4182324302984653
1743,19.9,0.55,1,0.4180233140833161
1744,20.0,0.45,1,0.4178143024262745
1745,19.85,0.20000000000000007,1,0.41760539527506135
1746,20.0,0.25,1,0.41739659257742384
1747,20.05,0.10000000000000002,1,0.4171878942811352
1748,20.25,0.9000000000000001,1,0.4169793003339946
1749,20.2,0.35000000000000003,1,0.41677081068382765
1750,20.0,0.25,1,0.41656242527848575
1751,19.85,1.5000000000000002,1,0.41635414406584653
1752,20.05,1.4000000000000006,1,0.4161459669938136
1753,19.85,1.4000000000000006,1,0.4159378940103167
1754,19.95,0.3,1,0.4157299250633116
1755,20.25,0.7000000000000001,1,0.41552206010077997
1756,19.9,1.5500000000000005,1,0.4153142990707296
1757,19.6,0.8500000000000001,1,0.41510664192119423
1758,20.2,-19.6,1,0.41489908860023367
1759,20.25,-19.25,1,0.4146916390559336
1760,20.1,-19.9,1,0.4144842932364056
1761,19.7,0.9500000000000003,1,0.41427705108978746
1762,20.1,0.35,1,0.4140699125642426
1763,20.4,-18.8,1,0.4138628776079605
1764,20.1,0.15000000000000002,1,0.4136559461691565
1765,19.75,-19.55,1,0.41344911819607194
1766,19.75,0.6000000000000001,1,0.4132423936369739
1767,20.0,0.55,1,0.41303577244015544
1768,19.75,0.2,1,0.4128292545539354
1769,20.3,-18.9,1,0.41262283992665844
1770,20.1,-19.5,1,0.41241652850669513
1771,20.0,0.75,1,0.4122103202424418
1772,20.05,1.2000000000000004,1,0.4120042150823206
1773,20.15,1.6999999999999995,1,0.4117982129747795
1774,20.1,0.25,1,0.4115923138682921
1775,20.15,0.2,1,0.411386517711358
1776,19.9,0.44999999999999996,1,0.4111808244525023
1777,19.85,0.6000000000000001,1,0.4109752340402761
1778,19.75,1.0000000000000002,1,0.410769746423256
1779,19.8,0.45,1,0.4105643615500444
1780,20.1,0.35,1,0.4103590793692694
1781,20.1,-19.9,1,0.4101538998295848
1782,20.05,0.0,1,0.40994882287967
1783,20.15,0.3,1,0.4097438484682302
1784,-10.45,11.950000000000001,0,0.4095389765439961
1785,20.3,1.05,1,0.40933420705572415
1786,20.3,0.8500000000000002,1,0.4091295399521963
1787,20.05,0.2,1,0.4089249751822202
1788,20.0,0.05,1,0.4087205126946291
1789,19.95,0.2,1,0.4085161524382818
1790,20.05,0.5,1,0.4083118943620627
1791,20.05,0.2,1,0.40810773841488174
1792,20.1,0.15000000000000002,1,0.4079036845456743
1793,20.2,0.45,1,0.40769973270340154
1794,20.1,-19.7,1,0.40749588283704985
1795,20.15,-19.85,1,0.4072921348956314
1796,20.05,-19.05,1,0.4070884888281836
1797,20.0,0.25,1,0.40688494458376956
1798,19.75,0.6000000000000001,1,0.4066815021114777
1799,20.1,0.15000000000000002,1,0.406478161360422
1800,20.0,1.4500000000000006,1,0.40627492227974177
1801,20.05,0.2,1,0.4060717848186019
1802,20.15,0.3,1,0.4058687489261926
1803,20.15,0.3,1,0.40566581455172956
1804,19.85,0.7000000000000002,1,0.4054629816444537
1805,19.95,0.10000000000000002,1,0.4052602501536315
1806,20.0,0.35000000000000003,1,0.40505762002855467
1807,20.15,0.9000000000000001,1,0.4048550912185404
1808,19.75,1.1000000000000005,1,0.4046526636729312
1809,20.25,0.6000000000000001,1,0.40445033734109476
1810,19.8,1.3500000000000003,1,0.40424811217242423
1811,20.1,0.35000000000000003,1,0.404045988116338
1812,20.1,-19.8,1,0.4038439651222799
1813,20.1,0.15000000000000002,1,0.40364204313971874
1814,19.95,1.2000000000000004,1,0.4034402221181489
1815,20.1,0.25,1,0.4032385020070898
1816,20.1,0.15000000000000002,1,0.4030368827560863
1817,19.95,0.7000000000000002,1,0.4028353643147083
1818,20.05,0.4,1,0.402633946632551
1819,20.0,0.25000000000000006,1,0.4024326296592347
1820,20.05,0.7000000000000002,1,0.4022314133444051
1821,20.1,0.25,1,0.4020302976377329
1822,20.15,0.2,1,0.4018292824889141
1823,20.0,0.35000000000000003,1,0.40162836784766964
1824,19.65,-18.65,1,0.40142755366374583
1825,20.15,0.2,1,0.401226839886914
1826,19.95,0.4,1,0.40102622646697056
1827,20.25,-18.55,1,0.4008257133537371
1828,20.2,0.45000000000000007,1,0.4006253004970603
1829,20.0,0.05,1,0.4004249878468118
1830,20.15,0.5000000000000001,1,0.4002247753528884
1831,20.05,-20.05,1,0.400024662965212
1832,20.0,0.05,1,0.3998246506337294
1833,20.05,0.0,1,0.39962473830841255
1834,20.1,0.25,1,0.3994249259392584
1835,20.1,0.35,1,0.39922521347628875
1836,20.05,0.3,1,0.39902560086955063
1837,20.1,-19.9,1,0.3988260880691159
1838,-10.75,11.65,0,0.39862667502508137
1839,19.8,0.25,1,0.39842736168756887
1840,20.05,0.39999999999999997,1,0.3982281480067251
1841,20.3,0.7500000000000001,1,0.39802903393272177
1842,19.95,0.10000000000000002,1,0.3978300194157554
1843,20.05,0.10000000000000002,1,0.39763110440604754
1844,19.95,0.10000000000000002,1,0.3974322888538445
1845,20.2,1.05,1,0.3972335727094176
1846,20.0,0.55,1,0.3970349559230629
1847,20.1,0.25,1,0.3968364384451014
1848,20.05,-19.55,1,0.3966380202258789
1849,20.1,0.15000000000000002,1,0.396439701215766
1850,20.15,0.3,1,0.39624148136515813
1851,20.1,-18.8,1,0.3960433606244756
1852,20.15,0.30000000000000004,1,0.39584533894416335
1853,20.25,0.8000000000000002,1,0.3956474162746913
1854,20.05,0.0,1,0.395449592566554
1855,20.1,0.25,1,0.3952518677702707
1856,19.9,1.9500000000000006,1,0.3950542418363856
1857,19.7,1.4500000000000004,1,0.3948567147154674
1858,20.0,-19.3,1,0.3946592863581097
1859,20.05,0.2,1,0.3944619567149307
1860,20.05,-0.1,1,0.39426472573657323
1861,19.95,0.4,1,0.39406759337370495
1862,19.9,0.75,1,0.3938705595770181
1863,20.05,-19.45,1,0.39367362429722963
1864,20.0,0.6500000000000001,1,0.393476787485081
1865,20.25,0.5000000000000001,1,0.3932800490913385
1866,20.1,0.25,1,0.39308340906679284
1867,20.15,0.2,1,0.3928868673622595
1868,20.1,0.15000000000000002,1,0.3926904239285784
1869,20.1,0.25000000000000006,1,0.3924940787166141
1870,19.75,0.5,1,0.39229783167725585
1871,20.05,0.2,1,0.39210168276141727
1872,19.75,0.7000000000000002,1,0.3919056319200366
1873,20.05,0.7000000000000002,1,0.39170967910407656
1874,20.05,-19.65,1,0.3915138242645245
1875,20.15,-19.85,1,0.3913180673523923
1876,20.05,0.3,1,0.3911224083187161
1877,19.9,0.9500000000000003,1,0.3909268471145568
1878,19.95,-18.55,1,0.3907313836909995
1879,20.15,0.2,1,0.39053601799915405
1880,20.05,0.0,1,0.3903407499901545
1881,20.1,0.35000000000000003,1,0.39014557961515944
1882,20.25,2.0999999999999996,1,0.3899505068253519
1883,19.8,0.25,1,0.3897555315719392
1884,20.2,-19.5,1,0.38956065380615323
1885,20.1,-19.6,1,0.38936587347925017
1886,19.95,0.9000000000000001,1,0.3891711905425106
1887,20.15,-19.25,1,0.38897660494723935
1888,20.1,-19.3,1,0.38878211664476575
1889,20.2,-19.2,1,0.3885877255864434
1890,20.1,0.15000000000000002,1,0.3883934317236502
1891,20.1,0.25,1,0.3881992350077884
1892,20.05,0.0,1,0.38800513539028453
1893,19.9,0.7500000000000001,1,0.3878111328225894
1894,20.2,0.6500000000000001,1,0.3876172272561781
1895,20.05,0.2,1,0.38742341864255003
1896,19.8,0.6500000000000001,1,0.3872297069332288
1897,20.05,0.5,1,0.3870360920797622
1898,20.1,0.45,1,0.38684257403372235
1899,20.15,-19.55,1,0.3866491527467055
1900,20.25,1.0,1,0.3864558281703322
1901,19.95,0.39999999999999997,1,0.38626260025624704
1902,20.1,0.15000000000000002,1,0.38606946895611893
1903,20.1,0.15000000000000002,1,0.3858764342216409
1904,19.9,0.35,1,0.3856834960045301
1905,20.0,0.55,1,0.38549065425652784
1906,19.95,1.0000000000000002,1,0.3852979089293996
1907,20.1,0.15000000000000002,1,0.3851052599749349
1908,19.85,1.7000000000000004,1,0.3849127073449474
1909,19.85,0.7000000000000002,1,0.384720250991275
1910,20.05,0.2,1,0.3845278908657794
1911,20.0,0.55,1,0.3843356269203465
1912,20.0,0.8500000000000002,1,0.38414345910688635
1913,20.05,0.4,1,0.3839513873773329
1914,19.95,1.3000000000000005,1,0.38375941168364425
1915,20.05,-19.85,1,0.38356753197780247
1916,20.05,-0.1,1,0.3833757482118136
1917,20.0,-19.3,1,0.3831840603377077
1918,-10.15,12.25,0,0.38299246830753886
1919,19.95,0.9000000000000001,1,0.3828009720733851
1920,19.95,0.6,1,0.38260957158734843
1921,20.1,0.15000000000000002,1,0.3824182668015548
1922,19.9,1.05,1,0.382227057668154
1923,20.0,0.6500000000000001,1,0.38203594413931996
1924,20.2,0.45000000000000007,1,0.3818449261672503
1925,-10.25,12.05,0,0.3816540037041667
1926,20.0,0.44999999999999996,1,0.3814631767023146
1927,20.0,-19.4,1,0.38127244511396347
1928,20.0,-19.8,1,0.3810818088914065
1929,20.2,1.0500000000000003,1,0.3808912679869608
1930,19.8,0.6500000000000001,1,0.38070082235296737
1931,20.3,-18.9,1,0.3805104719417909
1932,-10.65,11.65,0,0.38032021670582
1933,19.85,0.4,1,0.3801300565974671
1934,20.1,0.15000000000000002,1,0.3799399915691684
1935,20.15,0.4000000000000001,1,0.37975002157338383
1936,20.0,0.55,1,0.3795601465625972
1937,19.7,1.9500000000000006,1,0.3793703664893159
1938,20.05,0.0,1,0.37918068130607124
1939,20.05,-19.75,1,0.3789910909654182
1940,20.15,0.6000000000000001,1,0.3788015954199355
1941,19.9,0.15000000000000002,1,0.37861219462222556
1942,19.8,0.05000000000000002,1,0.37842288852491446
1943,19.65,1.5000000000000007,1,0.37823367708065203
1944,20.15,0.2,1,0.37804456024211175
1945,20.1,-19.4,1,0.37785553796199073
1946,19.95,0.5,1,0.37766661019300973
1947,19.85,0.6000000000000001,1,0.37747777688791323
1948,20.1,0.55,1,0.3772890379994693
1949,19.9,-18.8,1,0.3771003934804696
1950,20.05,0.6000000000000001,1,0.3769118432837294
1951,20.25,2.0,1,0.37672338736208755
1952,19.9,0.25,1,0.3765350256684065
1953,20.05,-19.45,1,0.37634675815557234
1954,20.0,-19.7,1,0.37615858477649455
1955,19.85,0.4,1,0.3759705054841063
1956,20.0,0.45,1,0.37578252023136427
1957,20.15,0.2,1,0.3755946289712486
1958,20.15,0.3,1,0.37540683165676303
1959,20.1,0.7500000000000002,1,0.3752191282409347
1960,20.1,0.35,1,0.3750315186768142
1961,20.15,1.5000000000000002,1,0.3748440029174758
1962,19.75,0.49999999999999994,1,0.3746565809160171
1963,20.05,0.39999999999999997,1,0.37446925262555913
1964,19.95,0.5000000000000001,1,0.3742820179992464
1965,19.65,0.8000000000000002,1,0.3740948769902468
1966,20.1,-19.6,1,0.37390782955175167
1967,19.85,0.7000000000000002,1,0.3737208756369758
1968,19.95,0.2,1,0.37353401519915735
1969,20.35,1.9000000000000004,1,0.3733472481915578
1970,19.95,-19.55,1,0.37316057456746204
1971,19.7,1.2500000000000004,1,0.37297399428017836
1972,20.2,0.45000000000000007,1,0.3727875072830383
1973,-9.95,12.35,0,0.3726011135293968
1974,19.6,1.05,1,0.3724148129726321
1975,20.1,-19.7,1,0.37222860556614584
1976,20.1,-19.6,1,0.3720424912633628
1977,19.95,0.3,1,0.37185647001773114
1978,20.1,0.7500000000000001,1,0.3716705417827223
1979,20.15,0.4,1,0.37148470651183096
1980,20.15,0.2,1,0.37129896415857505
1981,20.0,0.35,1,0.3711133146764958
1982,20.05,0.8000000000000003,1,0.37092775801915756
1983,19.95,0.8,1,0.370742294140148
1984,19.85,0.2,1,0.3705569229930779
1985,19.8,0.8500000000000001,1,0.3703716445315814
1986,20.15,-19.75,1,0.3701864587093156
1987,20.05,0.2,1,0.370001365479961
1988,20.05,0.30000000000000004,1,0.369816364797221
1989,20.25,-19.05,1,0.36963145661482244
1990,19.9,0.7500000000000003,1,0.3694466408865151
1991,20.0,0.35,1,0.36926191756607185
1992,20.05,0.10000000000000002,1,0.36907728660728883
1993,19.75,-19.15,1,0.3688927479639852
1994,19.9,-19.5,1,0.36870830159000323
1995,20.1,0.05,1,0.36852394743920824
1996,20.15,0.4,1,0.3683396854654887
1997,20.15,0.2,1,0.36815551562275595
1998,20.0,1.0500000000000003,1,0.3679714378649446
1999,20.0,0.15000000000000002,1,0.3677874521460121
2000,19.9,0.9500000000000001,1,0.36760355841993914
2001,20.1,0.15000000000000002,1,0.3674197566407292
2002,20.25,1.6000000000000003,1,0.36723604676240884
2003,20.1,1.4500000000000004,1,0.36705242873902766
2004,20.05,0.30000000000000004,1,0.36686890252465815
2005,20.4,-18.7,1,0.36668546807339586
2006,20.2,1.1500000000000001,1,0.36650212533935916
2007,19.9,0.5500000000000002,1,0.3663188742766895
2008,20.1,0.55,1,0.3661357148395512
2009,20.15,-18.55,1,0.3659526469821314
2010,19.9,0.7500000000000001,1,0.36576967065864036
2011,20.45,1.4000000000000001,1,0.36558678582331106
2012,19.7,1.3500000000000005,1,0.3654039924303994
2013,19.8,0.25,1,0.3652212904341842
2014,19.95,-19.45,1,0.36503867978896715
2015,19.85,1.1000000000000003,1,0.3648561604490727
2016,20.0,0.25,1,0.3646737323688482
2017,20.15,-19.85,1,0.3644913955026638
2018,20.1,0.35,1,0.36430914980491247
2019,20.15,0.3,1,0.36412699523001
2020,20.0,1.6500000000000001,1,0.36394493173239506
2021,20.0,0.15000000000000002,1,0.3637629592665289
2022,19.95,0.10000000000000002,1,0.3635810777868957
2023,19.65,1.6,1,0.36339928724800225
2024,20.05,0.1,1,0.3632175876043783
2025,20.05,0.4,1,0.3630359788105761
2026,20.05,0.7000000000000001,1,0.36285446082117084
2027,20.05,-18.25,1,0.36267303359076025
2028,19.75,1.0999999999999999,1,0.3624916970739649
2029,20.05,0.8,1,0.36231045122542793
2030,20.1,0.25,1,0.36212929599981525
2031,20.05,1.4000000000000001,1,0.36194823135181536
2032,20.15,0.30000000000000004,1,0.36176725723613945
2033,20.05,0.39999999999999997,1,0.3615863736075214
2034,20.05,0.0,1,0.36140558042071763
2035,19.8,1.1500000000000001,1,0.3612248776305073
2036,20.1,0.35,1,0.3610442651916921
2037,20.1,1.6500000000000001,1,0.36086374305909624
2038,20.15,-19.35,1,0.3606833111875667
2039,19.95,0.4,1,0.3605029695319729
2040,19.95,-18.75,1,0.36032271804720695
2041,20.3,-19.0,1,0.36014255668818335
2042,20.15,0.8000000000000002,1,0.3599624854098393
2043,20.05,0.7000000000000002,1,0.35978250416713436
2044,20.05,1.0,1,0.3596026129150508
2045,20.1,-19.5,1,0.3594228116085933
2046,20.15,-19.85,1,0.35924310020278905
2047,19.95,0.1,1,0.3590634786526877
2048,19.65,1.0000000000000002,1,0.35888394691336134
2049,20.1,-20.0,1,0.3587045049399047
2050,20.0,0.7500000000000002,1,0.35852515268743473
2051,19.85,0.39999999999999997,1,0.358345890111091
2052,20.15,0.7000000000000001,1,0.3581667171660355
2053,20.05,-19.65,1,0.35798763380745247
2054,20.05,-0.1,1,0.35780863999054874
2055,20.35,1.5999999999999999,1,0.3576297356705535
2056,20.15,-19.05,1,0.35745092080271823
2057,19.6,1.4500000000000004,1,0.3572721953423169
2058,20.15,0.2,1,0.35709355924464575
2059,20.0,0.25,1,0.35691501246502344
2060,20.15,-19.45,1,0.356736554958791
2061,20.0,1.1500000000000001,1,0.3565581866813116
2062,20.05,0.8000000000000002,1,0.356379907587971
2063,20.05,0.0,1,0.356201717634177
2064,20.65,1.7,1,0.35602361677535993
2065,20.1,-19.8,1,0.35584560496697226
2066,19.9,0.25,1,0.3556676821644888
2067,20.05,0.2,1,0.3554898483234066
2068,19.55,0.5,1,0.3553121033992449
2069,20.1,0.7500000000000002,1,0.3551344473475453
2070,20.1,0.9500000000000003,1,0.35495688012387155
2071,20.1,0.25,1,0.3547794016838096
2072,20.15,0.4,1,0.3546020119829677
2073,20.05,0.9000000000000001,1,0.35442471097697625
2074,20.2,-19.6,1,0.3542474986214878
2075,19.85,0.6000000000000002,1,0.3540703748721771
2076,-10.65,11.65,0,0.353893339684741
2077,20.1,0.35,1,0.35371639301489866
2078,20.2,0.45,1,0.35353953481839123
2079,-10.35,12.15,0,0.3533627650509821
2080,20.05,-19.45,1,0.3531860836684566
2081,20.0,-19.6,1,0.3530094906266224
2082,20.15,-19.45,1,0.3528329858813091
2083,20.05,0.8000000000000002,1,0.3526565693883685
2084,19.85,1.0000000000000002,1,0.3524802411036743
2085,20.0,1.2500000000000004,1,0.3523040009831225
2086,19.9,0.7500000000000001,1,0.35212784898263094
2087,19.7,0.6500000000000001,1,0.3519517850581396
2088,19.8,0.7500000000000001,1,0.3517758091656106
2089,20.25,1.0000000000000002,1,0.3515999212610278
2090,19.75,1.0000000000000002,1,0.3514241213003973
2091,19.8,0.44999999999999996,1,0.3512484092397471
2092,20.05,1.0000000000000002,1,0.35107278503512723
2093,19.85,0.4,1,0.3508972486426097
2094,20.05,0.6000000000000001,1,0.3507218000182884
2095,-10.75,11.45,0,0.35054643911827926
2096,20.05,0.8000000000000002,1,0.35037116589872014
2097,20.2,0.95,1,0.3501959803157708
2098,19.85,0.39999999999999997,1,0.35002088232561296
2099,20.25,0.6000000000000001,1,0.34984587188445015
2100,20.1,-19.2,1,0.349670948948508
2101,20.15,0.5,1,0.34949611347403375
2102,19.9,0.05000000000000002,1,0.34932136541729675
2103,20.1,0.15000000000000002,1,0.34914670473458814
2104,19.9,0.9500000000000003,1,0.3489721313822209
2105,20.0,0.35,1,0.3487976453165298
2106,19.9,0.35000000000000003,1,0.34862324649387155
2107,-10.15,12.05,0,0.3484489348706246
2108,19.7,0.7500000000000003,1,0.3482747104031893
2109,20.1,0.25,1,0.34810057304798775
2110,19.85,0.10000000000000002,1,0.3479265227614638
2111,-10.45,11.95,0,0.3477525595000831
2112,20.0,0.9500000000000002,1,0.3475786832203331
2113,20.1,-20.0,1,0.3474048938787229
2114,20.1,-19.7,1,0.3472311914317836
2115,19.95,0.3,1,0.3470575758360677
2116,20.15,-19.75,1,0.3468840470481497
2117,20.0,0.25,1,0.34671060502462564
2118,19.95,0.4000000000000001,1,0.34653724972211336
2119,20.0,0.65,1,0.3463639810972523
2120,20.3,-17.8,1,0.3461907991067037
2121,19.8,1.4500000000000004,1,0.34601770370715035
2122,20.05,0.0,1,0.3458446948552968
2123,20.1,0.45,1,0.3456717725078692
2124,20.0,0.35,1,0.34549893662161524
2125,20.0,0.7500000000000001,1,0.34532618715330443
2126,19.95,0.5,1,0.3451535240597278
2127,20.15,0.2,1,0.34498094729769796
2128,20.05,0.2,1,0.34480845682404915
2129,20.25,1.4000000000000004,1,0.3446360525956371
2130,20.35,1.8999999999999997,1,0.3444637345693393
2131,20.1,1.3499999999999999,1,0.34429150270205466
2132,20.25,1.2000000000000002,1,0.34411935695070367
2133,19.95,0.4,1,0.34394729727222834
2134,20.15,0.8000000000000003,1,0.34377532362359225
2135,20.1,0.8500000000000001,1,0.3436034359617805
2136,19.95,0.5,1,0.34343163424379963
2137,20.05,0.0,1,0.34325991842667775
2138,20.05,0.30000000000000004,1,0.3430882884674644
2139,20.1,0.45,1,0.3429167443232307
2140,20.2,-19.2,1,0.3427452859510691
2141,19.95,-19.95,1,0.3425739133080936
2142,19.75,1.9000000000000001,1,0.3424026263514396
2143,20.1,0.25,1,0.34223142503826387
2144,20.15,0.4,1,0.34206030932574477
2145,20.1,0.25,1,0.3418892791710819
2146,20.0,0.35000000000000003,1,0.3417183345314964
2147,20.05,-19.65,1,0.3415474753642307
2148,19.4,0.6500000000000001,1,0.3413767016265486
2149,19.75,0.7000000000000002,1,0.34120601327573535
2150,20.0,0.44999999999999996,1,0.3410354102690975
2151,19.85,0.2,1,0.34086489256396296
2152,20.1,0.15000000000000002,1,0.340694460117681
2153,20.1,0.6500000000000001,1,0.3405241128876222
2154,20.1,0.55,1,0.3403538508311784
2155,20.05,0.5,1,0.3401836739057629
2156,20.1,-19.9,1,0.34001358206881
2157,20.4,-18.2,1,0.3398435752777756
2158,20.05,0.4,1,0.33967365349013673
2159,20.15,0.3,1,0.3395038166633917
2160,19.95,-19.75,1,0.33933406475506
2161,20.1,-19.9,1,0.3391643977226825
2162,19.85,0.0,1,0.33899481552382116
2163,20.05,0.3,1,0.33882531811605926
2164,20.15,0.30000000000000004,1,0.33865590545700125
2165,20.05,0.8,1,0.33848657750427275
2166,19.75,1.1000000000000003,1,0.3383173342155206
2167,19.9,1.2500000000000004,1,0.33814817554841287
2168,20.05,0.6000000000000001,1,0.3379791014606387
2169,20.3,1.2499999999999998,1,0.3378101119099084
2170,20.15,-19.85,1,0.33764120685395344
2171,-10.55,11.950000000000001,0,0.3374723862505265
2172,20.05,0.7000000000000001,1,0.33730365005740126
2173,20.35,-18.35,1,0.3371349982323726
2174,20.05,0.2,1,0.33696643073325644
2175,20.1,0.9500000000000002,1,0.33679794751788983
2176,20.2,0.35000000000000003,1,0.3366295485441309
2177,20.1,1.5500000000000003,1,0.33646123376985887
2178,19.9,0.7500000000000002,1,0.33629300315297395
2179,-10.05,12.25,0,0.33612485665139746
2180,19.95,1.1000000000000003,1,0.3359567942230718
2181,19.65,1.6000000000000003,1,0.33578881582596026
2182,20.05,0.10000000000000002,1,0.3356209214180473
2183,20.05,0.2,1,0.33545311095733826
2184,19.95,0.10000000000000002,1,0.3352853844018596
2185,20.15,-19.55,1,0.3351177417096587
2186,20.05,0.2,1,0.3349501828388039
2187,20.1,-19.1,1,0.3347827077473845
2188,20.05,0.3,1,0.33461531639351083
2189,20.05,0.2,1,0.3344480087353141
2190,20.0,-19.4,1,0.33428078473094647
2191,20.15,0.30000000000000004,1,0.33411364433858104
2192,-10.45,11.95,0,0.33394658751641176
2193,20.05,0.4,1,0.33377961422265356
2194,20.15,0.2,1,0.33361272441554224
2195,20.15,-19.25,1,0.3334459180533345
2196,19.85,0.4,1,0.33327919509430787
2197,20.1,1.45,1,0.3331125554967607
2198,19.9,-18.099999999999998,1,0.33294599921901236
2199,20.15,0.2,1,0.3327795262194029
2200,20.2,1.5500000000000003,1,0.3326131364562932
2201,20.1,0.15000000000000002,1,0.33244682988806507
2202,19.9,0.45,1,0.3322806064731211
2203,20.1,0.25,1,0.33211446616988455
2204,19.9,0.55,1,0.3319484089367996
2205,19.8,0.44999999999999996,1,0.3317824347323312
2206,20.1,0.25,1,0.33161654351496506
2207,20.15,-19.85,1,0.3314507352432076
2208,20.05,0.0,1,0.331285009875586
2209,19.75,0.7000000000000001,1,0.33111936737064823
2210,20.15,-19.65,1,0.3309538076869629
2211,20.0,0.35000000000000003,1,0.3307883307831195
2212,20.05,0.4,1,0.33062293661772796
2213,20.2,0.8500000000000002,1,0.3304576251494191
2214,19.7,0.44999999999999996,1,0.33029239633684443
2215,20.15,0.7000000000000002,1,0.330127250138676
2216,20.15,0.4,1,0.3299621865136067
2217,20.3,-19.3,1,0.3297972054203499
2218,19.95,0.3,1,0.3296323068176397
2219,19.95,1.9000000000000006,1,0.3294674906642309
2220,20.1,0.35,1,0.3293027569188988
2221,19.9,0.35,1,0.3291381055404394
2222,19.95,0.4,1,0.3289735364876692
2223,20.05,-19.65,1,0.3288090497194254
2224,20.2,0.6500000000000001,1,0.32864464519456565
2225,20.0,-19.4,1,0.3284803228719684
2226,20.05,0.7000000000000001,1,0.3283160827105324
2227,20.15,-18.75,1,0.3281519246691772
2228,20.05,0.0,1,0.3279878487068426
2229,20.05,0.2,1,0.3278238547824892
2230,19.95,0.7000000000000002,1,0.327659942855098
2231,20.05,-19.85,1,0.3274961128836704
2232,20.0,-19.6,1,0.3273323648272286
2233,20.15,0.30000000000000004,1,0.327168698644815
2234,19.9,0.9500000000000002,1,0.3270051142954926
2235,20.15,-19.75,1,0.32684161173834486
2236,20.2,0.9500000000000003,1,0.3266781909324757
2237,20.0,0.35,1,0.32651485183700946
2238,20.2,0.45,1,0.32635159441109096
2239,19.95,-19.75,1,0.3261884186138854
2240,20.3,-18.2,1,0.3260253244045785
2241,19.95,1.4000000000000001,1,0.32586231174237623
2242,20.15,0.7000000000000001,1,0.32569938058650505
2243,20.1,-19.7,1,0.3255365308962118
2244,20.1,0.55,1,0.32537376263076373
2245,20.05,0.0,1,0.32521107574944835
2246,19.95,-18.05,1,0.3250484702115736
2247,20.1,0.55,1,0.32488594597646786
2248,19.55,-18.35,1,0.32472350300347963
2249,20.2,0.8500000000000001,1,0.3245611412519779
2250,20.25,0.9000000000000002,1,0.32439886068135193
2251,20.05,0.20000000000000007,1,0.32423666125101125
2252,19.75,1.4000000000000006,1,0.3240745429203858
2253,20.15,0.3,1,0.3239125056489256
2254,20.05,0.8000000000000002,1,0.32375054939610115
2255,20.2,0.35000000000000003,1,0.32358867412140313
2256,19.9,0.5500000000000002,1,0.3234268797843424
2257,20.35,-18.25,1,0.3232651663444503
2258,19.8,0.7500000000000001,1,0.3231035337612781
2259,20.1,0.15000000000000002,1,0.3229419819943975
2260,20.1,0.15000000000000002,1,0.3227805110034003
2261,19.95,-18.85,1,0.32261912074789867
2262,20.0,0.6500000000000001,1,0.32245781118752476
2263,19.9,0.55,1,0.32229658228193103
2264,20.05,0.0,1,0.3221354339907901
2265,20.15,0.4000000000000001,1,0.3219743662737947
2266,20.05,0.10000000000000002,1,0.3218133790906578
2267,20.1,0.15000000000000002,1,0.3216524724011125
2268,20.0,0.8500000000000002,1,0.32149164616491194
2269,20.25,0.6000000000000001,1,0.3213309003418295
2270,-9.95,12.55,0,0.3211702348916586
2271,20.0,0.15000000000000002,1,0.32100964977421276
2272,20.25,1.2000000000000004,1,0.32084914494932565
2273,20.1,0.15000000000000002,1,0.320688720376851
2274,20.15,0.4,1,0.32052837601666256
2275,19.5,1.2500000000000002,1,0.32036811182865427
2276,19.9,-19.1,1,0.32020792777273993
2277,20.05,-19.65,1,0.3200478238088536
2278,19.95,0.7000000000000001,1,0.3198877998969492
2279,20.05,0.8000000000000002,1,0.31972785599700076
2280,19.75,-19.65,1,0.31956799206900227
2281,20.05,0.5,1,0.31940820807296777
2282,20.1,-19.7,1,0.3192485039689313
2283,20.15,-19.35,1,0.3190888797169468
2284,-9.75,12.45,0,0.3189293352770884
2285,20.2,0.8500000000000001,1,0.31876987060944983
2286,20.1,0.55,1,0.3186104856741451
2287,20.1,0.7500000000000001,1,0.31845118043130805
2288,20.05,0.6000000000000002,1,0.3182919548410924
2289,19.85,0.3,1,0.3181328088636719
2290,20.1,-19.9,1,0.3179737424592401
2291,20.1,-19.8,1,0.3178147555880105
2292,19.95,0.20000000000000007,1,0.3176558482102165
2293,20.05,0.2,1,0.3174970202861114
2294,20.25,0.6000000000000001,1,0.31733827177596835
2295,20.15,-19.15,1,0.3171796026400804
2296,20.05,-18.95,1,0.3170210128387604
2297,19.9,0.9500000000000002,1,0.31686250233234103
2298,20.0,0.45,1,0.3167040710811749
2299,19.95,0.10000000000000002,1,0.31654571904563433
2300,20.1,0.35,1,0.31638744618611153
2301,20.2,0.45000000000000007,1,0.3162292524630185
2302,20.0,0.8500000000000001,1,0.316071137836787
2303,20.05,0.3,1,0.3159131022678686
2304,20.1,0.25,1,0.3157551457167347
2305,20.15,1.1000000000000003,1,0.31559726814387634
2306,20.2,-19.6,1,0.3154394695098044
2307,20.3,2.3499999999999996,1,0.3152817497750495
2308,19.95,1.3877787807814457e-17,1,0.315124108900162
2309,19.8,0.55,1,0.31496654684571196
2310,19.95,0.7000000000000002,1,0.3148090635722891
2311,20.0,0.35,1,0.31465165904050296
2312,20.1,0.15000000000000002,1,0.31449433321098275
2313,20.2,0.7500000000000002,1,0.31433708604437727
2314,20.1,0.35,1,0.3141799175013551
2315,19.6,1.4500000000000004,1,0.31402282754260447
2316,20.05,0.0,1,0.3138658161288332
2317,20.1,0.8500000000000002,1,0.3137088832207688
2318,19.9,0.45,1,0.31355202877915844
2319,19.9,0.05000000000000002,1,0.3133952527647689
2320,19.9,0.6500000000000001,1,0.3132385551383865
2321,19.95,0.5,1,0.31308193586081734
2322,20.15,1.5000000000000007,1,0.31292539489288695
2323,19.75,0.9000000000000002,1,0.31276893219544055
2324,20.1,1.7499999999999998,1,0.3126125477293428
2325,20.05,0.4,1,0.3124562414554782
2326,-10.55,11.75,0,0.31230001333475044
2327,19.9,1.85,1,0.3121438633280831
2328,20.05,0.2,1,0.3119877913964191
2329,20.05,0.5000000000000001,1,0.3118317975007209
2330,20.15,0.9000000000000001,1,0.3116758816019705
2331,19.9,2.1500000000000004,1,0.31152004366116953
2332,19.75,1.1000000000000005,1,0.311364283639339
2333,20.2,-19.7,1,0.31120860149751933
2334,20.1,0.15000000000000002,1,0.3110529971967706
2335,19.85,1.0,1,0.31089747069817225
2336,20.15,0.3,1,0.3107420219628232
2337,20.3,1.2500000000000002,1,0.3105866509518418
2338,20.05,0.10000000000000002,1,0.31043135762636587
2339,20.0,0.8500000000000001,1,0.3102761419475527
2340,19.85,0.39999999999999997,1,0.3101210038765789
2341,20.35,1.4000000000000001,1,0.3099659433746407
2342,20.2,-19.2,1,0.30981096040295336
2343,20.1,-19.7,1,0.3096560549227519
2344,20.1,0.15000000000000002,1,0.3095012268952905
2345,20.25,0.6000000000000001,1,0.3093464762818429
2346,20.05,0.5000000000000001,1,0.30919180304370203
2347,19.9,-18.4,1,0.3090372071421802
2348,19.9,0.7500000000000002,1,0.3088826885386091
2349,20.05,0.10000000000000002,1,0.30872824719433983
2350,20.2,0.5500000000000002,1,0.3085738830707427
2351,20.15,-19.75,1,0.30841959612920733
2352,20.1,0.05,1,0.30826538633114275
2353,20.15,0.7000000000000001,1,0.3081112536379772
2354,20.3,1.55,1,0.30795719801115823
2355,19.95,0.30000000000000004,1,0.30780321941215266
2356,19.9,0.45,1,0.3076493178024466
2357,20.25,1.0000000000000002,1,0.3074954931435454
2358,20.05,0.3,1,0.3073417453969737
2359,19.85,0.4,1,0.3071880745242752
2360,19.8,0.5499999999999999,1,0.3070344804870131
2361,20.5,2.4500000000000006,1,0.3068809632467696
2362,20.35,0.8000000000000002,1,0.30672752276514625
2363,20.1,0.7500000000000002,1,0.3065741590037637
2364,20.05,0.2,1,0.3064208719242619
2365,20.2,0.55,1,0.30626766148829976
2366,20.0,0.8500000000000002,1,0.30611452765755565
2367,20.15,0.4,1,0.3059614703937269
2368,20.05,-19.35,1,0.30580848965853
2369,20.1,1.35,1,0.3056555854137008
2370,20.1,0.05,1,0.305502757620994
2371,20.1,0.25000000000000006,1,0.3053500062421835
2372,20.0,0.55,1,0.30519733123906245
2373,19.95,-19.65,1,0.30504473257344294
2374,19.85,1.6000000000000003,1,0.30489221020715623
2375,20.05,0.4,1,0.30473976410205267
2376,20.0,0.35,1,0.30458739422000164
2377,20.15,0.5,1,0.30443510052289163
2378,-9.95,12.549999999999999,0,0.30428288297263023
2379,20.25,0.5000000000000001,1,0.30413074153114394
2380,20.15,1.0000000000000002,1,0.3039786761603784
2381,19.95,0.5000000000000001,1,0.3038266868222982
2382,20.05,0.2,1,0.30367477347888705
2383,19.95,0.9000000000000002,1,0.30352293609214764
2384,20.2,0.35000000000000003,1,0.30337117462410157
2385,19.8,0.45,1,0.3032194890367895
2386,-9.85,12.45,0,0.30306787929227114
2387,20.1,0.35000000000000003,1,0.302916345352625
2388,20.6,-18.5,1,0.3027648871799487
2389,20.05,0.4,1,0.30261350473635873
2390,20.25,0.9000000000000002,1,0.30246219798399054
2391,20.0,0.05000000000000002,1,0.3023109668849986
2392,20.05,0.6000000000000001,1,0.3021598114015561
2393,20.35,1.7,1,0.3020087314958554
2394,20.1,-19.9,1,0.3018577271301075
2395,19.85,-18.15,1,0.30170679826654245
2396,19.95,1.3000000000000003,1,0.3015559448674092
2397,20.05,0.6000000000000001,1,0.30140516689497554
2398,20.1,-19.9,1,0.3012544643115281
2399,20.15,0.6000000000000001,1,0.3011038370793723
2400,20.15,1.3,1,0.30095328516083264
2401,20.0,-19.5,1,0.30080280851825225
2402,19.95,0.3,1,0.30065240711399316
2403,20.0,0.25000000000000006,1,0.3005020809104362
2404,20.05,0.1,1,0.300351829869981
2405,20.05,-19.95,1,0.300201653955046
2406,20.05,0.2,1,0.30005155312806847
2407,20.05,-19.75,1,0.29990152735150444
2408,20.15,0.3,1,0.2997515765878287
2409,20.15,0.2,1,0.2996017007995348
2410,-11.15,11.350000000000001,0,0.29945189994913507
2411,20.15,0.2,1,0.29930217399916054
2412,20.05,0.2,1,0.299152522912161
2413,20.2,0.45000000000000007,1,0.2990029466507049
2414,20.05,0.10000000000000002,1,0.2988534451773796
2415,19.85,0.8000000000000002,1,0.29870401845479094
2416,20.2,0.6500000000000001,1,0.29855466644556355
2417,20.0,0.15000000000000002,1,0.29840538911234077
2418,20.1,1.05,1,0.2982561864177846
2419,20.05,0.30000000000000004,1,0.29810705832457574
2420,20.05,0.4000000000000001,1,0.29795800479541346
2421,19.95,1.0000000000000002,1,0.29780902579301577
2422,20.1,0.25,1,0.29766012128011926
2423,20.1,0.15000000000000002,1,0.2975112912194792
2424,20.2,-19.6,1,0.2973625355738695
2425,20.0,0.25,1,0.29721385430608255
2426,19.65,1.2000000000000004,1,0.29706524737892953
2427,20.1,1.95,1,0.29691671475524006
2428,20.2,0.7500000000000001,1,0.2967682563978625
2429,20.1,0.7500000000000002,1,0.2966198722696636
2430,20.15,0.5,1,0.2964715623335288
2431,19.95,0.5,1,0.29632332655236204
2432,20.05,0.7000000000000001,1,0.29617516488908585
2433,20.05,0.4,1,0.29602707730664135
2434,20.2,-19.4,1,0.29587906376798806
2435,20.2,0.45000000000000007,1,0.2957311242361041
2436,19.85,1.6,1,0.29558325867398605
2437,-10.15,12.45,0,0.29543546704464907
2438,-10.85,11.75,0,0.2952877493111268
2439,20.05,0.2,1,0.29514010543647123
2440,20.15,1.1000000000000003,1,0.29499253538375303
2441,20.05,0.2,1,0.2948450391160612
2442,20.1,0.25,1,0.2946976165965032
2443,20.1,-19.7,1,0.2945502677882049
2444,20.0,0.45,1,0.29440299265431086
2445,19.95,1.1,1,0.2942557911579837
2446,20.55,-17.55,1,0.29410866326240476
2447,19.9,-0.05,1,0.29396160893077355
2448,20.1,0.35,1,0.2938146281263082
2449,20.05,0.10000000000000002,1,0.29366772081224507
2450,19.85,0.49999999999999994,1,0.293520886951839
2451,20.2,-18.6,1,0.2933741265083631
2452,20.15,0.3,1,0.29322743944510893
2453,20.1,0.25,1,0.2930808257253864
2454,20.4,1.95,1,0.29293428531252375
2455,20.2,1.8499999999999996,1,0.2927878181698675
2456,20.0,0.25,1,0.29264142426078255
2457,19.8,0.25000000000000006,1,0.29249510354865216
2458,20.15,0.3,1,0.2923488559968778
2459,20.2,0.55,1,0.2922026815688794
2460,20.1,0.55,1,0.292056580228095
2461,20.1,0.15000000000000002,1,0.291910551937981
2462,20.0,0.25000000000000006,1,0.291764596662012
2463,20.35,1.9999999999999996,1,0.291618714363681
2464,20.3,0.9500000000000002,1,0.29147290500649914
2465,20.05,1.0000000000000002,1,0.29132716855399593
2466,19.95,0.9,1,0.29118150496971895
2467,20.0,1.2500000000000002,1,0.2910359142172341
2468,20.05,0.4,1,0.2908903962601255
2469,20.1,0.25,1,0.2907449510619955
2470,20.05,-0.1,1,0.2905995785864645
2471,19.95,-19.35,1,0.2904542787971713
2472,-10.65,11.85,0,0.2903090516577727
2473,20.1,0.7500000000000001,1,0.29016389713194385
2474,20.15,-19.25,1,0.2900188151833779
2475,20.0,0.15000000000000002,1,0.28987380577578625
2476,20.05,0.2,1,0.2897288688728984
2477,20.05,-19.85,1,0.28958400443846194
2478,20.15,0.3,1,0.2894392124362427
2479,19.75,0.7,1,0.2892944928300246
2480,20.05,0.39999999999999997,1,0.2891498455836096
2481,20.2,1.4500000000000004,1,0.2890052706608178
2482,20.0,0.25,1,0.28886076802548744
2483,20.05,0.39999999999999997,1,0.2887163376414747
2484,20.05,0.2,1,0.28857197947265395
2485,20.15,0.7000000000000002,1,0.28842769348291764
2486,19.85,0.3,1,0.2882834796361762
2487,20.0,0.6500000000000001,1,0.2881393378963581
2488,19.85,0.30000000000000004,1,0.28799526822740995
2489,20.05,0.2,1,0.28785127059329624
2490,20.0,0.25000000000000006,1,0.2877073449579996
2491,20.2,0.8500000000000001,1,0.2875634912855206
2492,20.0,0.05000000000000002,1,0.2874197095398779
2493,20.05,0.10000000000000002,1,0.287275999685108
2494,20.1,0.15000000000000002,1,0.28713236168526546
2495,20.0,-19.0,1,0.28698879550442286
2496,19.85,1.6,1,0.28684530110667067
2497,20.2,-19.7,1,0.28670187845611733
2498,20.0,0.6500000000000001,1,0.2865585275168893
2499,19.9,0.35000000000000003,1,0.28641524825313086
2500,20.05,0.8000000000000003,1,0.2862720406290043
2501,20.1,1.05,1,0.28612890460868984
2502,-9.85,12.649999999999999,0,0.2859858401563855
2503,20.0,-19.5,1,0.2858428472363073
2504,20.1,0.35,1,0.28569992581268916
2505,20.2,-19.5,1,0.28555707584978285
2506,20.35,2.1,1,0.28541429731185797
2507,20.15,-18.85,1,0.285271590163202
2508,20.1,0.45,1,0.28512895436812047
2509,20.1,0.25,1,0.28498638989093644
2510,19.85,0.7999999999999999,1,0.284843896695991
2511,20.1,0.9500000000000002,1,0.284701474747643
2512,20.15,1.3000000000000005,1,0.2845591240102692
2513,19.9,0.15000000000000002,1,0.2844168444482641
2514,20.1,-19.8,1,0.28427463602604
2515,20.1,0.55,1,0.284132498708027
2516,20.0,1.15,1,0.283990432458673
2517,20.25,-18.35,1,0.2838484372424437
2518,20.15,0.4,1,0.2837065130238225
2519,20.1,-19.8,1,0.2835646597673106
2520,20.0,0.45000000000000007,1,0.28342287743742695
2521,19.95,1.5,1,0.28328116599870823
2522,20.35,1.2,1,0.2831395254157089
2523,20.1,0.15000000000000002,1,0.28299795565300107
2524,20.1,0.55,1,0.28285645667517456
2525,20.1,-19.9,1,0.282715028446837
2526,19.9,1.2500000000000002,1,0.2825736709326136
2527,19.8,-19.4,1,0.2824323840971473
2528,20.2,1.1500000000000004,1,0.2822911679050988
2529,20.1,0.35000000000000003,1,0.2821500223211463
2530,20.15,-19.75,1,0.2820089473099857
2531,20.2,0.35000000000000003,1,0.2818679428363307
2532,20.15,0.6000000000000001,1,0.2817270088649126
2533,20.05,-19.65,1,0.28158614536048016
2534,20.05,0.8000000000000002,1,0.28144535228779993
2535,20.0,0.45,1,0.28130462961165603
2536,20.3,1.8499999999999999,1,0.2811639772968502
2537,20.0,0.8500000000000001,1,0.2810233953082018
2538,20.1,0.15000000000000002,1,0.2808828836105477
2539,20.15,0.4,1,0.28074244216874245
2540,19.85,-19.85,1,0.2806020709476581
2541,20.1,0.15000000000000002,1,0.2804617699121843
2542,20.05,-19.05,1,0.28032153902722823
2543,19.95,0.5,1,0.2801813782577146
2544,20.15,0.9000000000000001,1,0.28004128756858576
2545,20.15,0.7000000000000001,1,0.2799012669248015
2546,20.05,1.2000000000000002,1,0.2797613162913391
2547,19.85,0.4,1,0.27962143563319347
2548,20.1,0.15000000000000002,1,0.27948162491537687
2549,20.15,0.7000000000000001,1,0.2793418841029192
2550,20.15,0.6000000000000001,1,0.2792022131608678
2551,20.15,0.5000000000000001,1,0.2790626120542874
2552,20.1,-19.3,1,0.2789230807482603
2553,20.2,1.25,1,0.27878361920788614
2554,20.2,1.1500000000000004,1,0.2786442273982822
2555,20.25,0.6000000000000001,1,0.2785049052845831
2556,19.9,-19.7,1,0.2783656528319408
2557,20.1,0.15000000000000002,1,0.27822647000552486
2558,20.1,1.5500000000000003,1,0.2780873567705221
2559,-9.85,12.45,0,0.27794831309213686
2560,19.85,1.0000000000000002,1,0.2778093389355908
2561,20.2,-19.6,1,0.27767043426612303
2562,20.2,0.5500000000000002,1,0.27753159904899
2563,20.25,1.2000000000000004,1,0.2773928332494655
2564,19.7,1.7500000000000007,1,0.2772541368328408
2565,20.1,0.55,1,0.2771155097644244
2566,20.15,-19.65,1,0.2769769520095422
2567,20.05,1.0000000000000002,1,0.2768384635335374
2568,19.95,1.6000000000000005,1,0.27670004430177064
2569,20.3,1.55,1,0.2765616942796198
2570,20.15,-19.65,1,0.27642341343248
2571,20.15,0.3,1,0.27628520172576376
2572,20.25,2.0000000000000004,1,0.2761470591249009
2573,20.25,0.7000000000000001,1,0.2760089855953385
2574,20.0,0.44999999999999996,1,0.2758709811025408
2575,19.8,-18.6,1,0.2757330456119896
2576,20.1,0.15000000000000002,1,0.2755951790891836
2577,20.2,0.6500000000000001,1,0.275457381499639
2578,20.1,0.55,1,0.2753196528088892
2579,20.0,0.25,1,0.27518199298248475
2580,20.15,-18.35,1,0.2750444019859935
2581,20.15,1.7,1,0.2749068797850005
2582,20.1,0.05,1,0.27476942634510804
2583,19.85,0.6000000000000001,1,0.2746320416319355
2584,19.9,0.35,1,0.27449472561111954
2585,19.85,1.2000000000000004,1,0.27435747824831397
2586,20.1,0.55,1,0.2742202995091898
2587,20.05,-19.75,1,0.2740831893594352
2588,20.15,-19.85,1,0.2739461477647555
2589,-10.45,12.05,0,0.2738091746908731
2590,20.2,0.55,1,0.2736722701035277
2591,20.0,0.9500000000000003,1,0.27353543396847596
2592,20.2,-18.3,1,0.27339866625149173
2593,20.1,0.35,1,0.273261966918366
2594,20.1,0.7500000000000001,1,0.27312533593490684
2595,20.1,0.15000000000000002,1,0.2729887732669394
2596,20.25,0.7000000000000002,1,0.27285227888030594
2597,20.15,0.9000000000000001,1,0.2727158527408658
2598,20.0,0.25,1,0.2725794948144954
2599,20.05,-19.75,1,0.27244320506708813
2600,20.05,-19.75,1,0.2723069834645546
2601,20.05,0.2,1,0.2721708299728224
2602,20.05,0.20000000000000007,1,0.272034744557836
2603,20.35,0.8000000000000002,1,0.2718987271855571
2604,19.95,0.7000000000000002,1,0.2717627778219643
2605,20.0,-19.1,1,0.2716268964330533
2606,19.95,-19.75,1,0.2714910829848368
2607,20.05,0.0,1,0.2713553374433444
2608,20.1,2.2499999999999996,1,0.27121965977462276
2609,20.2,0.7500000000000001,1,0.27108404994473545
2610,20.15,0.2,1,0.2709485079197631
2611,19.95,0.3,1,0.2708130336658032
2612,19.6,-18.7,1,0.2706776271489703
2613,20.2,0.6500000000000001,1,0.27054228833539584
2614,19.9,0.15000000000000002,1,0.27040701719122817
2615,19.95,0.49999999999999994,1,0.2702718136826326
2616,20.0,0.55,1,0.2701366777757913
2617,20.0,0.55,1,0.27000160943690343
2618,20.1,0.35,1,0.269866608632185
2619,20.2,1.0500000000000003,1,0.2697316753278689
2620,20.2,1.4500000000000002,1,0.269596809490205
2621,20.05,0.2,1,0.2694620110854599
2622,19.95,0.9000000000000002,1,0.2693272800799172
2623,20.25,2.3,1,0.26919261643987724
2624,19.85,0.30000000000000004,1,0.2690580201316573
2625,20.0,0.7500000000000002,1,0.2689234911215915
2626,20.1,0.45000000000000007,1,0.2687890293760307
2627,20.25,0.7000000000000002,1,0.2686546348613427
2628,20.0,-19.4,1,0.26852030754391204
2629,20.2,0.65,1,0.2683860473901401
2630,20.1,0.35000000000000003,1,0.26825185436644505
2631,20.1,1.1500000000000001,1,0.26811772843926185
2632,19.95,0.6000000000000001,1,0.2679836695750422
2633,20.05,0.5,1,0.2678496777402547
2634,19.85,0.8000000000000003,1,0.2677157529013846
2635,20.2,0.6500000000000001,1,0.2675818950249339
2636,20.15,0.6000000000000001,1,0.2674481040774214
2637,20.2,1.4500000000000004,1,0.2673143800253827
2638,20.15,0.4,1,0.26718072283537003
2639,20.2,0.35000000000000003,1,0.26704713247395234
2640,19.8,-19.5,1,0.26691360890771537
2641,19.95,1.6000000000000005,1,0.2667801521032615
2642,20.1,0.15000000000000002,1,0.2666467620272099
2643,20.0,0.8500000000000001,1,0.2665134386461963
2644,20.1,0.25,1,0.26638018192687324
2645,20.2,0.6500000000000001,1,0.26624699183590983
2646,20.0,0.25000000000000006,1,0.2661138683399919
2647,20.15,-19.85,1,0.2659808114058219
2648,20.15,1.5000000000000004,1,0.265847821000119
2649,20.05,-18.15,1,0.26571489708961893
2650,20.1,-19.5,1,0.26558203964107413
2651,20.0,0.8500000000000001,1,0.26544924862125363
2652,20.1,0.25,1,0.265316523996943
2653,20.0,0.6500000000000001,1,0.26518386573494457
2654,20.15,0.8000000000000002,1,0.2650512738020771
2655,20.4,1.4500000000000004,1,0.2649187481651761
2656,20.15,1.9,1,0.2647862887910935
2657,20.1,0.05,1,0.26465389564669795
2658,19.95,0.2,1,0.2645215686988746
2659,-10.35,11.85,0,0.2643893079145252
2660,20.1,1.1500000000000001,1,0.26425711326056794
2661,20.05,0.2,1,0.2641249847039377
2662,20.4,1.8499999999999999,1,0.2639929222115857
2663,20.0,0.6500000000000001,1,0.2638609257504799
2664,20.25,1.1000000000000003,1,0.2637289952876047
2665,20.15,0.2,1,0.2635971307899609
2666,20.1,0.15000000000000002,1,0.2634653322245659
2667,20.1,-19.7,1,0.26333359955845365
2668,19.9,0.9500000000000003,1,0.26320193275867443
2669,19.95,1.6,1,0.2630703317922951
2670,20.0,0.6500000000000001,1,0.26293879662639896
2671,20.05,0.8000000000000002,1,0.26280732722808575
2672,19.95,0.5000000000000001,1,0.2626759235644717
2673,20.1,0.35,1,0.2625445856026895
2674,20.0,0.35000000000000003,1,0.26241331330988815
2675,20.25,-19.05,1,0.2622821066532332
2676,20.15,0.30000000000000004,1,0.2621509655999066
2677,20.1,-19.7,1,0.26201989011710664
2678,20.15,0.2,1,0.2618888801720481
2679,20.15,0.3,1,0.2617579357319621
2680,19.95,0.3,1,0.26162705676409614
2681,20.1,-19.8,1,0.26149624323571413
2682,19.9,-19.6,1,0.2613654951140963
2683,19.9,0.35000000000000003,1,0.2612348123665393
2684,20.0,0.7500000000000001,1,0.26110419496035603
2685,20.15,-19.35,1,0.2609736428628759
2686,20.1,0.55,1,0.2608431560414445
2687,20.4,0.9500000000000002,1,0.26071273446342375
2688,20.1,0.15000000000000002,1,0.26058237809619206
2689,20.25,1.4000000000000001,1,0.260452086907144
2690,19.95,0.10000000000000002,1,0.2603218608636904
2691,20.1,0.9500000000000002,1,0.2601916999332586
2692,20.1,0.35000000000000003,1,0.260061604083292
2693,20.3,1.2500000000000002,1,0.2599315732812503
2694,20.05,1.6000000000000003,1,0.25980160749460973
2695,20.1,-18.9,1,0.2596717066908624
2696,20.0,0.45,1,0.259541870837517
2697,20.15,0.9000000000000002,1,0.25941209990209824
2698,20.0,0.7500000000000001,1,0.2592823938521472
2699,20.05,-19.25,1,0.25915275265522114
2700,19.85,1.2000000000000004,1,0.25902317627889354
2701,20.05,0.2,1,0.2588936646907541
2702,20.0,0.35,1,0.25876421785840875
2703,19.8,-0.05,1,0.25863483574947954
2704,19.85,0.7000000000000002,1,0.2585055183316048
2705,20.1,0.55,1,0.258376265572439
2706,19.9,-0.05,1,0.25824707743965275
2707,20.2,-19.2,1,0.25811795390093295
2708,19.95,1.8000000000000003,1,0.2579888949239825
2709,20.1,1.9500000000000004,1,0.2578599004765206
2710,20.05,0.10000000000000002,1,0.25773097052628235
2711,20.25,2.4,1,0.2576021050410192
2712,20.05,0.1,1,0.2574733039884987
2713,19.95,1.5,1,0.25734456733650446
2714,20.15,1.0000000000000002,1,0.2572158950528362
2715,20.15,0.3,1,0.2570872871053098
2716,20.1,0.25000000000000006,1,0.2569587434617572
2717,20.25,1.6,1,0.2568302640900263
2718,20.05,0.6000000000000001,1,0.2567018489579813
2719,20.1,1.45,1,0.2565734980335023
2720,20.25,1.0000000000000002,1,0.2564452112844856
2721,20.15,0.30000000000000004,1,0.2563169886788434
2722,20.15,0.9000000000000001,1,0.256188830184504
2723,-9.55,12.75,0,0.25606073576941174
2724,20.15,0.3,1,0.25593270540152707
2725,20.05,0.0,1,0.25580473904882634
2726,20.2,0.8500000000000002,1,0.2556768366793019
2727,20.05,1.8000000000000003,1,0.2555489982609623
2728,20.05,1.7000000000000002,1,0.2554212237618318
2729,19.9,-19.7,1,0.2552935131499509
2730,20.0,0.25,1,0.25516586639337596
2731,19.9,1.1500000000000004,1,0.25503828346017926
2732,20.05,0.0,1,0.25491076431844917
2733,20.15,0.5000000000000001,1,0.25478330893629
2734,-9.65,12.649999999999999,0,0.25465591728182185
2735,20.1,0.35,1,0.25452858932318095
2736,20.05,0.0,1,0.25440132502851937
2737,20.1,0.25,1,0.2542741243660051
2738,20.05,0.10000000000000002,1,0.2541469873038221
2739,20.1,0.15000000000000002,1,0.25401991381017025
2740,20.3,2.55,1,0.2538929038532652
2741,20.1,-19.0,1,0.25376595740133856
2742,20.05,0.5,1,0.2536390744226379
2743,20.0,0.6500000000000001,1,0.25351225488542656
2744,19.9,0.35000000000000003,1,0.2533854987579839
2745,20.1,0.15000000000000002,1,0.2532588060086049
2746,20.05,0.8000000000000002,1,0.2531321766056006
2747,20.1,0.15000000000000002,1,0.2530056105172978
2748,20.0,-20.0,1,0.2528791077120392
2749,20.2,1.25,1,0.2527526681581832
2750,19.9,0.35,1,0.2526262918241041
2751,19.95,0.5,1,0.25249997867819207
2752,19.85,0.39999999999999997,1,0.252373728688853
2753,20.0,0.6500000000000001,1,0.2522475418245086
2754,19.95,1.7000000000000004,1,0.25212141805359634
2755,20.1,0.15000000000000002,1,0.25199535734456957
2756,19.85,1.2,1,0.2518693596658973
2757,19.95,1.0000000000000002,1,0.25174342498606433
2758,20.0,0.25,1,0.2516175532735713
2759,20.1,0.15000000000000002,1,0.25149174449693457
2760,20.1,0.15000000000000002,1,0.2513659986246861
2761,20.1,0.35,1,0.2512403156253738
2762,20.2,0.55,1,0.2511146954675611
2763,19.85,0.2,1,0.2509891381198273
2764,20.0,0.05,1,0.2508636435507674
2765,20.2,-18.2,1,0.250738211728992
2766,20.0,-19.7,1,0.25061284262312755
2767,20.1,0.6500000000000001,1,0.250487536201816
2768,19.5,0.9500000000000003,1,0.2503622924337151
2769,20.05,0.20000000000000007,1,0.25023711128749826
2770,19.8,1.4500000000000006,1,0.2501119927318545
2771,20.2,0.6500000000000001,1,0.2499869367354886
2772,20.0,0.44999999999999996,1,0.24986194326712088
2773,20.1,0.7500000000000001,1,0.24973701229548734
2774,19.95,0.2,1,0.2496121437893396
2775,20.25,1.0999999999999999,1,0.24948733771744494
2776,20.2,1.1500000000000001,1,0.24936259404858624
2777,20.05,0.2,1,0.24923791275156196
2778,20.0,0.55,1,0.24911329379518618
2779,20.3,1.3500000000000003,1,0.2489887371482886
2780,20.0,0.25000000000000006,1,0.24886424277971447
2781,20.1,1.55,1,0.24873981065832462
2782,19.75,0.7,1,0.24861544075299546
2783,20.35,1.7,1,0.248491133032619
2784,20.15,0.7000000000000001,1,0.2483668874661027
2785,-9.95,12.25,0,0.24824270402236964
2786,19.95,0.30000000000000004,1,0.24811858267035847
2787,20.05,-19.75,1,0.2479945233790233
2788,19.95,0.30000000000000004,1,0.24787052611733382
2789,20.1,0.35000000000000003,1,0.24774659085427517
2790,20.1,0.25,1,0.24762271755884804
2791,20.1,0.25,1,0.24749890620006865
2792,19.75,0.3,1,0.24737515674696864
2793,19.95,0.49999999999999994,1,0.24725146916859517
2794,20.05,0.10000000000000002,1,0.2471278434340109
2795,20.0,0.25,1,0.2470042795122939
2796,19.85,0.6000000000000001,1,0.24688077737253777
2797,20.05,0.3,1,0.24675733698385152
2798,20.15,0.6000000000000001,1,0.2466339583153596
2799,20.3,2.449999999999999,1,0.24651064133620196
2800,20.3,-18.9,1,0.24638738601553387
2801,20.05,1.5000000000000007,1,0.2462641923225261
2802,20.2,0.35000000000000003,1,0.24614106022636487
2803,-10.35,12.05,0,0.2460179896962517
2804,20.1,0.05,1,0.2458949807014036
2805,20.1,0.15000000000000002,1,0.2457720332110529
2806,20.15,0.5,1,0.2456491471944474
2807,19.75,1.6000000000000003,1,0.24552632262085017
2808,19.9,-19.6,1,0.24540355945953976
2809,20.2,0.35000000000000003,1,0.24528085767981
2810,20.05,0.2,1,0.24515821725097012
2811,20.25,1.4000000000000001,1,0.24503563814234464
2812,20.1,0.15000000000000002,1,0.24491312032327348
2813,-9.45,12.85,0,0.24479066376311184
2814,20.25,0.7000000000000001,1,0.2446682684312303
2815,20.15,0.4,1,0.24454593429701468
2816,19.9,0.45,1,0.24442366132986618
2817,20.05,0.2,1,0.24430144949920127
2818,20.1,-18.9,1,0.2441792987744517
2819,19.95,0.5,1,0.24405720912506448
2820,19.95,-19.55,1,0.24393518052050198
2821,-10.05,12.25,0,0.24381321293024175
2822,20.25,0.8000000000000002,1,0.24369130632377664
2823,20.05,0.4,1,0.24356946067061477
2824,20.15,0.7000000000000001,1,0.24344767594027947
2825,20.1,0.15000000000000002,1,0.24332595210230934
2826,20.0,2.05,1,0.2432042891262582
2827,20.4,0.9500000000000002,1,0.24308268698169508
2828,-9.55,12.65,0,0.24296114563820426
2829,20.3,-19.4,1,0.24283966506538518
2830,20.1,-19.9,1,0.24271824523285251
2831,20.15,0.4000000000000001,1,0.2425968861102361
2832,20.1,0.15000000000000002,1,0.242475587667181
2833,20.1,-18.8,1,0.24235434987334742
2834,19.9,0.35,1,0.24223317269841077
2835,20.05,0.6000000000000001,1,0.24211205611206157
2836,20.05,0.3,1,0.24199100008400556
2837,19.95,0.3,1,0.24187000458396357
2838,20.1,0.15000000000000002,1,0.2417490695816716
2839,20.45,1.5999999999999999,1,0.2416281950468808
2840,19.9,0.55,1,0.24150738094935736
2841,20.05,0.2,1,0.24138662725888269
2842,20.0,0.05,1,0.24126593394525325
2843,20.1,0.15000000000000002,1,0.24114530097828063
2844,-10.05,12.15,0,0.2410247283277915
2845,-10.55,11.85,0,0.24090421596362763
2846,20.1,0.25,1,0.24078376385564582
2847,20.2,1.3500000000000003,1,0.240663371973718
2848,20.05,0.8000000000000002,1,0.24054304028773116
2849,20.1,-19.1,1,0.2404227687675873
2850,20.15,-18.75,1,0.24030255738320352
2851,20.05,1.4000000000000004,1,0.24018240610451194
2852,19.95,-19.35,1,0.2400623149014597
2853,20.0,0.8500000000000002,1,0.239942283744009
2854,20.05,0.4,1,0.23982231260213702
2855,20.05,0.3,1,0.23970240144583596
2856,19.95,-19.15,1,0.23958255024511305
2857,19.9,0.55,1,0.2394627589699905
2858,19.9,0.15000000000000002,1,0.23934302759050552
2859,20.05,0.39999999999999997,1,0.23922335607671028
2860,20.1,-19.1,1,0.23910374439867194
2861,20.15,0.2,1,0.2389841925264726
2862,-9.95,12.45,0,0.23886470043020938
2863,20.05,0.3,1,0.2387452680799943
2864,20.05,0.4,1,0.2386258954459543
2865,20.4,1.3500000000000005,1,0.23850658249823134
2866,20.15,0.5,1,0.23838732920698225
2867,20.0,0.35,1,0.23826813554237877
2868,20.15,0.3,1,0.2381490014746076
2869,20.15,0.3,1,0.23802992697387032
2870,20.05,0.7000000000000001,1,0.2379109120103834
2871,20.25,0.6000000000000001,1,0.2377919565543782
2872,20.05,0.5,1,0.23767306057610102
2873,19.95,0.3,1,0.23755422404581297
2874,20.1,0.6500000000000001,1,0.23743544693379007
2875,19.65,1.0000000000000002,1,0.23731672921032318
2876,20.05,0.5,1,0.23719807084571803
2877,20.15,-19.85,1,0.23707947181029518
2878,20.1,0.25,1,0.23696093207439003
2879,20.1,0.45,1,0.23684245160835285
2880,20.3,-18.8,1,0.2367240303825487
2881,-10.45,11.75,0,0.23660566836735744
2882,20.25,1.4000000000000006,1,0.2364873655331738
2883,19.95,0.5,1,0.2363691218504072
2884,20.15,0.5,1,0.23625093728948202
2885,20.1,0.6500000000000001,1,0.23613281182083729
2886,19.95,0.7000000000000002,1,0.23601474541492687
2887,20.1,0.45,1,0.23589673804221942
2888,20.0,0.35,1,0.23577878967319832
2889,20.25,0.8000000000000002,1,0.23566090027836173
2890,19.95,0.1,1,0.23554306982822257
2891,20.1,0.55,1,0.23542529829330847
2892,20.05,0.10000000000000002,1,0.23530758564416182
2893,20.15,0.3,1,0.23518993185133974
2894,20.0,0.05,1,0.2350723368854141
2895,20.2,-19.1,1,0.2349548007169714
2896,20.2,1.1500000000000001,1,0.23483732331661292
2897,20.1,1.1500000000000001,1,0.23471990465495463
2898,20.1,0.15000000000000002,1,0.23460254470262715
2899,20.05,0.2,1,0.23448524343027585
2900,20.15,1.1000000000000003,1,0.23436800080856074
2901,20.2,1.05,1,0.23425081680815646
2902,20.2,0.35000000000000003,1,0.2341336913997524
2903,20.05,0.3,1,0.23401662455405253
2904,20.15,0.4,1,0.23389961624177552
2905,20.1,-19.7,1,0.23378266643365464
2906,20.3,-18.9,1,0.23366577510043782
2907,20.05,0.6000000000000001,1,0.2335489422128876
2908,20.15,-19.55,1,0.2334321677417812
2909,19.8,0.44999999999999996,1,0.23331545165791032
2910,19.95,0.3,1,0.23319879393208137
2911,20.1,0.15000000000000002,1,0.23308219453511533
2912,19.8,0.55,1,0.23296565343784778
2913,20.1,1.2500000000000004,1,0.23284917061112886
2914,20.25,1.3,1,0.2327327460258233
2915,20.05,-19.85,1,0.2326163796528104
2916,20.0,0.9500000000000003,1,0.23250007146298401
2917,19.85,0.39999999999999997,1,0.23238382142725253
2918,20.2,-18.4,1,0.23226762951653893
2919,20.15,0.3,1,0.23215149570178067
2920,20.4,1.2500000000000002,1,0.2320354199539298
2921,20.2,0.6500000000000001,1,0.23191940224395283
2922,20.05,0.2,1,0.23180344254283086
2923,20.35,-18.65,1,0.23168754082155946
2924,20.05,0.3,1,0.2315716970511487
2925,20.6,1.8499999999999999,1,0.23145591120262313
2926,20.0,0.25,1,0.23134018324702182
2927,20.0,0.15000000000000002,1,0.23122451315539833
2928,20.2,0.45,1,0.23110890089882064
2929,20.15,0.3,1,0.23099334644837125
2930,19.8,0.7500000000000001,1,0.23087784977514708
2931,20.25,0.5000000000000001,1,0.23076241085025953
2932,20.0,0.6500000000000001,1,0.2306470296448344
2933,20.05,1.2000000000000004,1,0.230531706130012
2934,20.2,0.6500000000000001,1,0.23041644027694702
2935,20.3,1.05,1,0.23030123205680855
2936,20.05,0.0,1,0.23018608144078015
2937,20.2,1.5500000000000005,1,0.23007098840005977
2938,19.95,0.3,1,0.22995595290585974
2939,20.0,0.44999999999999996,1,0.22984097492940683
2940,19.9,1.7500000000000004,1,0.22972605444194213
2941,19.95,1.5,1,0.22961119141472117
2942,20.05,0.39999999999999997,1,0.22949638581901383
2943,20.1,-19.5,1,0.22938163762610433
2944,20.2,1.1500000000000004,1,0.2292669468072913
2945,20.3,0.9500000000000002,1,0.22915231333388766
2946,20.1,0.25,1,0.22903773717722073
2947,20.05,0.2,1,0.22892321830863213
2948,20.15,-19.75,1,0.22880875669947784
2949,20.1,0.35000000000000003,1,0.2286943523211281
2950,19.65,1.0000000000000002,1,0.22858000514496757
2951,20.05,0.10000000000000002,1,0.2284657151423951
2952,20.15,0.2,1,0.22835148228482394
2953,19.8,0.6500000000000001,1,0.22823730654368155
2954,20.6,2.35,1,0.22812318789040972
2955,20.0,0.8500000000000003,1,0.22800912629646453
2956,20.15,0.4000000000000001,1,0.2278951217333163
2957,19.9,0.35,1,0.22778117417244967
2958,20.25,0.7000000000000002,1,0.22766728358536345
2959,20.1,0.15000000000000002,1,0.22755344994357077
2960,-8.85,13.349999999999998,0,0.227439673218599
2961,19.9,0.44999999999999996,1,0.22732595338198971
2962,20.15,0.30000000000000004,1,0.22721229040529872
2963,20.1,-19.6,1,0.22709868426009608
2964,19.95,0.20000000000000007,1,0.22698513491796604
2965,20.15,0.7000000000000001,1,0.22687164235050708
2966,20.15,2.3,1,0.22675820652933185
2967,20.15,0.5,1,0.2266448274260672
2968,20.0,1.05,1,0.2265315050123542
2969,20.1,0.25,1,0.22641823925984803
2970,20.45,1.4000000000000001,1,0.2263050301402181
2971,20.0,0.55,1,0.226191877625148
2972,20.15,1.7000000000000002,1,0.22607878168633544
2973,20.45,1.8000000000000005,1,0.2259657422954923
2974,20.3,1.2500000000000002,1,0.22585275942434457
2975,20.15,0.2,1,0.2257398330446324
2976,19.85,1.5000000000000004,1,0.22562696312811012
2977,19.8,1.45,1,0.22551414964654606
2978,20.35,1.1000000000000003,1,0.22540139257172281
2979,20.15,0.3,1,0.22528869187543696
2980,20.2,-18.9,1,0.22517604752949924
2981,20.0,1.9500000000000008,1,0.2250634595057345
2982,20.05,-18.95,1,0.22495092777598164
2983,20.0,0.35,1,0.22483845231209365
2984,20.05,0.0,1,0.2247260330859376
2985,19.95,0.49999999999999994,1,0.22461367006939464
2986,20.05,0.20000000000000007,1,0.22450136323435996
2987,20.05,0.8,1,0.2243891125527428
2988,19.85,0.8000000000000003,1,0.22427691799646643
2989,20.0,0.25,1,0.22416477953746822
2990,20.1,1.6500000000000004,1,0.2240526971476995
2991,20.3,2.349999999999999,1,0.22394067079912566
2992,19.8,0.9500000000000003,1,0.2238287004637261
2993,20.2,-18.0,1,0.22371678611349424
2994,20.1,0.15000000000000002,1,0.2236049277204375
2995,20.0,0.55,1,0.2234931252565773
2996,20.15,2.0,1,0.22338137869394903
2997,20.05,0.4,1,0.22326968800460206
2998,20.05,-19.85,1,0.22315805316059978
2999,20.05,0.2,1,0.22304647413401948
3000,19.95,0.8000000000000002,1,0.22293495089695248
3001,20.3,0.9500000000000002,1,0.22282348342150401
3002,20.4,-17.8,1,0.2227120716797933
3003,20.15,-19.35,1,0.2226007156439534
3004,19.9,0.5499999999999999,1,0.22248941528613142
3005,20.25,0.6000000000000001,1,0.22237817057848835
3006,20.1,0.25,1,0.22226698149319912
3007,20.1,0.35000000000000003,1,0.22215584800245253
3008,20.05,0.2,1,0.2220447700784513
3009,19.8,0.65,1,0.2219337476934121
3010,20.05,-19.25,1,0.22182278081956538
3011,20.15,0.5000000000000001,1,0.2217118694291556
3012,20.3,0.9500000000000002,1,0.22160101349444103
3013,20.25,2.1999999999999993,1,0.2214902129876938
3014,20.25,1.3000000000000005,1,0.22137946788119997
3015,20.1,0.15000000000000002,1,0.22126877814725937
3016,20.25,0.6000000000000001,1,0.22115814375818577
3017,20.6,1.8499999999999994,1,0.22104756468630668
3018,20.25,0.9000000000000001,1,0.22093704090396354
3019,20.1,-18.8,1,0.22082657238351158
3020,20.0,0.6500000000000001,1,0.22071615909731984
3021,-9.65,12.549999999999999,0,0.2206058010177712
3022,20.05,0.4,1,0.22049549811726232
3023,20.15,0.4,1,0.2203852503682037
3024,20.1,0.7500000000000001,1,0.22027505774301961
3025,20.0,0.6500000000000001,1,0.22016492021414813
3026,20.1,1.1500000000000001,1,0.22005483775404105
3027,20.2,0.6500000000000001,1,0.21994481033516405
3028,19.85,1.4000000000000006,1,0.21983483792999647
3029,20.1,0.25,1,0.21972492051103149
3030,-9.75,12.649999999999999,0,0.21961505805077597
3031,20.15,-19.85,1,0.2195052505217506
3032,20.15,0.5,1,0.21939549789648974
3033,-9.55,12.649999999999999,0,0.2192858001475415
3034,20.15,0.4,1,0.21917615724746775
3035,20.1,0.5500000000000002,1,0.21906656916884404
3036,19.95,0.7000000000000002,1,0.21895703588425963
3037,20.0,0.9500000000000004,1,0.2188475573663175
3038,-9.95,12.649999999999999,0,0.21873813358763436
3039,19.9,0.35,1,0.21862876452084054
3040,19.75,0.7000000000000001,1,0.21851945013858012
3041,20.05,1.1000000000000003,1,0.21841019041351084
3042,20.05,0.8000000000000002,1,0.2183009853183041
3043,19.95,0.3,1,0.21819183482564497
3044,20.1,0.25,1,0.21808273890823215
3045,-10.950000000000001,11.55,0,0.21797369753877804
3046,20.2,0.8500000000000002,1,0.21786471069000868
3047,20.5,1.75,1,0.2177557783346637
3048,20.2,2.05,1,0.21764690044549637
3049,20.0,0.45,1,0.21753807699527364
3050,19.95,-19.35,1,0.217429307956776
3051,20.2,0.45,1,0.21732059330279763
3052,20.05,1.9999999999999998,1,0.21721193300614625
3053,20.1,2.1500000000000004,1,0.2171033270396432
3054,19.75,1.3,1,0.21699477537612338
3055,20.15,0.6000000000000001,1,0.21688627798843532
3056,20.1,0.55,1,0.2167778348494411
3057,20.05,0.2,1,0.2166694459320164
3058,20.1,0.15000000000000002,1,0.2165611112090504
3059,20.0,0.05,1,0.21645283065344587
3060,19.8,0.44999999999999996,1,0.21634460423811916
3061,20.0,0.05,1,0.21623643193600012
3062,20.15,0.30000000000000004,1,0.21612831372003213
3063,19.9,0.7500000000000001,1,0.21602024956317212
3064,20.05,0.2,1,0.21591223943839055
3065,20.05,0.6000000000000001,1,0.21580428331867138
3066,20.15,0.4,1,0.21569638117701206
3067,19.95,0.3,1,0.21558853298642358
3068,20.05,0.2,1,0.21548073871993037
3069,20.05,0.10000000000000002,1,0.21537299835057042
3070,19.95,0.10000000000000002,1,0.21526531185139514
3071,20.05,0.2,1,0.21515767919546944
3072,20.1,0.05,1,0.21505010035587172
3073,20.15,0.3,1,0.2149425753056938
3074,20.05,0.39999999999999997,1,0.21483510401804096
3075,20.15,0.5,1,0.21472768646603194
3076,20.15,0.3,1,0.21462032262279893
3077,20.2,-19.1,1,0.21451301246148755
3078,-10.25,12.25,0,0.21440575595525682
3079,20.05,1.0000000000000002,1,0.2142985530772792
3080,20.05,0.7000000000000002,1,0.2141914038007406
3081,20.1,0.15000000000000002,1,0.21408430809884024
3082,20.0,0.25,1,0.21397726594479083
3083,20.3,1.8500000000000008,1,0.21387027731181846
3084,20.2,-19.1,1,0.21376334217316256
3085,20.0,0.44999999999999996,1,0.21365646050207598
3086,20.25,0.5000000000000001,1,0.21354963227182497
3087,20.0,1.05,1,0.21344285745568906
3088,20.2,0.9500000000000002,1,0.21333613602696122
3089,20.05,0.0,1,0.21322946795894776
3090,20.15,-19.25,1,0.2131228532249683
3091,20.05,0.0,1,0.21301629179835582
3092,20.25,1.0000000000000002,1,0.21290978365245666
3093,20.05,0.10000000000000002,1,0.21280332876063043
3094,19.75,0.5,1,0.21269692709625013
3095,20.15,0.3,1,0.212590578632702
3096,20.45,2.6,1,0.21248428334338568
3097,20.25,2.0,1,0.212378041201714
3098,20.1,0.55,1,0.21227185218111316
3099,19.65,1.3000000000000005,1,0.21216571625502262
3100,19.95,1.1,1,0.21205963339689513
3101,19.95,0.10000000000000002,1,0.2119536035801967
3102,20.15,-19.15,1,0.2118476267784066
3103,20.25,-19.05,1,0.2117417029650174
3104,20.1,0.95,1,0.2116358321135349
3105,20.1,0.25,1,0.21153001419747813
3106,20.1,1.1500000000000004,1,0.21142424919037942
3107,20.0,2.2500000000000004,1,0.21131853706578424
3108,20.15,0.7000000000000002,1,0.21121287779725137
3109,19.65,0.8000000000000002,1,0.21110727135835275
3110,20.1,-19.5,1,0.2110017177226736
3111,20.15,1.1000000000000003,1,0.21089621686381227
3112,20.2,1.2500000000000004,1,0.2107907687553804
3113,-10.25,12.149999999999999,0,0.2106853733710027
3114,20.0,0.6500000000000001,1,0.21058003068431722
3115,20.1,0.05,1,0.21047474066897506
3116,20.15,-19.35,1,0.2103695032986406
3117,20.25,1.3,1,0.2102643185469913
3118,20.05,-18.75,1,0.2101591863877178
3119,20.4,2.05,1,0.21005410679452396
3120,20.25,1.0000000000000002,1,0.20994907974112673
3121,20.2,1.0500000000000003,1,0.20984410520125618
3122,20.1,0.35,1,0.20973918314865556
3123,20.1,0.35,1,0.20963431355708123
3124,19.8,1.05,1,0.2095294964003027
3125,20.35,0.8000000000000002,1,0.20942473165210254
3126,20.1,0.55,1,0.2093200192862765
3127,20.05,-19.85,1,0.20921535927663337
3128,20.3,1.95,1,0.20911075159699508
3129,19.95,0.6000000000000001,1,0.2090061962211966
3130,20.15,-19.75,1,0.208901693123086
3131,20.0,0.35,1,0.2087972422765245
3132,20.1,-19.8,1,0.20869284365538623
3133,19.8,1.6500000000000001,1,0.20858849723355855
3134,19.95,-19.25,1,0.20848420298494177
3135,20.05,0.39999999999999997,1,0.20837996088344932
3136,20.1,0.15000000000000002,1,0.2082757709030076
3137,20.1,0.25,1,0.20817163301755612
3138,19.95,0.3,1,0.20806754720104736
3139,20.15,1.3,1,0.20796351342744684
3140,19.95,-19.75,1,0.20785953167073312
3141,20.1,0.15000000000000002,1,0.20775560190489778
3142,20.0,-19.8,1,0.20765172410394533
3143,20.1,0.45,1,0.20754789824189337
3144,20.45,1.5999999999999999,1,0.20744412429277245
3145,20.1,1.3500000000000005,1,0.20734040223062608
3146,20.2,1.9500000000000004,1,0.2072367320295108
3147,20.3,0.8500000000000002,1,0.20713311366349604
3148,20.05,0.3,1,0.2070295471066643
3149,-10.55,11.75,0,0.20692603233311097
3150,20.1,0.35,1,0.20682256931694443
3151,20.05,0.3,1,0.20671915803228597
3152,20.1,0.35,1,0.20661579845326983
3153,19.9,0.35,1,0.2065124905540432
3154,20.2,-19.5,1,0.20640923430876618
3155,20.35,1.9000000000000001,1,0.2063060296916118
3156,19.75,0.9000000000000002,1,0.206202876676766
3157,20.0,0.9500000000000002,1,0.20609977523842765
3158,20.05,0.5,1,0.20599672535080846
3159,20.3,-18.9,1,0.20589372698813307
3160,20.05,0.0,1,0.20579078012463903
3161,20.5,1.55,1,0.20568788473457672
3162,20.15,1.7000000000000004,1,0.20558504079220943
3163,20.1,0.6500000000000001,1,0.20548224827181333
3164,20.1,0.35,1,0.20537950714767744
3165,20.1,0.8500000000000001,1,0.2052768173941036
3166,20.0,0.35,1,0.20517417898540657
3167,20.1,0.25,1,0.2050715918959139
3168,20.0,1.2500000000000004,1,0.20496905609996596
3169,20.1,0.25,1,0.20486657157191598
3170,20.15,0.4,1,0.20476413828613005
3171,19.95,0.1,1,0.20466175621698698
3172,20.05,0.8000000000000002,1,0.2045594253388785
3173,20.1,0.9500000000000002,1,0.20445714562620906
3174,19.85,1.6000000000000005,1,0.20435491705339598
3175,20.05,-19.35,1,0.20425273959486928
3176,20.15,0.30000000000000004,1,0.20415061322507186
3177,19.9,0.7500000000000001,1,0.20404853791845934
3178,20.25,1.0000000000000002,1,0.20394651364950012
3179,20.0,0.05,1,0.20384454039267538
3180,20.55,1.4000000000000001,1,0.20374261812247907
3181,20.05,0.2,1,0.20364074681341784
3182,20.05,0.7000000000000002,1,0.20353892644001115
3183,20.0,0.35,1,0.20343715697679116
3184,20.05,0.39999999999999997,1,0.20333543839830276
3185,20.1,0.15000000000000002,1,0.20323377067910361
3186,20.25,-18.95,1,0.20313215379376406
3187,-10.35,11.950000000000001,0,0.2030305877168672
3188,20.0,0.55,1,0.20292907242300876
3189,20.1,0.15000000000000002,1,0.20282760788679727
3190,20.2,1.05,1,0.2027261940828539
3191,20.0,-19.6,1,0.20262483098581247
3192,20.05,0.6000000000000001,1,0.20252351857031958
3193,20.4,1.45,1,0.20242225681103443
3194,20.1,0.9500000000000002,1,0.20232104568262893
3195,20.25,1.4000000000000001,1,0.20221988515978762
3196,20.15,0.2,1,0.20211877521720772
3197,20.0,0.35,1,0.20201771582959913
3198,19.9,0.7500000000000001,1,0.20191670697168435
3199,20.1,-19.4,1,0.2018157486181985
3200,19.65,0.7000000000000002,1,0.20171484074388943
3201,-9.95,12.35,0,0.2016139833235175
3202,20.1,0.9500000000000002,1,0.20151317633185575
3203,19.9,0.15000000000000002,1,0.20141241974368984
3204,20.15,0.2,1,0.20131171353381802
3205,20.1,0.15000000000000002,1,0.20121105767705114
3206,20.45,1.2,1,0.20111045214821263
3207,20.05,0.2,1,0.20100989692213853
3208,20.1,0.55,1,0.20090939197367746
3209,20.0,0.44999999999999996,1,0.20080893727769064
3210,20.2,0.45,1,0.20070853280905182
3211,20.05,0.6000000000000001,1,0.20060817854264731
3212,19.95,0.39999999999999997,1,0.200507874453376
3213,20.2,1.3500000000000003,1,0.20040762051614933
3214,-9.75,12.55,0,0.20030741670589125
3215,20.25,0.8000000000000002,1,0.20020726299753833
3216,20.05,-19.05,1,0.20010715936603957
3217,20.15,0.3,1,0.20000710578635655
3218,20.15,1.9000000000000008,1,0.1999071022334634
3219,20.05,1.5000000000000002,1,0.19980714868234667
3220,20.25,0.5000000000000001,1,0.1997072451080055
3221,20.15,0.4,1,0.1996073914854515
3222,20.45,1.8,1,0.19950758778970878
3223,-9.65,12.649999999999999,0,0.19940783399581394
3224,20.15,0.8000000000000002,1,0.19930813007881604
3225,20.2,1.1500000000000001,1,0.19920847601377664
3226,20.25,-19.05,1,0.19910887177576977
3227,19.95,0.3,1,0.1990093173398819
3228,20.0,0.25,1,0.19890981268121197
3229,20.2,1.2500000000000002,1,0.19881035777487138
3230,19.9,0.35,1,0.19871095259598395
3231,20.1,1.1500000000000001,1,0.19861159711968598
3232,20.1,0.15000000000000002,1,0.19851229132112616
3233,20.1,0.35,1,0.1984130351754656
3234,20.1,0.15000000000000002,1,0.1983138286578779
3235,20.2,0.35000000000000003,1,0.19821467174354895
3236,19.85,0.39999999999999997,1,0.1981155644076772
3237,20.1,-19.3,1,0.19801650662547338
3238,20.35,1.6,1,0.19791749837216066
3239,20.3,1.05,1,0.1978185396229746
3240,20.15,1.3,1,0.19771963035316312
3241,19.9,0.5499999999999999,1,0.19762077053798655
3242,20.3,1.1500000000000004,1,0.19752196015271756
3243,20.15,0.7000000000000002,1,0.1974231991726412
3244,20.05,0.5,1,0.1973244875730549
3245,20.0,0.05000000000000002,1,0.19722582532926838
3246,20.15,1.1000000000000003,1,0.19712721241660375
3247,20.15,1.7000000000000004,1,0.19702864881039545
3248,20.05,0.5000000000000001,1,0.19693013448599025
3249,20.35,2.0000000000000004,1,0.19683166941874727
3250,20.2,1.2500000000000002,1,0.1967332535840379
3251,20.4,1.2500000000000002,1,0.1966348869572459
3252,19.85,0.8000000000000002,1,0.1965365695137673
3253,20.35,1.7000000000000002,1,0.19643830122901043
3254,20.15,-19.15,1,0.19634008207839593
3255,20.15,-19.85,1,0.19624191203735675
3256,19.95,0.5,1,0.1961437910813381
3257,-9.75,12.55,0,0.19604571918579744
3258,20.3,0.7500000000000001,1,0.19594769632620454
3259,20.1,-19.9,1,0.19584972247804144
3260,20.05,-18.15,1,0.19575179761680242
3261,20.25,1.7000000000000002,1,0.19565392171799403
3262,20.15,-19.45,1,0.19555609475713503
3263,20.25,0.5000000000000001,1,0.19545831670975647
3264,20.1,0.35,1,0.1953605875514016
3265,20.05,0.39999999999999997,1,0.1952629072576259
3266,-10.25,12.15,0,0.1951652758039971
3267,20.15,0.7000000000000002,1,0.1950676931660951
3268,20.15,-17.95,1,0.19497015931951206
3269,20.3,0.9500000000000002,1,0.19487267423985233
3270,20.25,1.0000000000000002,1,0.1947752379027324
3271,19.85,1.2000000000000002,1,0.19467785028378104
3272,20.1,0.25,1,0.19458051135863916
3273,-9.85,12.45,0,0.19448322110295985
3274,20.1,0.35000000000000003,1,0.19438597949240838
3275,20.25,-19.55,1,0.19428878650266218
3276,19.8,0.15000000000000002,1,0.19419164210941087
3277,-9.85,12.45,0,0.19409454628835618
3278,19.85,-19.05,1,0.19399749901521202
3279,20.15,-19.75,1,0.19390050026570443
3280,20.05,0.39999999999999997,1,0.1938035500155716
3281,20.1,0.55,1,0.19370664824056383
3282,20.35,-18.35,1,0.19360979491644356
3283,19.9,0.35,1,0.19351299001898534
3284,20.2,0.8500000000000002,1,0.19341623352397586
3285,20.7,2.3499999999999988,1,0.19331952540721387
3286,20.15,0.2,1,0.19322286564451027
3287,20.25,-19.55,1,0.19312625421168803
3288,20.05,0.4,1,0.1930296910845822
3289,20.1,0.15000000000000002,1,0.19293317623903994
3290,20.05,0.2,1,0.19283670965092042
3291,20.15,1.1,1,0.19274029129609496
3292,20.05,0.2,1,0.19264392115044693
3293,20.1,1.7500000000000002,1,0.19254759918987172
3294,20.1,0.15000000000000002,1,0.1924513253902768
3295,20.2,0.7500000000000001,1,0.19235509972758166
3296,19.9,0.9500000000000001,1,0.1922589221777179
3297,19.95,2.1,1,0.19216279271662903
3298,20.1,0.15000000000000002,1,0.19206671132027073
3299,20.05,0.3,1,0.1919706779646106
3300,20.15,1.4000000000000001,1,0.19187469262562828
3301,20.05,0.3,1,0.19177875527931548
3302,20.0,0.25,1,0.19168286590167583
3303,20.15,0.4,1,0.191587024468725
3304,20.25,1.3000000000000005,1,0.19149123095649065
3305,19.85,1.4000000000000001,1,0.19139548534101242
3306,20.25,-19.55,1,0.19129978759834193
3307,19.95,-19.55,1,0.19120413770454278
3308,20.15,0.4,1,0.19110853563569052
3309,20.0,0.44999999999999996,1,0.1910129813678727
3310,20.1,0.25,1,0.19091747487718877
3311,20.05,0.3,1,0.1908220161397502
3312,20.0,1.7500000000000004,1,0.19072660513168033
3313,20.3,1.05,1,0.1906312418291145
3314,-9.45,12.849999999999998,0,0.19053592620819995
3315,20.1,0.25,1,0.19044065824509587
3316,20.1,0.45,1,0.19034543791597333
3317,20.2,2.25,1,0.19025026519701535
3318,20.0,1.6500000000000004,1,0.19015514006441686
3319,20.05,0.2,1,0.19006006249438467
3320,20.05,0.3,1,0.18996503246313748
3321,19.9,-19.7,1,0.18987004994690593
3322,20.15,-19.75,1,0.1897751149219325
3323,20.15,0.39999999999999997,1,0.18968022736447154
3324,20.05,0.8,1,0.18958538725078933
3325,19.65,-19.45,1,0.18949059455716394
3326,20.15,0.8000000000000002,1,0.18939584925988537
3327,19.95,0.7000000000000001,1,0.18930115133525544
3328,20.2,0.5500000000000002,1,0.1892065007595878
3329,20.35,1.7000000000000002,1,0.18911189750920804
3330,20.3,1.6500000000000001,1,0.18901734156045344
3331,20.1,1.4500000000000002,1,0.1889228328896732
3332,-9.45,12.85,0,0.1888283714732284
3333,20.4,1.05,1,0.1887339572874918
3334,20.1,0.15000000000000002,1,0.18863959030884805
3335,19.9,0.44999999999999996,1,0.18854527051369363
3336,20.05,0.3,1,0.1884509978784368
3337,19.9,0.9500000000000003,1,0.1883567723794976
3338,19.8,0.8500000000000003,1,0.18826259399330786
3339,20.05,0.4,1,0.1881684626963112
3340,20.25,1.1,1,0.18807437846496305
3341,20.1,0.15000000000000002,1,0.18798034127573057
3342,20.4,2.0500000000000003,1,0.18788635110509272
3343,20.15,0.7000000000000002,1,0.1877924079295402
3344,20.55,1.9000000000000001,1,0.18769851172557542
3345,20.1,0.05,1,0.18760466246971264
3346,20.0,-18.2,1,0.1875108601384778
3347,20.0,0.7500000000000001,1,0.18741710470840856
3348,20.2,0.35000000000000003,1,0.18732339615605437
3349,20.35,2.1999999999999997,1,0.18722973445797636
3350,20.4,1.6500000000000001,1,0.18713611959074739
3351,20.15,0.8000000000000002,1,0.18704255153095203
3352,20.25,0.8000000000000002,1,0.18694903025518655
3353,-10.55,11.75,0,0.18685555574005897
3354,20.15,0.3,1,0.18676212796218894
3355,-10.75,11.65,0,0.18666874689820787
3356,20.2,2.4499999999999997,1,0.18657541252475876
3357,20.1,0.7500000000000001,1,0.18648212481849638
3358,20.05,-19.65,1,0.18638888375608714
3359,20.05,2.1000000000000005,1,0.18629568931420912
3360,19.95,-18.85,1,0.18620254146955204
3361,20.05,0.6000000000000001,1,0.18610944019881728
3362,20.1,0.9500000000000003,1,0.18601638547871788
3363,-9.65,12.55,0,0.18592337728597852
3364,20.3,1.05,1,0.18583041559733554
3365,19.95,0.6000000000000001,1,0.18573750038953687
3366,20.1,0.25,1,0.1856446316393421
3367,20.1,0.15000000000000002,1,0.18555180932352244
3368,20.3,0.9500000000000002,1,0.1854590334188607
3369,20.05,0.0,1,0.18536630390215128
3370,19.95,0.39999999999999997,1,0.1852736207502002
3371,20.15,-19.35,1,0.18518098393982513
3372,20.1,0.05,1,0.18508839344785522
3373,20.1,0.35,1,0.1849958492511313
3374,19.95,1.9999999999999998,1,0.18490335132650573
3375,20.1,-19.4,1,0.1848108996508425
3376,20.15,0.7000000000000002,1,0.18471849420101707
3377,20.25,0.6000000000000001,1,0.18462613495391658
3378,20.15,0.2,1,0.18453382188643963
3379,20.05,0.4,1,0.1844415549754964
3380,20.25,1.6,1,0.18434933419800867
3381,19.8,-19.1,1,0.18425715953090968
3382,-10.05,12.25,0,0.18416503095114423
3383,20.0,0.25,1,0.18407294843566865
3384,20.2,0.6500000000000001,1,0.18398091196145083
3385,19.9,0.35000000000000003,1,0.18388892150547012
3386,20.2,0.45,1,0.1837969770447174
3387,20.1,0.25,1,0.18370507855619506
3388,20.15,-18.65,1,0.18361322601691696
3389,20.15,-19.15,1,0.1835214194039085
3390,20.0,0.05000000000000002,1,0.18342965869420658
3391,20.35,-18.95,1,0.1833379438648595
3392,20.1,-19.9,1,0.18324627489292708
3393,20.3,0.8500000000000001,1,0.18315465175548062
3394,20.6,2.349999999999999,1,0.1830630744296029
3395,20.05,0.5000000000000001,1,0.18297154289238812
3396,20.55,2.599999999999999,1,0.18288005712094194
3397,20.35,2.1,1,0.18278861709238148
3398,20.0,0.35,1,0.1826972227838353
3399,20.05,0.3,1,0.1826058741724434
3400,20.2,-19.2,1,0.1825145712353572
3401,20.1,0.25,1,0.1824233139497395
3402,20.0,1.5500000000000003,1,0.18233210229276464
3403,20.1,0.25,1,0.18224093624161827
3404,20.05,1.2000000000000004,1,0.18214981577349748
3405,20.25,1.1,1,0.18205874086561075
3406,20.15,0.30000000000000004,1,0.18196771149517796
3407,20.1,0.25,1,0.18187672763943039
3408,20.15,0.5,1,0.18178578927561068
3409,-10.05,12.25,0,0.1816948963809729
3410,20.2,0.8500000000000001,1,0.1816040489327824
3411,20.2,1.0500000000000003,1,0.18151324690831602
3412,20.15,0.6000000000000001,1,0.18142249028486188
3413,20.1,0.55,1,0.18133177903971945
3414,20.0,1.1500000000000001,1,0.1812411131501996
3415,20.65,1.7,1,0.18115049259362453
3416,20.0,0.25,1,0.18105991734732774
3417,20.1,0.6500000000000001,1,0.1809693873886541
3418,20.5,1.95,1,0.18087890269495976
3419,20.25,2.1,1,0.1807884632436123
3420,19.9,0.9500000000000002,1,0.1806980690119905
3421,20.15,0.6000000000000001,1,0.1806077199774845
3422,20.05,0.3,1,0.18051741611749578
3423,20.2,1.6500000000000004,1,0.18042715740943704
3424,20.1,-19.3,1,0.18033694383073234
3425,20.1,2.25,1,0.18024677535881697
3426,20.15,-18.35,1,0.1801566519711376
3427,20.1,-18.8,1,0.18006657364515202
3428,20.2,0.55,1,0.17997654035832947
3429,20.25,-19.35,1,0.17988655208815033
3430,19.85,0.0,1,0.17979660881210627
3431,20.15,0.7000000000000001,1,0.17970671050770023
3432,20.2,-19.6,1,0.1796168571524464
3433,20.15,0.5,1,0.17952704872387018
3434,20.2,0.6500000000000001,1,0.17943728519950825
3435,20.0,0.8500000000000001,1,0.1793475665569085
3436,19.9,0.6500000000000001,1,0.17925789277363005
3437,20.2,0.45,1,0.17916826382724324
3438,20.15,-19.85,1,0.17907867969532962
3439,20.25,0.9000000000000002,1,0.17898914035548197
3440,20.1,0.7500000000000001,1,0.17889964578530423
3441,19.95,0.3,1,0.1788101959624116
3442,19.85,-19.25,1,0.1787207908644304
3443,20.05,1.2000000000000002,1,0.1786314304689982
3444,20.15,0.5,1,0.17854211475376372
3445,20.05,-19.65,1,0.17845284369638684
3446,20.0,0.25,1,0.17836361727453864
3447,20.15,1.7000000000000002,1,0.17827443546590138
3448,20.45,1.1000000000000003,1,0.17818529824816845
3449,19.65,1.1000000000000003,1,0.17809620559904438
3450,20.2,1.05,1,0.17800715749624488
3451,20.1,-19.6,1,0.17791815391749677
3452,20.15,1.9000000000000006,1,0.17782919484053802
3453,20.4,1.4499999999999997,1,0.17774028024311778
3454,20.3,0.6500000000000001,1,0.17765141010299623
3455,20.35,0.9000000000000001,1,0.17756258439794476
3456,20.45,1.2,1,0.1774738031057458
3457,20.1,0.7500000000000002,1,0.17738506620419292
3458,19.9,0.9500000000000003,1,0.17729637367109083
3459,20.1,-19.7,1,0.17720772548425529
3460,20.1,0.25,1,0.17711912162151316
3461,20.2,0.9500000000000002,1,0.17703056206070242
3462,20.1,0.15000000000000002,1,0.17694204677967207
3463,20.15,0.3,1,0.17685357575628224
3464,20.05,2.000000000000001,1,0.17676514896840412
3465,20.3,1.3500000000000003,1,0.17667676639391994
3466,20.0,-18.2,1,0.176588428010723
3467,20.1,0.6500000000000001,1,0.17650013379671764
3468,20.05,0.0,1,0.17641188372981928
3469,20.1,0.15000000000000002,1,0.17632367778795438
3470,20.15,-19.85,1,0.17623551594906042
3471,20.05,-0.1,1,0.1761473981910859
3472,20.15,0.2,1,0.17605932449199038
3473,-10.45,12.05,0,0.17597129482974438
3474,20.25,-19.45,1,0.17588330918232953
3475,20.1,0.15000000000000002,1,0.17579536752773836
3476,19.95,0.10000000000000002,1,0.1757074698439745
3477,20.0,0.6500000000000001,1,0.17561961610905252
3478,20.15,0.2,1,0.17553180630099802
3479,20.15,0.3,1,0.17544404039784753
3480,19.9,0.55,1,0.17535631837764862
3481,19.9,1.8500000000000008,1,0.1752686402184598
3482,20.1,1.1500000000000004,1,0.1751810058983506
3483,-9.85,12.549999999999999,0,0.17509341539540144
3484,20.1,0.5500000000000002,1,0.17500586868770374
3485,20.05,0.0,1,0.1749183657533599
3486,20.3,0.8500000000000001,1,0.17483090657048322
3487,19.95,0.49999999999999994,1,0.174743491117198
3488,20.25,0.9000000000000001,1,0.1746561193716394
3489,20.4,2.6499999999999995,1,0.1745687913119536
3490,19.9,1.1500000000000004,1,0.17448150691629763
3491,20.2,0.45,1,0.17439426616283948
3492,20.1,0.35000000000000003,1,0.17430706902975807
3493,20.1,0.35,1,0.17421991549524318
3494,20.1,0.15000000000000002,1,0.17413280553749558
3495,20.15,-19.55,1,0.17404573913472685
3496,20.3,1.4500000000000002,1,0.1739587162651595
3497,20.0,0.45,1,0.17387173690702692
3498,20.1,-19.9,1,0.1737848010385734
3499,20.15,0.3,1,0.17369790863805412
3500,19.9,0.15000000000000002,1,0.1736110596837351
3501,20.0,0.5500000000000002,1,0.17352425415389325
3502,20.25,0.6000000000000001,1,0.1734374920268163
3503,19.95,-19.55,1,0.1733507732808029
3504,20.15,0.30000000000000004,1,0.1732640978941625
3505,20.1,0.25,1,0.17317746584521543
3506,20.15,0.5000000000000001,1,0.17309087711229282
3507,20.3,1.45,1,0.1730043316737367
3508,20.25,-18.85,1,0.17291782950789983
3509,20.2,-19.3,1,0.17283137059314588
3510,20.15,0.6000000000000001,1,0.1727449549078493
3511,20.2,0.35000000000000003,1,0.1726585824303954
3512,20.15,0.3,1,0.1725722531391802
3513,20.3,0.9500000000000002,1,0.17248596701261062
3514,20.25,0.6000000000000001,1,0.17239972402910433
3515,20.05,0.8000000000000002,1,0.17231352416708978
3516,20.25,1.1000000000000003,1,0.17222736740500624
3517,20.15,0.2,1,0.17214125372130376
3518,20.3,1.4500000000000004,1,0.17205518309444312
3519,19.9,0.55,1,0.1719691555028959
3520,20.15,0.30000000000000004,1,0.17188317092514446
3521,20.1,2.1500000000000004,1,0.1717972293396819
3522,20.1,0.35,1,0.17171133072501205
3523,20.15,2.0999999999999996,1,0.17162547505964956
3524,20.1,0.35,1,0.17153966232211976
3525,20.05,0.5,1,0.17145389249095871
3526,20.25,0.9000000000000001,1,0.17136816554471324
3527,20.2,0.5500000000000002,1,0.1712824814619409
3528,20.15,0.6000000000000001,1,0.17119684022120993
3529,20.0,0.35000000000000003,1,0.17111124180109932
3530,20.15,0.4,1,0.17102568618019878
3531,20.15,0.6000000000000001,1,0.1709401733371087
3532,20.2,1.05,1,0.17085470325044017
3533,20.15,-19.05,1,0.17076927589881497
3534,20.25,1.9999999999999998,1,0.17068389126086556
3535,20.15,0.5000000000000001,1,0.17059854931523513
3536,20.05,0.0,1,0.17051325004057752
3537,20.3,1.6500000000000004,1,0.17042799341555723
3538,20.05,0.6000000000000001,1,0.17034277941884945
3539,20.15,0.8000000000000002,1,0.17025760802914003
3540,19.95,0.39999999999999997,1,0.17017247922512546
3541,20.15,0.2,1,0.1700873929855129
3542,20.15,0.9000000000000001,1,0.17000234928902014
3543,20.2,0.55,1,0.16991734811437564
3544,20.15,0.5,1,0.16983238944031848
3545,19.95,0.39999999999999997,1,0.16974747324559833
3546,20.1,1.7500000000000002,1,0.16966259950897553
3547,20.3,1.6500000000000004,1,0.16957776820922105
3548,20.05,0.10000000000000002,1,0.16949297932511645
3549,20.1,0.35,1,0.1694082328354539
3550,20.3,-18.1,1,0.16932352871903616
3551,-9.45,12.85,0,0.16923886695467666
3552,20.25,0.9000000000000001,1,0.16915424752119934
3553,20.35,1.9,1,0.16906967039743875
3554,20.15,2.3000000000000003,1,0.16898513556224004
3555,20.1,0.25,1,0.16890064299445892
3556,20.05,0.1,1,0.1688161926729617
3557,20.15,1.2000000000000002,1,0.16873178457662522
3558,20.05,0.4,1,0.1686474186843369
3559,19.85,1.0000000000000002,1,0.16856309497499475
3560,20.25,1.0000000000000002,1,0.16847881342750726
3561,20.4,1.3500000000000003,1,0.16839457402079352
3562,20.25,1.4000000000000001,1,0.16831037673378313
3563,20.2,0.7500000000000001,1,0.16822622154541625
3564,20.15,0.5000000000000001,1,0.16814210843464356
3565,19.65,1.3000000000000005,1,0.16805803738042624
3566,20.4,1.1500000000000001,1,0.16797400836173604
3567,20.0,0.35,1,0.16789002135755518
3568,20.05,0.0,1,0.16780607634687641
3569,20.05,0.3,1,0.16772217330870298
3570,20.15,1.2,1,0.16763831222204864
3571,20.0,-19.0,1,0.16755449306593762
3572,19.75,0.7,1,0.16747071581940465
3573,20.1,0.35000000000000003,1,0.16738698046149494
3574,20.4,0.9500000000000002,1,0.1673032869712642
3575,20.1,0.15000000000000002,1,0.1672196353277786
3576,20.05,0.2,1,0.1671360255101147
3577,-10.15,12.15,0,0.16705245749735964
3578,19.95,1.1000000000000003,1,0.16696893126861098
3579,20.35,1.4000000000000001,1,0.16688544680297668
3580,20.3,0.7500000000000001,1,0.1668020040795752
3581,20.1,0.15000000000000002,1,0.16671860307753544
3582,19.8,0.6500000000000002,1,0.16663524377599667
3583,20.05,0.4,1,0.1665519261541087
3584,20.2,0.8500000000000001,1,0.16646865019103163
3585,20.2,-19.6,1,0.16638541586593614
3586,20.15,-19.55,1,0.16630222315800317
3587,20.25,1.2000000000000002,1,0.16621907204642417
3588,20.2,-18.7,1,0.16613596251040097
3589,19.95,0.39999999999999997,1,0.1660528945291458
3590,20.2,1.0500000000000003,1,0.16596986808188122
3591,20.15,0.9000000000000001,1,0.16588688314784028
3592,20.1,0.55,1,0.16580393970626636
3593,20.1,-19.9,1,0.16572103773641325
3594,20.1,0.25,1,0.16563817721754506
3595,20.1,0.35000000000000003,1,0.1655553581289363
3596,19.85,0.6,1,0.16547258044987184
3597,20.2,0.45,1,0.16538984415964691
3598,20.2,0.7500000000000001,1,0.1653071492375671
3599,-9.95,12.45,0,0.1652244956629483
3600,20.05,0.6000000000000001,1,0.16514188341511685
3601,20.0,0.25,1,0.1650593124734093
3602,20.15,0.8000000000000002,1,0.1649767828171726
3603,-10.05,12.25,0,0.16489429442576403
3604,-10.15,12.05,0,0.16481184727855117
3605,20.05,-19.25,1,0.1647294413549119
3606,20.55,1.4999999999999998,1,0.16464707663423447
3607,20.25,0.5000000000000001,1,0.16456475309591737
3608,20.15,0.2,1,0.16448247071936942
3609,20.5,1.6500000000000001,1,0.16440022948400973
3610,20.05,1.0000000000000002,1,0.16431802936926773
3611,20.3,1.1500000000000001,1,0.16423587035458312
3612,20.15,0.7000000000000002,1,0.16415375241940583
3613,20.4,-18.2,1,0.16407167554319613
3614,20.1,0.15000000000000002,1,0.16398963970542454
3615,-9.35,12.95,0,0.16390764488557183
3616,20.05,0.39999999999999997,1,0.16382569106312905
3617,20.45,-18.35,1,0.1637437782175975
3618,20.15,0.5,1,0.1636619063284887
3619,20.25,-18.75,1,0.16358007537532446
3620,20.4,1.45,1,0.1634982853376368
3621,20.25,0.5000000000000001,1,0.163416536194968
3622,20.2,0.45000000000000007,1,0.1633348279268705
3623,20.0,0.05,1,0.1632531605129071
3624,20.15,0.30000000000000004,1,0.16317153393265063
3625,20.1,0.25,1,0.1630899481656843
3626,20.1,0.25,1,0.16300840319160148
3627,20.3,1.05,1,0.16292689899000568
3628,20.3,0.6500000000000001,1,0.16284543554051067
3629,20.05,0.10000000000000002,1,0.16276401282274042
3630,20.25,1.4000000000000004,1,0.16268263081632905
3631,20.0,0.45,1,0.1626012895009209
3632,19.95,0.4,1,0.16251998885617044
3633,20.15,-19.45,1,0.16243872886174238
3634,19.9,0.8500000000000002,1,0.1623575094973115
3635,20.3,2.4499999999999997,1,0.16227633074256287
3636,20.05,-19.25,1,0.1621951925771916
3637,-9.45,12.85,0,0.162114094980903
3638,20.2,0.55,1,0.16203303793341256
3639,20.25,2.3000000000000007,1,0.16195202141444587
3640,20.2,0.45,1,0.16187104540373864
3641,20.15,-19.65,1,0.1617901098810368
3642,20.0,-18.4,1,0.16170921482609626
3643,20.55,1.4999999999999998,1,0.16162836021868324
3644,20.05,0.30000000000000004,1,0.1615475460385739
3645,20.1,0.45000000000000007,1,0.16146677226555464
3646,20.1,0.35,1,0.16138603887942188
3647,20.1,0.15000000000000002,1,0.16130534585998219
3648,20.15,-19.05,1,0.1612246931870522
3649,20.4,1.1500000000000001,1,0.1611440808404587
3650,20.0,0.6500000000000001,1,0.16106350880003847
3651,20.3,-19.3,1,0.16098297704563846
3652,20.1,0.35,1,0.16090248555711564
3653,20.0,0.44999999999999996,1,0.1608220343143371
3654,19.95,0.39999999999999997,1,0.16074162329717992
3655,20.15,0.2,1,0.16066125248553134
3656,20.1,-19.9,1,0.16058092185928857
3657,19.9,2.1500000000000004,1,0.16050063139835893
3658,20.0,0.44999999999999996,1,0.16042038108265977
3659,20.05,0.0,1,0.16034017089211844
3660,20.15,-19.65,1,0.16026000080667238
3661,20.5,-18.1,1,0.16017987080626905
3662,19.95,1.0,1,0.16009978087086593
3663,20.1,0.05,1,0.1600197309804305
3664,20.1,-19.7,1,0.15993972111494031
3665,20.4,1.9500000000000008,1,0.15985975125438284
3666,20.05,0.3,1,0.15977982137875565
3667,20.05,-19.45,1,0.1596999314680663
3668,20.2,2.1500000000000004,1,0.15962008150233228
3669,20.05,0.8000000000000002,1,0.15954027146158112
3670,20.15,0.2,1,0.15946050132585032
3671,20.2,1.45,1,0.15938077107518742
3672,20.25,1.1000000000000003,1,0.15930108068964982
3673,20.2,0.7500000000000002,1,0.159221430149305
3674,20.2,0.35000000000000003,1,0.15914181943423036
3675,20.1,0.8500000000000002,1,0.15906224852451326
3676,20.2,1.35,1,0.158982717400251
3677,20.15,1.7000000000000004,1,0.15890322604155088
3678,20.0,-19.8,1,0.15882377442853013
3679,20.05,-19.75,1,0.15874436254131588
3680,20.1,0.35,1,0.15866499036004522
3681,20.3,1.35,1,0.1585856578648652
3682,20.2,0.8500000000000001,1,0.15850636503593277
3683,20.1,0.55,1,0.15842711185341482
3684,19.95,1.3000000000000005,1,0.15834789829748813
3685,20.0,0.6500000000000002,1,0.15826872434833938
3686,20.05,0.30000000000000004,1,0.15818958998616522
3687,20.05,0.0,1,0.15811049519117215
3688,20.15,1.0000000000000002,1,0.15803143994357657
3689,20.15,0.2,1,0.15795242422360478
3690,19.85,1.1000000000000005,1,0.157873448011493
3691,20.3,1.8500000000000005,1,0.15779451128748725
3692,20.1,0.15000000000000002,1,0.15771561403184353
3693,20.1,-19.3,1,0.15763675622482762
3694,20.35,2.0,1,0.1575579378467152
3695,20.15,-19.75,1,0.15747915887779185
3696,20.05,0.0,1,0.15740041929835297
3697,20.1,0.15000000000000002,1,0.1573217190887038
3698,19.75,0.8000000000000003,1,0.15724305822915946
3699,20.25,2.1,1,0.1571644367000449
3700,20.15,-19.75,1,0.15708585448169488
3701,20.1,-18.5,1,0.15700731155445405
3702,20.15,0.2,1,0.15692880789867683
3703,20.05,-19.05,1,0.1568503434947275
3704,19.95,0.30000000000000004,1,0.15677191832298015
3705,20.15,0.7000000000000002,1,0.15669353236381867
3706,20.25,0.5000000000000001,1,0.15661518559763676
3707,20.1,0.15000000000000002,1,0.15653687800483795
3708,20.0,0.15000000000000002,1,0.15645860956583554
3709,20.15,0.4,1,0.15638038026105264
3710,20.15,0.2,1,0.1563021900709221
3711,20.4,-18.7,1,0.15622403897588666
3712,-9.75,12.55,0,0.15614592695639873
3713,20.15,0.2,1,0.15606785399292053
3714,19.75,1.7000000000000008,1,0.15598982006592407
3715,19.9,0.7500000000000002,1,0.1559118251558911
3716,20.0,1.0500000000000003,1,0.15583386924331316
3717,20.05,0.0,1,0.15575595230869152
3718,20.1,0.45,1,0.1556780743325372
3719,20.3,0.9500000000000002,1,0.15560023529537093
3720,20.2,1.1500000000000001,1,0.15552243517772324
3721,20.15,0.30000000000000004,1,0.1554446739601344
3722,20.1,0.7500000000000001,1,0.15536695162315434
3723,20.2,-19.2,1,0.15528926814734276
3724,20.3,0.7500000000000001,1,0.1552116235132691
3725,20.45,2.2,1,0.15513401770151247
3726,20.0,0.15000000000000002,1,0.15505645069266172
3727,20.1,0.25,1,0.1549789224673154
3728,20.15,0.5,1,0.15490143300608175
3729,20.15,0.2,1,0.15482398228957872
3730,20.35,1.5000000000000002,1,0.15474657029843394
3731,20.15,1.8000000000000005,1,0.15466919701328474
3732,19.9,-19.7,1,0.1545918624147781
3733,20.25,-18.25,1,0.1545145664835707
3734,20.25,1.8000000000000005,1,0.15443730920032891
3735,20.05,0.2,1,0.15436009054572875
3736,20.05,0.2,1,0.1542829105004559
3737,20.1,0.8500000000000002,1,0.15420576904520567
3738,-9.25,12.95,0,0.15412866616068308
3739,20.15,0.6000000000000001,1,0.15405160182760275
3740,20.0,0.8500000000000001,1,0.15397457602668896
3741,20.15,1.3000000000000005,1,0.15389758873867562
3742,19.75,0.7000000000000002,1,0.15382063994430628
3743,-9.95,12.350000000000001,0,0.15374372962433414
3744,20.15,0.3,1,0.15366685775952196
3745,20.55,-17.35,1,0.1535900243306422
3746,20.1,0.15000000000000002,1,0.15351322931847688
3747,20.1,0.35,1,0.15343647270381766
3748,20.15,0.2,1,0.15335975446746575
3749,19.9,0.6500000000000001,1,0.15328307459023202
3750,20.0,-19.8,1,0.1532064330529369
3751,-9.75,12.55,0,0.15312982983641044
3752,20.15,0.3,1,0.15305326492149224
3753,20.05,0.6000000000000001,1,0.1529767382890315
3754,20.0,0.05,1,0.152900249919887
3755,20.15,0.2,1,0.15282379979492705
3756,20.0,0.7500000000000001,1,0.1527473878950296
3757,20.3,2.5499999999999994,1,0.1526710142010821
3758,20.1,0.9500000000000002,1,0.15259467869398155
3759,20.25,0.9000000000000001,1,0.15251838135463458
3760,20.05,0.2,1,0.15244212216395728
3761,20.1,-19.8,1,0.15236590110287532
3762,20.05,0.4000000000000001,1,0.1522897181523239
3763,19.95,1.7000000000000006,1,0.15221357329324775
3764,19.9,0.55,1,0.15213746650660112
3765,20.25,1.3,1,0.15206139777334782
3766,20.05,0.10000000000000002,1,0.15198536707446114
3767,20.25,0.6000000000000001,1,0.15190937439092392
3768,19.85,0.2,1,0.15183341970372846
3769,20.35,1.5000000000000002,1,0.1517575029938766
3770,20.0,0.44999999999999996,1,0.1516816242423797
3771,20.0,0.25,1,0.15160578343025852
3772,20.15,0.2,1,0.15152998053854339
3773,-9.75,12.549999999999999,0,0.15145421554827412
3774,20.55,1.8,1,0.1513784884405
3775,20.65,1.7999999999999996,1,0.15130279919627976
3776,19.9,1.7500000000000002,1,0.15122714779668162
3777,-9.95,12.45,0,0.1511515342227833
3778,20.15,0.7000000000000001,1,0.1510759584556719
3779,20.4,-17.8,1,0.15100042047644407
3780,20.1,-19.5,1,0.15092492026620585
3781,20.65,-17.25,1,0.15084945780607276
3782,19.9,0.35,1,0.15077403307716972
3783,20.05,0.2,1,0.15069864606063113
3784,20.45,1.6000000000000003,1,0.15062329673760083
3785,20.15,0.3,1,0.15054798508923203
3786,20.1,0.35,1,0.15047271109668742
3787,20.45,1.4,1,0.15039747474113907
3788,20.1,0.05,1,0.15032227600376852
3789,20.2,0.8500000000000001,1,0.15024711486576664
3790,20.15,0.9000000000000002,1,0.15017199130833375
3791,20.05,0.2,1,0.1500969053126796
3792,20.1,1.55,1,0.15002185686002328
3793,19.95,1.0000000000000002,1,0.14994684593159327
3794,20.1,0.15000000000000002,1,0.1498718725086275
3795,20.0,1.0500000000000003,1,0.1497969365723732
3796,20.05,0.39999999999999997,1,0.14972203810408702
3797,20.4,2.6499999999999995,1,0.14964717708503497
3798,19.95,0.30000000000000004,1,0.14957235349649245
3799,20.1,0.35,1,0.1494975673197442
3800,20.45,1.4999999999999998,1,0.14942281853608433
3801,20.05,0.2,1,0.1493481071268163
3802,20.15,0.4,1,0.1492734330732529
3803,20.0,0.45000000000000007,1,0.14919879635671626
3804,20.3,1.0500000000000003,1,0.1491241969585379
3805,20.2,-18.6,1,0.14904963486005865
3806,20.3,-19.0,1,0.14897511004262862
3807,20.2,1.1500000000000001,1,0.1489006224876073
3808,20.15,0.2,1,0.1488261721763635
3809,20.1,0.7500000000000001,1,0.14875175909027535
3810,20.05,0.2,1,0.14867738321073024
3811,20.05,0.9000000000000002,1,0.14860304451912487
3812,20.2,0.6500000000000001,1,0.1485287429968653
3813,20.3,1.45,1,0.14845447862536687
3814,20.25,-19.35,1,0.1483802513860542
3815,20.1,2.25,1,0.1483060612603612
3816,20.0,-19.1,1,0.148231908229731
3817,19.9,0.7500000000000002,1,0.14815779227561615
3818,19.95,0.2,1,0.14808371337947834
3819,20.25,-19.45,1,0.1480096715227886
3820,19.7,1.5500000000000007,1,0.1479356666870272
3821,20.1,0.15000000000000002,1,0.1478616988536837
3822,20.7,2.9499999999999984,1,0.14778776800425686
3823,20.1,1.4500000000000006,1,0.14771387412025475
3824,20.05,1.0000000000000002,1,0.14764001718319464
3825,20.1,0.7500000000000001,1,0.14756619717460304
3826,20.15,1.9000000000000008,1,0.14749241407601574
3827,20.05,0.9000000000000002,1,0.14741866786897773
3828,20.25,0.9000000000000002,1,0.14734495853504326
3829,20.35,2.5000000000000004,1,0.14727128605577575
3830,19.55,1.0000000000000002,1,0.14719765041274788
3831,20.55,-17.75,1,0.14712405158754152
3832,20.15,2.3000000000000003,1,0.14705048956174777
3833,-9.55,12.649999999999999,0,0.1469769643169669
3834,20.2,0.6500000000000001,1,0.14690347583480845
3835,20.3,1.65,1,0.14683002409689105
3836,20.1,0.7500000000000001,1,0.14675660908484262
3837,-10.65,11.850000000000001,0,0.1466832307803002
3838,20.1,-18.9,1,0.14660988916491008
3839,20.05,0.4,1,0.14653658422032764
3840,20.25,0.8000000000000002,1,0.14646331592821749
3841,20.6,1.7499999999999998,1,0.14639008427025338
3842,19.95,1.1000000000000003,1,0.14631688922811825
3843,20.05,0.39999999999999997,1,0.1462437307835042
3844,20.05,-19.65,1,0.14617060891811245
3845,20.0,0.25,1,0.1460975236136534
3846,20.1,0.8500000000000003,1,0.14602447485184658
3847,20.15,1.5000000000000004,1,0.14595146261442066
3848,19.95,1.5000000000000004,1,0.14587848688311345
3849,20.1,0.15000000000000002,1,0.1458055476396719
3850,20.05,0.2,1,0.14573264486585208
3851,20.05,0.39999999999999997,1,0.14565977854341916
3852,20.1,0.45,1,0.14558694865414745
3853,20.0,0.8500000000000002,1,0.1455141551798204
3854,20.1,0.25,1,0.14544139810223047
3855,20.0,0.25000000000000006,1,0.14536867740317935
3856,19.9,1.3499999999999999,1,0.14529599306447777
3857,20.15,0.4,1,0.14522334506794554
3858,20.1,-19.1,1,0.14515073339541157
3859,20.0,0.15000000000000002,1,0.14507815802871388
3860,20.15,0.2,1,0.14500561894969952
3861,-9.85,12.45,0,0.14493311614022467
3862,20.15,0.7000000000000001,1,0.14486064958215455
3863,20.25,-18.65,1,0.1447882192573635
3864,20.0,0.45,1,0.14471582514773482
3865,-10.25,12.35,0,0.14464346723516094
3866,20.3,1.7500000000000002,1,0.14457114550154337
3867,20.05,0.2,1,0.1444988599287926
3868,19.95,0.5,1,0.1444266104988282
3869,20.0,0.25,1,0.14435439719357882
3870,20.15,0.2,1,0.14428221999498203
3871,20.2,0.35000000000000003,1,0.14421007888498455
3872,20.35,1.1000000000000003,1,0.14413797384554206
3873,20.1,0.35000000000000003,1,0.14406590485861928
3874,-10.05,12.25,0,0.14399387190618998
3875,20.55,1.4999999999999998,1,0.1439218749702369
3876,20.15,0.3,1,0.1438499140327518
3877,-8.95,13.349999999999998,0,0.14377798907573544
3878,20.4,2.4499999999999997,1,0.14370610008119758
3879,19.9,0.35,1,0.143634247031157
3880,20.05,0.3,1,0.14356242990764143
3881,20.4,-17.6,1,0.1434906486926876
3882,20.3,-18.8,1,0.14341890336834126
3883,20.25,-19.55,1,0.1433471939166571
3884,20.35,0.8000000000000002,1,0.14327552031969878
3885,20.05,1.1000000000000003,1,0.14320388255953895
3886,20.1,1.5500000000000003,1,0.1431322806182592
3887,20.35,2.2,1,0.14306071447795007
3888,20.0,0.6500000000000001,1,0.1429891841207111
3889,20.1,1.4500000000000006,1,0.14291768952865075
3890,20.1,0.35000000000000003,1,0.14284623068388644
3891,20.1,0.35,1,0.1427748075685445
3892,-10.05,12.45,0,0.14270342016476023
3893,20.45,1.3000000000000003,1,0.14263206845467785
3894,20.05,0.6000000000000001,1,0.14256075242045052
3895,20.35,2.0,1,0.1424894720442403
3896,20.2,0.6500000000000001,1,0.1424182273082182
3897,-9.55,12.75,0,0.1423470181945641
3898,20.2,0.45,1,0.14227584468546683
3899,20.15,0.3,1,0.1422047067631241
3900,-9.55,12.649999999999999,0,0.14213360440974254
3901,20.55,1.9999999999999996,1,0.14206253760753768
3902,20.15,2.0999999999999996,1,0.14199150633873392
3903,20.3,1.5500000000000003,1,0.14192051058556457
3904,20.15,0.3,1,0.1418495503302718
3905,20.6,1.8499999999999999,1,0.14177862555510667
3906,20.1,0.25,1,0.14170773624232913
3907,20.2,0.45,1,0.14163688237420796
3908,19.8,-19.5,1,0.14156606393302087
3909,20.1,0.35,1,0.14149528090105437
3910,19.95,0.5,1,0.14142453326060386
3911,20.15,0.8000000000000002,1,0.14135382099397356
3912,20.1,0.35,1,0.1412831440834766
3913,20.0,0.5500000000000002,1,0.14121250251143486
3914,20.0,0.35,1,0.14114189626017914
3915,20.0,1.5500000000000003,1,0.14107132531204905
3916,20.15,0.4,1,0.14100078964939303
3917,20.15,0.3,1,0.14093028925456833
3918,20.05,0.8000000000000002,1,0.14085982410994105
3919,20.1,0.05,1,0.14078939419788608
3920,19.95,0.6000000000000001,1,0.14071899950078715
3921,20.2,0.45000000000000007,1,0.14064864000103677
3922,20.35,2.0,1,0.14057831568103626
3923,20.55,2.099999999999999,1,0.14050802652319574
3924,20.25,0.6000000000000001,1,0.14043777250993417
3925,20.1,0.25,1,0.1403675536236792
3926,20.25,2.1,1,0.14029736984686736
3927,20.15,0.30000000000000004,1,0.14022722116194394
3928,20.1,0.25,1,0.14015710755136299
3929,20.5,1.7499999999999998,1,0.14008702899758732
3930,20.05,-19.25,1,0.14001698548308852
3931,-9.75,12.45,0,0.139946976990347
3932,20.15,-19.55,1,0.13987700350185184
3933,20.1,0.6500000000000001,1,0.13980706500010093
3934,20.3,2.55,1,0.13973716146760087
3935,-9.95,12.25,0,0.13966729288686708
3936,20.15,1.5000000000000007,1,0.13959745924042366
3937,20.2,0.5500000000000002,1,0.13952766051080345
3938,20.25,1.2000000000000004,1,0.13945789668054806
3939,20.05,0.0,1,0.1393881677322078
3940,-9.55,12.75,0,0.1393184736483417
3941,20.1,-19.9,1,0.13924881441151754
3942,20.05,0.0,1,0.13917919000431178
3943,20.15,0.5,1,0.13910960040930964
3944,20.2,1.25,1,0.139040045609105
3945,20.25,0.8000000000000002,1,0.13897052558630044
3946,20.5,-18.4,1,0.13890104032350728
3947,20.2,0.5500000000000002,1,0.13883158980334553
3948,19.95,0.6000000000000001,1,0.13876217400844387
3949,19.95,1.1,1,0.13869279292143966
3950,-9.95,12.45,0,0.13862344652497893
3951,20.1,0.6500000000000001,1,0.13855413480171644
3952,20.05,1.1000000000000003,1,0.1384848577343156
3953,-9.049999999999999,13.25,0,0.13841561530544844
3954,20.0,0.45,1,0.13834640749779573
3955,20.3,1.7500000000000002,1,0.13827723429404684
3956,20.5,2.75,1,0.13820809567689982
3957,20.0,0.25,1,0.13813899162906138
3958,20.25,0.5000000000000001,1,0.13806992213324684
3959,20.2,0.8500000000000002,1,0.13800088717218023
3960,20.15,0.3,1,0.13793188672859416
3961,20.15,-19.45,1,0.13786292078522988
3962,20.35,1.6000000000000003,1,0.13779398932483727
3963,20.3,2.3499999999999988,1,0.13772509233017485
3964,20.05,0.2,1,0.13765622978400976
3965,20.1,0.15000000000000002,1,0.13758740166911776
3966,20.2,0.6500000000000001,1,0.13751860796828322
3967,20.05,-19.75,1,0.13744984866429907
3968,20.15,0.6000000000000001,1,0.13738112373996694
3969,20.15,0.5000000000000001,1,0.13731243317809697
3970,20.1,-19.5,1,0.1372437769615079
3971,20.1,0.45,1,0.13717515507302716
3972,20.25,0.6000000000000001,1,0.13710656749549066
3973,20.15,0.5,1,0.13703801421174291
3974,20.0,0.25,1,0.13696949520463705
3975,20.2,-19.6,1,0.13690101045703473
3976,-9.95,12.35,0,0.1368325599518062
3977,19.9,0.7500000000000003,1,0.13676414367183032
3978,19.9,1.1500000000000004,1,0.13669576159999441
3979,20.05,-19.15,1,0.13662741371919443
3980,20.1,-19.9,1,0.13655910001233484
3981,20.1,0.25,1,0.1364908204623287
3982,20.15,0.7000000000000001,1,0.13642257505209754
3983,20.05,0.6000000000000001,1,0.1363543637645715
3984,20.0,1.3500000000000003,1,0.1362861865826892
3985,20.0,0.25000000000000006,1,0.13621804348939787
3986,20.3,1.2500000000000002,1,0.13614993446765317
3987,20.0,-19.6,1,0.13608185950041934
3988,20.1,0.15000000000000002,1,0.13601381857066913
3989,20.2,1.05,1,0.1359458116613838
3990,20.15,0.2,1,0.13587783875555312
3991,20.0,0.05,1,0.13580989983617536
3992,20.4,1.1500000000000001,1,0.1357419948862573
3993,19.85,0.39999999999999997,1,0.13567412388881417
3994,20.05,0.5,1,0.13560628682686976
3995,20.4,1.3500000000000003,1,0.13553848368345633
3996,20.05,0.2,1,0.13547071444161463
3997,20.2,0.45,1,0.13540297908439383
3998,20.15,0.2,1,0.13533527759485164
3999,20.2,1.1500000000000001,1,0.13526760995605422
4000,20.15,0.3,1,0.1351999761510762
4001,20.05,0.10000000000000002,1,0.13513237616300067
4002,19.9,1.95,1,0.13506480997491918
4003,20.15,-19.75,1,0.13499727756993174
4004,20.15,-19.75,1,0.13492977893114677
4005,20.15,0.7000000000000002,1,0.1348623140416812
4006,20.25,1.1000000000000003,1,0.13479488288466038
4007,20.25,1.1000000000000003,1,0.13472748544321805
4008,20.2,0.8500000000000002,1,0.13466012170049646
4009,20.45,-18.65,1,0.13459279163964621
4010,20.35,1.2,1,0.1345254952438264
4011,20.15,1.5000000000000007,1,0.1344582324962045
4012,-10.55,11.850000000000001,0,0.1343910033799564
4013,20.15,1.0,1,0.13432380787826645
4014,19.95,0.7,1,0.13425664597432732
4015,20.1,0.15000000000000002,1,0.13418951765134016
4016,20.1,0.15000000000000002,1,0.1341224228925145
4017,20.5,1.7499999999999998,1,0.13405536168106824
4018,20.15,0.7000000000000001,1,0.13398833400022772
4019,20.25,1.0,1,0.13392133983322763
4020,20.2,0.35000000000000003,1,0.13385437916331103
4021,19.95,0.5,1,0.13378745197372938
4022,-10.75,11.75,0,0.1337205582477425
4023,20.1,-19.9,1,0.13365369796861865
4024,20.15,0.3,1,0.13358687111963435
4025,20.05,1.0000000000000002,1,0.13352007768407453
4026,20.1,0.15000000000000002,1,0.1334533176452325
4027,19.85,0.49999999999999994,1,0.1333865909864099
4028,20.15,-19.75,1,0.1333198976909167
4029,20.15,1.0,1,0.13325323774207126
4030,20.25,0.6000000000000001,1,0.13318661112320024
4031,20.15,0.6000000000000001,1,0.13312001781763866
4032,20.2,0.45,1,0.13305345780872985
4033,20.2,0.45,1,0.13298693107982548
4034,20.15,-19.85,1,0.13292043761428557
4035,20.3,1.3500000000000003,1,0.13285397739547844
4036,19.9,-19.2,1,0.1327875504067807
4037,20.25,0.6000000000000001,1,0.13272115663157733
4038,19.8,0.55,1,0.13265479605326155
4039,20.1,0.55,1,0.13258846865523494
4040,19.9,0.5499999999999999,1,0.13252217442090733
4041,20.1,0.15000000000000002,1,0.13245591333369688
4042,20.2,0.45,1,0.13238968537703005
4043,20.2,0.45,1,0.13232349053434156
4044,20.3,1.25,1,0.1322573287890744
4045,20.1,1.6500000000000001,1,0.13219120012467986
4046,20.1,0.05,1,0.13212510452461754
4047,20.1,0.25,1,0.13205904197235524
4048,20.55,2.4999999999999987,1,0.13199301245136907
4049,19.85,-19.45,1,0.1319270159451434
4050,20.1,-18.3,1,0.13186105243717083
4051,20.1,0.55,1,0.13179512191095225
4052,20.0,0.7500000000000002,1,0.1317292243499968
4053,20.25,0.8000000000000002,1,0.13166335973782178
4054,20.2,0.35000000000000003,1,0.13159752805795288
4055,20.15,0.3,1,0.13153172929392393
4056,20.35,1.8,1,0.13146596342927697
4057,20.05,0.7000000000000001,1,0.13140023044756233
4058,20.25,0.5000000000000001,1,0.13133453033233855
4059,20.15,0.8000000000000002,1,0.1312688630671724
4060,20.05,0.0,1,0.13120322863563882
4061,20.05,-19.85,1,0.131137627021321
4062,20.2,-19.4,1,0.13107205820781034
4063,20.25,0.5000000000000001,1,0.13100652217870645
4064,20.05,0.2,1,0.1309410189176171
4065,20.1,0.44999999999999996,1,0.13087554840815832
4066,20.1,0.55,1,0.13081011063395426
4067,20.05,0.0,1,0.1307447055786373
4068,20.15,0.8,1,0.130679333225848
4069,20.15,0.5000000000000001,1,0.13061399355923506
4070,20.15,0.3,1,0.13054868656245544
4071,20.15,0.7000000000000002,1,0.13048341221917423
4072,20.2,0.7500000000000001,1,0.13041817051306465
4073,20.15,-19.75,1,0.1303529614278081
4074,20.1,0.25,1,0.13028778494709423
4075,20.15,0.5000000000000001,1,0.1302226410546207
4076,20.3,-19.1,1,0.1301575297340934
4077,20.1,0.65,1,0.13009245096922636
4078,20.1,0.7500000000000002,1,0.13002740474374175
4079,20.05,0.4,1,0.1299623910413699
4080,20.35,1.5000000000000002,1,0.12989740984584922
4081,20.05,0.10000000000000002,1,0.1298324611409263
4082,20.1,1.3500000000000003,1,0.12976754491035586
4083,20.15,0.2,1,0.1297026611379007
4084,20.1,0.25,1,0.12963780980733175
4085,20.45,1.4000000000000001,1,0.1295729909024281
4086,20.2,0.45000000000000007,1,0.12950820440697688
4087,20.6,-18.0,1,0.12944345030477342
4088,20.2,0.45000000000000007,1,0.12937872857962104
4089,20.2,0.5500000000000002,1,0.12931403921533124
4090,20.1,0.25,1,0.12924938219572357
4091,20.25,0.5000000000000001,1,0.1291847575046257
4092,20.1,0.7500000000000001,1,0.1291201651258734
4093,20.05,0.2,1,0.12905560504331048
4094,20.1,0.05,1,0.12899107724078884
4095,20.45,1.9999999999999996,1,0.12892658170216845
4096,20.1,0.15000000000000002,1,0.12886211841131737
4097,20.35,1.3,1,0.12879768735211172
4098,20.65,1.7999999999999996,1,0.12873328850843568
4099,20.2,1.2500000000000002,1,0.12866892186418147
4100,20.45,1.8,1,0.12860458740324937
4101,20.15,0.6000000000000001,1,0.12854028510954776
4102,20.25,1.1000000000000003,1,0.12847601496699299
4103,20.15,0.9000000000000001,1,0.1284117769595095
4104,20.2,0.9500000000000002,1,0.12834757107102976
4105,20.6,1.7499999999999998,1,0.12828339728549426
4106,20.5,-18.3,1,0.12821925558685152
4107,20.7,2.0499999999999994,1,0.1281551459590581
4108,20.05,0.2,1,0.1280910683860786
4109,20.15,0.5,1,0.12802702285188555
4110,20.1,0.15000000000000002,1,0.12796300934045962
4111,20.1,0.5500000000000002,1,0.1278990278357894
4112,20.25,0.6000000000000001,1,0.12783507832187152
4113,20.25,-19.55,1,0.12777116078271059
4114,20.25,-19.15,1,0.12770727520231923
4115,20.1,0.8500000000000002,1,0.12764342156471808
4116,20.05,0.8000000000000002,1,0.12757959985393574
4117,20.15,0.30000000000000004,1,0.12751581005400878
4118,20.15,1.5000000000000002,1,0.12745205214898178
4119,20.1,0.15000000000000002,1,0.1273883261229073
4120,20.2,0.6500000000000001,1,0.12732463195984584
4121,19.95,0.5,1,0.1272609696438659
4122,20.1,0.65,1,0.127197339159044
4123,20.05,0.5,1,0.12713374048946446
4124,20.1,0.15000000000000002,1,0.12707017361921974
4125,20.0,-19.7,1,0.12700663853241015
4126,20.05,0.2,1,0.12694313521314396
4127,20.3,1.1500000000000001,1,0.1268796636455374
4128,20.1,0.15000000000000002,1,0.12681622381371466
4129,20.2,0.35000000000000003,1,0.1267528157018078
4130,20.05,0.6000000000000001,1,0.1266894392939569
4131,20.1,0.35,1,0.12662609457430993
4132,20.15,0.6000000000000001,1,0.12656278152702277
4133,20.95,3.0999999999999983,1,0.12649950013625927
4134,20.1,0.55,1,0.12643625038619113
4135,20.15,-19.15,1,0.12637303226099805
4136,20.2,0.6500000000000001,1,0.12630984574486756
4137,20.2,0.55,1,0.12624669082199513
4138,20.3,0.9500000000000002,1,0.12618356747658413
4139,20.15,-19.75,1,0.12612047569284585
4140,20.1,0.7500000000000001,1,0.12605741545499943
4141,20.5,1.4500000000000004,1,0.12599438674727195
4142,20.2,0.5500000000000002,1,0.12593138955389832
4143,20.0,0.25,1,0.1258684238591214
4144,20.2,0.5500000000000002,1,0.12580548964719185
4145,20.2,0.45,1,0.12574258690236825
4146,20.1,0.15000000000000002,1,0.12567971560891708
4147,20.1,0.15000000000000002,1,0.12561687575111263
4148,20.15,0.4,1,0.1255540673132371
4149,19.95,-18.15,1,0.12549129027958048
4150,20.2,1.05,1,0.1254285446344407
4151,20.5,2.549999999999999,1,0.12536583036212348
4152,20.2,0.45,1,0.12530314744694243
4153,20.15,0.6,1,0.12524049587321898
4154,20.2,0.9500000000000002,1,0.12517787562528238
4155,20.05,1.0000000000000002,1,0.12511528668746974
4156,20.45,1.8,1,0.125052729044126
4157,20.0,0.25,1,0.12499020267960395
4158,20.15,0.2,1,0.12492770757826416
4159,20.1,0.25,1,0.12486524372447504
4160,20.05,1.0000000000000002,1,0.1248028111026128
4161,20.25,0.6000000000000001,1,0.1247404096970615
4162,20.15,-19.05,1,0.12467803949221298
4163,20.35,-19.25,1,0.12461570047246688
4164,20.1,0.35,1,0.12455339262223065
4165,20.25,-18.65,1,0.12449111592591955
4166,20.15,0.6000000000000001,1,0.12442887036795659
4167,20.0,0.35,1,0.12436665593277262
4168,20.25,0.6000000000000001,1,0.12430447260480623
4169,20.25,1.2,1,0.12424232036850384
4170,20.1,0.35,1,0.1241801992083196
4171,20.0,0.25,1,0.12411810910871544
4172,19.9,0.15000000000000002,1,0.1240560500541611
4173,20.15,1.7,1,0.12399402202913402
4174,20.45,-18.75,1,0.12393202501811947
4175,19.9,1.5500000000000003,1,0.12387005900561042
4176,20.2,0.6500000000000001,1,0.12380812397610762
4177,20.25,1.2,1,0.12374621991411958
4178,19.9,0.55,1,0.12368434680416253
4179,20.1,1.3500000000000003,1,0.12362250463076045
4180,20.0,-0.05,1,0.12356069337844508
4181,20.3,1.35,1,0.12349891303175586
4182,20.05,0.39999999999999997,1,0.12343716357524
4183,20.1,0.7500000000000002,1,0.12337544499345239
4184,20.05,0.6000000000000001,1,0.12331375727095567
4185,20.05,0.8000000000000002,1,0.1232521003923202
4186,20.05,0.39999999999999997,1,0.12319047434212405
4187,20.05,0.3,1,0.12312887910495299
4188,20.0,2.05,1,0.12306731466540052
4189,20.15,1.1000000000000003,1,0.12300578100806783
4190,20.1,1.1500000000000004,1,0.12294427811756381
4191,19.95,0.6000000000000001,1,0.12288280597850504
4192,20.1,1.0500000000000003,1,0.12282136457551579
4193,19.9,0.5499999999999999,1,0.12275995389322804
4194,20.15,0.3,1,0.12269857391628143
4195,20.15,1.0000000000000002,1,0.12263722462932329
4196,20.05,0.6000000000000001,1,0.12257590601700864
4197,20.25,0.6000000000000001,1,0.12251461806400014
4198,20.25,1.2,1,0.12245336075496815
4199,20.0,0.25,1,0.12239213407459068
4200,20.1,0.35,1,0.12233093800755339
4201,20.1,0.35,1,0.12226977253854962
4202,20.15,0.30000000000000004,1,0.12220863765228035
4203,20.1,0.35,1,0.12214753333345421
4204,20.0,0.25000000000000006,1,0.12208645956678749
4205,20.35,0.8000000000000002,1,0.1220254163370041
4206,20.15,0.2,1,0.12196440362883561
4207,20.15,0.3,1,0.1219034214270212
4208,20.15,0.3,1,0.12184246971630769
4209,20.15,0.5,1,0.12178154848144954
4210,20.05,1.3000000000000005,1,0.12172065770720882
4211,20.2,0.6500000000000001,1,0.12165979737835522
4212,20.1,0.25,1,0.12159896747966605
4213,20.2,0.35000000000000003,1,0.12153816799592622
4214,20.2,0.35000000000000003,1,0.12147739891192827
4215,20.5,-18.4,1,0.12141666021247231
4216,20.0,0.55,1,0.12135595188236609
4217,20.25,0.5000000000000001,1,0.12129527390642492
4218,20.15,1.5000000000000002,1,0.12123462626947171
4219,20.15,1.2000000000000004,1,0.12117400895633698
4220,20.1,0.7500000000000002,1,0.12111342195185881
4221,-10.85,11.65,0,0.12105286524088289
4222,20.35,1.3,1,0.12099233880826246
4223,20.15,0.3,1,0.12093184263885834
4224,20.1,0.25,1,0.12087137671753892
4225,20.0,0.15000000000000002,1,0.12081094102918016
4226,20.1,0.15000000000000002,1,0.12075053555866558
4227,20.0,0.6500000000000001,1,0.12069016029088625
4228,20.3,1.6500000000000001,1,0.12062981521074082
4229,20.3,1.3500000000000003,1,0.12056950030313546
4230,20.2,0.8500000000000002,1,0.1205092155529839
4231,20.2,0.45,1,0.1204489609452074
4232,20.05,0.10000000000000002,1,0.1203887364647348
4233,20.2,0.45,1,0.12032854209650244
4234,20.25,0.5000000000000001,1,0.1202683778254542
4235,20.05,0.4,1,0.12020824363654148
4236,20.3,0.9500000000000002,1,0.12014813951472321
4237,19.95,1.5000000000000002,1,0.12008806544496585
4238,20.4,1.45,1,0.12002802141224338
4239,20.8,2.349999999999999,1,0.11996800740153726
4240,20.7,2.349999999999999,1,0.1199080233978365
4241,20.15,0.3,1,0.1198480693861376
4242,20.05,-19.65,1,0.11978814535144454
4243,20.1,0.55,1,0.11972825127876882
4244,20.15,0.6000000000000001,1,0.11966838715312944
4245,20.1,-19.5,1,0.11960855295955289
4246,20.05,0.5000000000000001,1,0.11954874868307312
4247,20.1,0.55,1,0.1194889743087316
4248,20.1,0.35,1,0.11942922982157723
4249,20.1,1.1500000000000001,1,0.11936951520666646
4250,20.05,0.2,1,0.11930983044906313
4251,20.15,1.2,1,0.1192501755338386
4252,20.15,0.5,1,0.11919055044607169
4253,20.1,0.6500000000000001,1,0.11913095517084865
4254,20.15,-19.25,1,0.11907138969326324
4255,20.15,0.7000000000000001,1,0.11901185399841661
4256,20.2,0.55,1,0.11895234807141741
4257,20.5,1.4500000000000002,1,0.11889287189738171
4258,20.1,0.15000000000000002,1,0.11883342546143302
4259,20.2,0.45,1,0.11877400874870231
4260,20.15,0.30000000000000004,1,0.11871462174432797
4261,20.1,0.15000000000000002,1,0.11865526443345581
4262,20.25,0.5000000000000001,1,0.11859593680123909
4263,20.15,-19.75,1,0.11853663883283848
4264,20.1,0.7500000000000001,1,0.11847737051342207
4265,20.1,0.15000000000000002,1,0.11841813182816537
4266,20.05,-19.75,1,0.1183589227622513
4267,20.1,0.15000000000000002,1,0.11829974330087017
4268,20.35,1.2,1,0.11824059342921975
4269,20.2,0.45000000000000007,1,0.11818147313250514
4270,20.15,0.3,1,0.11812238239593889
4271,20.05,0.39999999999999997,1,0.11806332120474093
4272,20.15,0.6000000000000001,1,0.11800428954413857
4273,20.2,0.9500000000000002,1,0.11794528739936651
4274,20.1,-19.5,1,0.11788631475566683
4275,20.35,1.1000000000000003,1,0.117827371598289
4276,20.3,1.7500000000000002,1,0.11776845791248987
4277,20.2,0.6500000000000001,1,0.11770957368353363
4278,20.15,0.7000000000000001,1,0.11765071889669187
4279,20.7,2.4499999999999993,1,0.11759189353724353
4280,20.1,0.15000000000000002,1,0.11753309759047491
4281,20.35,-18.85,1,0.11747433104167967
4282,20.15,0.3,1,0.11741559387615884
4283,20.1,0.25,1,0.11735688607922076
4284,20.25,1.0000000000000002,1,0.11729820763618116
4285,20.05,0.9000000000000001,1,0.11723955853236308
4286,20.0,-19.8,1,0.1171809387530969
4287,20.05,0.2,1,0.11712234828372035
4288,20.1,0.9500000000000002,1,0.1170637871095785
4289,20.1,0.35,1,0.11700525521602372
4290,20.2,0.45,1,0.1169467525884157
4291,20.4,1.4500000000000002,1,0.1168882792121215
4292,20.1,0.35,1,0.11682983507251544
4293,-9.95,12.35,0,0.1167714201549792
4294,20.2,0.45,1,0.11671303444490172
4295,-9.049999999999999,13.149999999999999,0,0.11665467792767928
4296,20.1,0.15000000000000002,1,0.11659635058871544
4297,20.3,1.3500000000000005,1,0.11653805241342109
4298,20.05,0.4,1,0.11647978338721439
4299,20.05,0.10000000000000002,1,0.1164215434955208
4300,20.65,2.3999999999999995,1,0.11636333272377304
4301,20.15,0.3,1,0.11630515105741115
4302,20.15,0.6000000000000001,1,0.11624699848188245
4303,20.1,0.25,1,0.11618887498264152
4304,20.1,0.15000000000000002,1,0.1161307805451502
4305,20.2,0.45,1,0.11607271515487763
4306,20.2,0.6500000000000001,1,0.1160146787973002
4307,20.3,0.7500000000000001,1,0.11595667145790155
4308,20.15,0.2,1,0.1158986931221726
4309,20.1,0.6500000000000001,1,0.11584074377561153
4310,20.0,0.44999999999999996,1,0.11578282340372373
4311,20.1,0.35000000000000003,1,0.11572493199202187
4312,20.15,0.9000000000000002,1,0.11566706952602586
4313,19.9,0.15000000000000002,1,0.11560923599126285
4314,20.3,0.7500000000000001,1,0.11555143137326723
4315,20.4,1.4500000000000004,1,0.1154936556575806
4316,20.1,0.15000000000000002,1,0.11543590882975181
4317,20.2,0.8500000000000002,1,0.11537819087533695
4318,-9.35,12.85,0,0.11532050177989929
4319,19.95,0.5,1,0.11526284152900934
4320,20.0,0.25,1,0.11520521010824485
4321,20.2,0.45,1,0.11514760750319072
4322,20.15,-19.75,1,0.11509003369943914
4323,20.15,0.6000000000000001,1,0.11503248868258943
4324,20.15,0.8000000000000002,1,0.11497497243824814
4325,20.1,0.35000000000000003,1,0.11491748495202903
4326,20.2,0.45000000000000007,1,0.11486002620955302
4327,20.25,1.1000000000000003,1,0.11480259619644825
4328,20.0,0.44999999999999996,1,0.11474519489835004
4329,20.25,1.4000000000000001,1,0.11468782230090087
4330,20.15,0.2,1,0.11463047838975042
4331,20.15,0.3,1,0.11457316315055555
4332,20.1,0.35,1,0.11451587656898027
4333,20.0,0.65,1,0.11445861863069579
4334,-10.85,11.55,0,0.11440138932138044
4335,20.05,1.0,1,0.11434418862671976
4336,20.0,0.8500000000000002,1,0.1142870165324064
4337,20.4,1.1500000000000001,1,0.1142298730241402
4338,20.3,0.7500000000000001,1,0.11417275808762814
4339,20.1,0.25,1,0.11411567170858433
4340,19.8,1.45,1,0.11405861387273004
4341,20.3,0.9500000000000002,1,0.11400158456579368
4342,20.15,1.1,1,0.11394458377351079
4343,20.1,0.25,1,0.11388761148162403
4344,20.15,0.6000000000000001,1,0.11383066767588322
4345,19.8,0.9500000000000001,1,0.11377375234204529
4346,20.35,1.4000000000000001,1,0.11371686546587427
4347,20.15,1.3000000000000003,1,0.11366000703314134
4348,20.45,2.1999999999999997,1,0.11360317702962477
4349,20.2,1.05,1,0.11354637544110997
4350,20.0,0.7500000000000002,1,0.11348960225338943
4351,20.3,0.9500000000000002,1,0.11343285745226274
4352,20.0,0.8500000000000001,1,0.11337614102353662
4353,20.2,0.45000000000000007,1,0.11331945295302485
4354,20.3,0.7500000000000001,1,0.11326279322654835
4355,20.2,0.9500000000000002,1,0.11320616182993508
4356,20.05,0.2,1,0.11314955874902012
4357,20.0,0.44999999999999996,1,0.11309298396964562
4358,19.95,0.8000000000000002,1,0.1130364374776608
4359,20.1,0.25,1,0.11297991925892198
4360,20.0,0.05,1,0.11292342929929253
4361,20.15,0.8000000000000002,1,0.11286696758464289
4362,20.2,1.0500000000000003,1,0.11281053410085057
4363,20.15,0.7000000000000001,1,0.11275412883380015
4364,20.15,0.9000000000000001,1,0.11269775176938325
4365,20.15,0.3,1,0.11264140289349857
4366,20.15,0.2,1,0.11258508219205182
4367,20.1,0.15000000000000002,1,0.11252878965095581
4368,20.3,1.4500000000000004,1,0.11247252525613033
4369,20.15,0.5000000000000001,1,0.11241628899350227
4370,20.05,0.6000000000000001,1,0.11236008084900552
4371,20.05,0.10000000000000002,1,0.11230390080858102
4372,20.35,1.7,1,0.11224774885817673
4373,20.1,0.25,1,0.11219162498374766
4374,20.2,0.45,1,0.11213552917125579
4375,20.55,2.0999999999999996,1,0.11207946140667016
4376,20.15,1.1000000000000003,1,0.11202342167596684
4377,20.1,0.35000000000000003,1,0.11196740996512886
4378,20.15,-19.85,1,0.1119114262601463
4379,20.4,0.9500000000000002,1,0.11185547054701624
4380,20.2,0.9500000000000002,1,0.11179954281174273
4381,19.95,0.3,1,0.11174364304033686
4382,20.0,0.45,1,0.1116877712188167
4383,20.2,-19.6,1,0.1116319273332073
4384,20.2,-19.5,1,0.11157611136954071
4385,20.2,0.45,1,0.11152032331385595
4386,20.35,1.7000000000000004,1,0.11146456315219902
4387,20.25,1.1000000000000003,1,0.11140883087062292
4388,20.15,0.2,1,0.11135312645518762
4389,20.1,-19.8,1,0.11129744989196003
4390,20.15,0.2,1,0.11124180116701406
4391,20.3,1.2500000000000002,1,0.11118618026643055
4392,20.1,0.15000000000000002,1,0.11113058717629734
4393,20.3,1.05,1,0.1110750218827092
4394,20.3,0.7500000000000001,1,0.11101948437176784
4395,20.05,-18.85,1,0.11096397462958196
4396,20.4,2.6499999999999995,1,0.11090849264226718
4397,20.1,0.35,1,0.11085303839594605
4398,20.1,0.15000000000000002,1,0.11079761187674808
4399,20.35,-18.85,1,0.11074221307080971
4400,20.15,-19.75,1,0.11068684196427431
4401,-10.65,11.75,0,0.11063149854329217
4402,20.2,0.55,1,0.11057618279402052
4403,20.15,0.2,1,0.11052089470262352
4404,20.35,1.4000000000000001,1,0.11046563425527221
4405,20.1,1.05,1,0.11041040143814458
4406,20.1,0.15000000000000002,1,0.11035519623742551
4407,20.35,0.9000000000000001,1,0.1103000186393068
4408,20.35,1.3,1,0.11024486862998716
4409,20.1,0.05,1,0.11018974619567216
4410,20.1,0.15000000000000002,1,0.11013465132257433
4411,20.0,0.44999999999999996,1,0.11007958399691305
4412,20.15,0.2,1,0.1100245442049146
4413,20.0,0.45,1,0.10996953193281216
4414,20.4,1.55,1,0.10991454716684576
4415,20.1,0.8500000000000002,1,0.10985958989326235
4416,20.2,0.5500000000000002,1,0.10980466009831572
4417,20.2,0.45,1,0.10974975776826656
4418,-8.85,13.349999999999998,0,0.10969488288938244
4419,20.2,0.8500000000000002,1,0.10964003544793775
4420,20.4,1.05,1,0.1095852154302138
4421,20.3,0.7500000000000001,1,0.1095304228224987
4422,20.15,0.3,1,0.10947565761108745
4423,19.8,1.2500000000000004,1,0.10942091978228191
4424,20.45,1.4000000000000001,1,0.10936620932239077
4425,20.3,1.05,1,0.10931152621772958
4426,20.2,0.55,1,0.10925687045462072
4427,19.85,0.39999999999999997,1,0.10920224201939342
4428,20.05,0.6000000000000001,1,0.10914764089838373
4429,20.05,0.8000000000000002,1,0.10909306707793455
4430,20.35,0.9000000000000001,1,0.10903852054439558
4431,20.3,0.8500000000000002,1,0.10898400128412339
4432,20.15,0.30000000000000004,1,0.10892950928348133
4433,20.15,-19.55,1,0.1088750445288396
4434,20.0,0.44999999999999996,1,0.10882060700657518
4435,20.25,0.9000000000000001,1,0.1087661967030719
4436,20.0,0.55,1,0.10871181360472038
4437,20.3,1.3500000000000003,1,0.10865745769791803
4438,20.1,0.55,1,0.10860312896906907
4439,20.15,0.7000000000000001,1,0.10854882740458453
4440,20.25,0.6000000000000001,1,0.10849455299088225
4441,20.8,-17.5,1,0.10844030571438681
4442,20.0,0.05,1,0.10838608556152962
4443,20.1,0.7500000000000001,1,0.10833189251874886
4444,20.1,0.55,1,0.10827772657248949
4445,20.35,1.9000000000000001,1,0.10822358770920325
4446,20.2,1.25,1,0.10816947591534866
4447,19.95,0.7000000000000002,1,0.108115391177391
4448,20.05,0.3,1,0.1080613334818023
4449,20.1,0.25,1,0.1080073028150614
4450,20.15,-19.35,1,0.10795329916365388
4451,20.1,-19.7,1,0.10789932251407207
4452,20.1,0.15000000000000002,1,0.10784537285281504
4453,20.1,0.25,1,0.10779145016638864
4454,20.05,0.0,1,0.10773755444130545
4455,20.15,0.3,1,0.1076836856640848
4456,20.1,0.15000000000000002,1,0.10762984382125276
4457,20.05,-19.75,1,0.10757602889934215
4458,20.1,0.15000000000000002,1,0.10752224088489248
4459,20.2,0.45,1,0.10746847976445004
4460,20.05,0.39999999999999997,1,0.10741474552456781
4461,20.55,2.2999999999999994,1,0.10736103815180553
4462,20.3,0.9500000000000002,1,0.10730735763272964
4463,19.95,0.9000000000000001,1,0.10725370395391327
4464,19.7,0.44999999999999996,1,0.10720007710193633
4465,20.1,0.15000000000000002,1,0.10714647706338536
4466,20.05,0.4,1,0.10709290382485367
4467,20.25,1.0000000000000002,1,0.10703935737294125
4468,20.05,0.2,1,0.10698583769425478
4469,20.1,0.15000000000000002,1,0.10693234477540765
4470,20.1,0.55,1,0.10687887860301995
4471,20.4,1.3499999999999999,1,0.10682543916371845
4472,20.15,0.3,1,0.1067720264441366
4473,20.3,-18.8,1,0.10671864043091453
4474,20.2,0.55,1,0.10666528111069908
4475,20.15,0.4,1,0.10661194847014373
4476,20.1,0.15000000000000002,1,0.10655864249590866
4477,20.15,0.2,1,0.10650536317466071
4478,20.05,0.0,1,0.10645211049307339
4479,20.1,0.15000000000000002,1,0.10639888443782686
4480,20.1,0.55,1,0.10634568499560795
4481,20.15,0.2,1,0.10629251215311016
4482,20.2,1.05,1,0.1062393658970336
4483,20.15,0.6000000000000002,1,0.1061862462140851
4484,20.4,-18.8,1,0.10613315309097805
4485,20.15,0.5,1,0.10608008651443257
4486,19.9,0.35,1,0.10602704647117536
4487,20.05,0.2,1,0.10597403294793978
4488,20.1,-19.8,1,0.10592104593146581
4489,20.15,0.6000000000000001,1,0.10586808540850008
4490,20.1,0.55,1,0.10581515136579583
4491,20.1,0.35,1,0.10576224379011294
4492,20.5,1.55,1,0.10570936266821788
4493,20.25,1.2,1,0.10565650798688378
4494,20.4,2.1499999999999995,1,0.10560367973289034
4495,20.25,0.6000000000000001,1,0.10555087789302389
4496,20.1,0.35,1,0.10549810245407738
4497,20.3,0.7500000000000001,1,0.10544535340285036
4498,20.35,1.3,1,0.10539263072614893
4499,20.15,0.30000000000000004,1,0.10533993441078586
4500,20.2,0.6500000000000001,1,0.10528726444358047
4501,19.9,0.6500000000000001,1,0.10523462081135869
4502,20.1,0.35,1,0.10518200350095301
4503,20.15,-19.55,1,0.10512941249920255
4504,20.15,0.3,1,0.10507684779295295
4505,20.1,0.25,1,0.10502430936905649
4506,20.1,0.35,1,0.10497179721437197
4507,20.15,0.6000000000000001,1,0.10491931131576479
4508,20.25,0.6000000000000001,1,0.10486685166010691
4509,20.05,0.1,1,0.10481441823427687
4510,20.3,1.05,1,0.10476201102515974
4511,20.15,1.1000000000000003,1,0.10470963001964716
4512,20.1,0.35,1,0.10465727520463734
4513,20.05,0.4,1,0.10460494656703503
4514,20.7,2.1499999999999995,1,0.10455264409375152
4515,20.2,-19.5,1,0.10450036777170466
4516,20.05,-19.65,1,0.10444811758781881
4517,20.35,1.9999999999999998,1,0.10439589352902491
4518,20.25,0.6000000000000001,1,0.1043436955822604
4519,20.3,1.05,1,0.10429152373446929
4520,19.95,0.10000000000000002,1,0.10423937797260206
4521,20.05,0.3,1,0.10418725828361576
4522,20.0,0.15000000000000002,1,0.10413516465447396
4523,20.4,1.05,1,0.10408309707214673
4524,20.1,0.35000000000000003,1,0.10403105552361067
4525,20.25,1.1000000000000003,1,0.10397903999584887
4526,20.1,0.35,1,0.10392705047585095
4527,20.4,1.6499999999999997,1,0.10387508695061302
4528,20.3,0.9500000000000002,1,0.10382314940713773
4529,-9.45,12.849999999999998,0,0.10377123783243417
4530,20.0,0.7500000000000001,1,0.10371935221351795
4531,20.15,-19.55,1,0.1036674925374112
4532,20.05,0.2,1,0.1036156587911425
4533,20.15,0.3,1,0.10356385096174693
4534,20.15,0.9000000000000001,1,0.10351206903626606
4535,20.35,2.2999999999999994,1,0.10346031300174793
4536,20.1,0.55,1,0.10340858284524707
4537,20.15,0.7000000000000002,1,0.10335687855382444
4538,20.1,0.45,1,0.10330520011454754
4539,19.95,0.7000000000000002,1,0.10325354751449027
4540,20.2,1.05,1,0.10320192074073303
4541,20.15,-19.75,1,0.10315031978036267
4542,20.1,0.35,1,0.10309874462047249
4543,20.2,0.45,1,0.10304719524816225
4544,20.25,0.5000000000000001,1,0.10299567165053818
4545,20.05,0.10000000000000002,1,0.10294417381471291
4546,20.2,0.55,1,0.10289270172780556
4547,20.25,0.9000000000000002,1,0.10284125537694165
4548,20.4,1.3500000000000005,1,0.10278983474925318
4549,20.15,0.2,1,0.10273843983187857
4550,20.15,0.8000000000000002,1,0.10268707061196264
4551,20.1,0.15000000000000002,1,0.10263572707665666
4552,20.2,0.45,1,0.10258440921311834
4553,20.15,0.30000000000000004,1,0.1025331170085118
4554,20.2,0.8500000000000002,1,0.10248185045000754
4555,20.15,0.3,1,0.10243060952478254
4556,20.3,1.1500000000000001,1,0.10237939422002015
4557,20.15,0.7000000000000001,1,0.10232820452291015
4558,20.2,-19.7,1,0.1022770404206487
4559,20.1,-19.8,1,0.10222590190043837
4560,-9.15,13.149999999999999,0,0.10217478894948816
4561,20.35,1.8,1,0.10212370155501342
4562,20.25,0.5000000000000001,1,0.10207263970423593
4563,20.25,0.5000000000000001,1,0.10202160338438382
4564,20.05,0.39999999999999997,1,0.10197059258269163
4565,20.05,0.4000000000000001,1,0.10191960728640029
4566,20.05,0.9000000000000001,1,0.10186864748275709
4567,20.15,0.2,1,0.10181771315901572
4568,20.1,-20.0,1,0.10176680430243622
4569,20.3,1.8500000000000003,1,0.101715920900285
4570,20.15,0.2,1,0.10166506293983486
4571,20.1,0.25,1,0.10161423040836495
4572,20.1,0.7500000000000001,1,0.10156342329316077
4573,20.35,1.3,1,0.1015126415815142
4574,20.45,1.5999999999999999,1,0.10146188526072344
4575,20.8,2.649999999999999,1,0.10141115431809308
4576,20.15,0.6000000000000002,1,0.10136044874093404
4577,-8.75,13.45,0,0.10130976851656358
4578,20.15,0.6000000000000001,1,0.1012591136323053
4579,20.8,2.649999999999999,1,0.10120848407548916
4580,20.2,0.45000000000000007,1,0.10115787983345143
4581,20.1,0.45,1,0.1011073008935347
4582,20.2,2.35,1,0.10105674724308794
4583,20.1,0.25,1,0.1010062188694664
4584,20.1,0.6500000000000002,1,0.10095571576003166
4585,20.4,1.6500000000000001,1,0.10090523790215165
4586,20.35,1.6,1,0.10085478528320059
4587,20.05,0.0,1,0.100804357890559
4588,20.15,-19.65,1,0.10075395571161372
4589,20.2,0.45,1,0.10070357873375792
4590,20.1,0.25,1,0.10065322694439105
4591,20.15,0.5000000000000001,1,0.10060290033091886
4592,20.15,0.5000000000000001,1,0.10055259888075341
4593,20.1,0.45,1,0.10050232258131303
4594,20.25,0.7000000000000001,1,0.10045207142002238
4595,20.5,1.55,1,0.10040184538431238
4596,20.15,0.3,1,0.10035164446162023
4597,20.05,0.3,1,0.10030146863938942
4598,20.2,0.9500000000000002,1,0.10025131790506973
4599,20.3,0.8500000000000002,1,0.1002011922461172
4600,20.15,0.3,1,0.10015109164999415
4601,20.05,0.8000000000000002,1,0.10010101610416916
4602,20.15,0.6000000000000001,1,0.10005096559611708
4603,20.15,0.4,1,0.10000094011331903
4604,20.2,0.45,1,0.09995093964326238
4605,20.1,0.25,1,0.09990096417344076
4606,20.0,0.45,1,0.09985101369135405
4607,20.3,1.05,1,0.09980108818450838
4608,20.3,0.6500000000000001,1,0.09975118764041613
4609,20.15,1.0000000000000002,1,0.09970131204659592
4610,20.1,0.35,1,0.09965146139057263
4611,20.0,0.25,1,0.09960163565987734
4612,20.15,0.7000000000000001,1,0.09955183484204741
4613,20.15,0.3,1,0.0995020589246264
4614,20.45,1.1000000000000003,1,0.09945230789516409
4615,20.05,0.8000000000000002,1,0.09940258174121651
4616,20.1,0.35,1,0.0993528804503459
4617,20.05,0.39999999999999997,1,0.09930320401012073
4618,20.1,0.15000000000000002,1,0.09925355240811568
4619,20.15,0.5,1,0.09920392563191162
4620,20.2,0.8500000000000001,1,0.09915432366909567
4621,20.25,0.6000000000000001,1,0.09910474650726113
4622,20.35,2.0000000000000004,1,0.0990551941340075
4623,20.1,0.05,1,0.0990056665369405
4624,20.25,1.1000000000000003,1,0.09895616370367204
4625,20.1,0.15000000000000002,1,0.0989066856218202
4626,20.15,0.3,1,0.09885723227900929
4627,20.3,0.7500000000000001,1,0.09880780366286979
4628,20.1,0.35,1,0.09875839976103835
4629,20.1,0.8500000000000002,1,0.09870902056115784
4630,20.1,0.35,1,0.09865966605087727
4631,20.15,0.7000000000000001,1,0.09861033621785184
4632,20.15,1.6000000000000003,1,0.09856103104974293
4633,20.8,2.249999999999999,1,0.09851175053421805
4634,20.2,0.6500000000000001,1,0.09846249465895095
4635,20.7,-17.8,1,0.09841326341162147
4636,20.2,0.45,1,0.09836405677991567
4637,20.15,0.3,1,0.09831487475152571
4638,20.15,0.3,1,0.09826571731414996
4639,20.0,0.25,1,0.09821658445549289
4640,19.95,0.7000000000000002,1,0.09816747616326515
4641,19.85,1.3000000000000003,1,0.09811839242518353
4642,-9.049999999999999,13.249999999999998,0,0.09806933322897093
4643,20.15,0.3,1,0.09802029856235646
4644,20.1,0.15000000000000002,1,0.09797128841307529
4645,-11.05,11.450000000000001,0,0.09792230276886875
4646,20.25,1.2,1,0.09787334161748432
4647,20.15,0.3,1,0.09782440494667557
4648,20.1,0.35,1,0.09777549274420225
4649,20.25,0.6000000000000001,1,0.09772660499783015
4650,20.7,2.1499999999999995,1,0.09767774169533124
4651,20.25,0.6000000000000001,1,0.09762890282448358
4652,20.1,0.45,1,0.09758008837307135
4653,20.7,-18.2,1,0.09753129832888481
4654,20.2,0.6500000000000001,1,0.09748253267972037
4655,20.6,2.05,1,0.09743379141338052
4656,20.2,0.55,1,0.09738507451767384
4657,20.6,2.249999999999999,1,0.097336381980415
4658,20.1,0.35,1,0.0972877137894248
4659,20.15,1.1000000000000003,1,0.09723906993253009
4660,20.15,0.3,1,0.09719045039756383
4661,20.1,1.7500000000000002,1,0.09714185517236505
4662,20.1,0.15000000000000002,1,0.09709328424477888
4663,20.15,0.3,1,0.0970447376026565
4664,20.0,0.44999999999999996,1,0.09699621523385518
4665,20.2,1.3500000000000005,1,0.09694771712623826
4666,20.25,-19.15,1,0.09689924326767514
4667,20.1,0.25,1,0.09685079364604131
4668,19.8,1.0500000000000005,1,0.0968023682492183
4669,19.95,0.30000000000000004,1,0.09675396706509369
4670,20.2,1.2500000000000002,1,0.09670559008156115
4671,20.2,0.45,1,0.09665723728652038
4672,20.2,1.3499999999999999,1,0.09660890866787714
4673,20.1,1.2500000000000002,1,0.0965606042135432
4674,20.15,0.3,1,0.09651232391143644
4675,20.25,1.1000000000000003,1,0.09646406774948073
4676,20.05,0.0,1,0.096415835715606
4677,20.25,0.8000000000000002,1,0.0963676277977482
4678,20.1,-19.7,1,0.09631944398384933
4679,20.2,0.55,1,0.09627128426185741
4680,20.2,0.55,1,0.09622314861972649
4681,20.45,1.4000000000000001,1,0.09617503704541663
4682,20.2,1.1500000000000001,1,0.09612694952689393
4683,20.1,0.8500000000000002,1,0.0960788860521305
4684,20.25,1.5999999999999999,1,0.09603084660910444
4685,20.4,1.1500000000000001,1,0.0959828311857999
4686,20.25,1.5,1,0.095934839770207
4687,20.2,0.35000000000000003,1,0.09588687235032191
4688,20.15,1.1,1,0.09583892891414675
4689,20.4,2.2499999999999996,1,0.09579100944968968
4690,20.4,1.3500000000000003,1,0.09574311394496485
4691,20.2,0.6500000000000001,1,0.09569524238799237
4692,20.1,0.5500000000000002,1,0.09564739476679839
4693,20.05,0.3,1,0.095599571069415
4694,20.3,0.7500000000000001,1,0.09555177128388029
4695,20.25,0.6000000000000001,1,0.09550399539823835
4696,20.1,0.55,1,0.09545624340053924
4697,20.05,-19.85,1,0.09540851527883898
4698,20.2,0.7500000000000001,1,0.09536081102119956
4699,-8.85,13.45,0,0.09531313061568897
4700,20.0,0.15000000000000002,1,0.09526547405038113
4701,20.2,0.8500000000000002,1,0.09521784131335595
4702,20.25,1.8000000000000003,1,0.09517023239269928
4703,20.25,0.7000000000000002,1,0.09512264727650294
4704,20.25,0.6000000000000001,1,0.0950750859528647
4705,20.05,0.4,1,0.09502754840988827
4706,20.45,1.4000000000000001,1,0.09498003463568333
4707,20.05,0.3,1,0.09493254461836549
4708,20.3,1.05,1,0.09488507834605632
4709,20.15,0.4,1,0.0948376358068833
4710,20.15,0.3,1,0.09479021698897987
4711,20.05,0.5,1,0.09474282188048538
4712,19.95,0.10000000000000002,1,0.09469545046954515
4713,20.05,0.3,1,0.09464810274431039
4714,20.1,0.25,1,0.09460077869293824
4715,20.25,1.3000000000000003,1,0.09455347830359179
4716,20.35,1.9000000000000001,1,0.09450620156443999
4717,20.05,0.2,1,0.09445894846365778
4718,19.8,1.3500000000000005,1,0.09441171898942595
4719,20.25,0.9000000000000001,1,0.09436451312993124
4720,20.2,-19.7,1,0.09431733087336629
4721,20.55,1.9999999999999993,1,0.0942701722079296
4722,20.2,0.55,1,0.09422303712182564
4723,20.15,0.2,1,0.09417592560326474
4724,20.15,0.3,1,0.0941288376404631
4725,20.25,0.5000000000000001,1,0.09408177322164288
4726,20.2,0.45,1,0.09403473233503207
4727,20.15,0.5,1,0.09398771496886456
4728,20.2,1.05,1,0.09394072111138013
4729,20.25,0.5000000000000001,1,0.09389375075082444
4730,20.8,2.7499999999999987,1,0.09384680387544904
4731,20.1,0.15000000000000002,1,0.09379988047351132
4732,20.15,0.7000000000000002,1,0.09375298053327456
4733,20.25,0.5000000000000001,1,0.09370610404300793
4734,20.25,0.5000000000000001,1,0.09365925099098643
4735,20.2,0.45,1,0.09361242136549094
4736,20.3,1.05,1,0.0935656151548082
4737,20.25,1.2,1,0.0935188323472308
4738,20.2,0.45000000000000007,1,0.09347207293105718
4739,20.2,0.45,1,0.09342533689459166
4740,20.15,0.30000000000000004,1,0.09337862422614437
4741,20.15,0.6,1,0.09333193491403131
4742,20.05,0.10000000000000002,1,0.09328526894657431
4743,20.1,0.9500000000000002,1,0.09323862631210103
4744,20.85,2.2999999999999994,1,0.09319200699894499
4745,20.0,0.35,1,0.09314541099544553
4746,20.15,0.3,1,0.0930988382899478
4747,20.25,1.2,1,0.09305228887080283
4748,20.2,0.8500000000000002,1,0.09300576272636743
4749,20.2,0.45,1,0.09295925984500425
4750,20.1,0.15000000000000002,1,0.09291278021508176
4751,20.15,1.0000000000000002,1,0.09286632382497423
4752,20.2,0.9500000000000003,1,0.09281989066306175
4753,20.25,0.5000000000000001,1,0.09277348071773021
4754,20.2,1.0500000000000003,1,0.09272709397737135
4755,20.05,0.0,1,0.09268073043038266
4756,20.2,0.9500000000000002,1,0.09263439006516748
4757,20.05,0.2,1,0.0925880728701349
4758,20.2,0.55,1,0.09254177883369984
4759,-8.85,13.349999999999998,0,0.09249550794428299
4760,20.15,0.4,1,0.09244926019031086
4761,20.4,0.9500000000000002,1,0.0924030355602157
4762,20.15,0.9000000000000001,1,0.0923568340424356
4763,20.15,0.5000000000000001,1,0.09231065562541438
4764,20.15,0.3,1,0.09226450029760168
4765,20.15,0.3,1,0.09221836804745288
4766,20.15,0.4,1,0.09217225886342917
4767,20.15,0.8000000000000002,1,0.09212617273399745
4768,20.05,0.39999999999999997,1,0.09208010964763046
4769,20.1,1.55,1,0.09203406959280665
4770,20.15,0.30000000000000004,1,0.09198805255801025
4771,20.15,0.3,1,0.09194205853173125
4772,20.15,0.6000000000000001,1,0.09189608750246539
4773,-9.45,12.749999999999998,0,0.09185013945871416
4774,20.2,0.55,1,0.09180421438898481
4775,20.2,0.9500000000000002,1,0.09175831228179032
4776,20.2,1.05,1,0.09171243312564943
4777,20.75,2.499999999999999,1,0.09166657690908661
4778,20.2,0.45000000000000007,1,0.09162074362063208
4779,20.2,0.45,1,0.09157493324882177
4780,20.45,1.4000000000000001,1,0.09152914578219735
4781,20.1,0.25,1,0.09148338120930626
4782,20.15,0.5000000000000001,1,0.09143763951870161
4783,20.15,0.9000000000000002,1,0.09139192069894227
4784,20.4,1.4500000000000002,1,0.0913462247385928
4785,19.95,1.0000000000000002,1,0.09130055162622351
4786,19.9,-19.7,1,0.09125490135041041
4787,20.05,0.4,1,0.09120927389973521
4788,20.25,1.4000000000000001,1,0.09116366926278535
4789,20.2,0.45,1,0.09111808742815397
4790,20.0,0.25,1,0.0910725283844399
4791,20.15,0.2,1,0.09102699212024769
4792,20.2,0.6500000000000001,1,0.09098147862418757
4793,20.1,0.45,1,0.09093598788487547
4794,20.05,0.2,1,0.09089051989093304
4795,20.3,0.7500000000000001,1,0.09084507463098758
4796,20.2,0.45,1,0.09079965209367209
4797,20.05,0.6000000000000001,1,0.09075425226762526
4798,20.25,0.5000000000000001,1,0.09070887514149145
4799,20.15,-19.55,1,0.09066352070392071
4800,20.6,2.249999999999999,1,0.09061818894356875
4801,20.25,1.2,1,0.09057287984909697
4802,19.95,0.9000000000000002,1,0.09052759340917242
4803,20.15,0.30000000000000004,1,0.09048232961246784
4804,20.2,1.1500000000000001,1,0.09043708844766161
4805,20.2,0.55,1,0.09039186990343778
4806,-9.15,13.149999999999999,0,0.09034667396848607
4807,20.15,0.9000000000000001,1,0.09030150063150183
4808,20.3,1.1500000000000001,1,0.09025634988118608
4809,20.05,0.8000000000000002,1,0.0902112217062455
4810,21.05,3.199999999999999,1,0.09016611609539238
4811,20.1,0.35,1,0.09012103303734469
4812,20.15,0.6000000000000001,1,0.09007597252082603
4813,20.05,-19.05,1,0.09003093453456562
4814,20.2,0.7500000000000001,1,0.08998591906729834
4815,20.1,0.25,1,0.0899409261077647
4816,20.15,0.8000000000000002,1,0.08989595564471083
4817,20.15,0.2,1,0.08985100766688847
4818,20.1,0.15000000000000002,1,0.08980608216305504
4819,20.2,1.05,1,0.08976117912197351
4820,20.0,0.25,1,0.08971629853241253
4821,20.1,0.35000000000000003,1,0.08967144038314633
4822,20.05,0.10000000000000002,1,0.08962660466295476
4823,20.15,0.3,1,0.08958179136062329
4824,20.15,0.5,1,0.08953700046494298
4825,20.2,0.55,1,0.08949223196471051
4826,20.05,0.2,1,0.08944748584872816
4827,-9.35,12.85,0,0.0894027621058038
4828,20.25,0.5000000000000001,1,0.08935806072475092
4829,20.2,1.1500000000000001,1,0.08931338169438854
4830,19.9,0.15000000000000002,1,0.08926872500354135
4831,20.1,0.25,1,0.08922409064103959
4832,20.45,-18.35,1,0.08917947859571908
4833,20.0,0.45,1,0.08913488885642122
4834,-8.75,13.45,0,0.08909032141199301
4835,20.25,0.9000000000000001,1,0.08904577625128701
4836,19.95,0.39999999999999997,1,0.08900125336316138
4837,20.2,1.85,1,0.08895675273647981
4838,20.1,0.35,1,0.08891227436011158
4839,20.15,0.3,1,0.08886781822293152
4840,20.05,0.8,1,0.08882338431382006
4841,20.25,0.5000000000000001,1,0.08877897262166315
4842,20.25,0.6000000000000001,1,0.08873458313535232
4843,20.25,1.0000000000000002,1,0.08869021584378464
4844,20.1,0.55,1,0.08864587073586276
4845,20.1,-18.9,1,0.08860154780049484
4846,20.4,1.8499999999999999,1,0.0885572470265946
4847,20.25,0.6000000000000001,1,0.0885129684030813
4848,20.1,0.6500000000000001,1,0.08846871191887977
4849,20.05,0.4,1,0.08842447756292034
4850,20.2,1.6500000000000001,1,0.08838026532413888
4851,20.1,0.35,1,0.08833607519147682
4852,20.2,0.55,1,0.08829190715388109
4853,20.1,0.55,1,0.08824776120030416
4854,20.1,0.35,1,0.08820363731970401
4855,20.05,0.2,1,0.08815953550104416
4856,20.2,0.45,1,0.08811545573329364
4857,20.25,1.0000000000000002,1,0.088071398005427
4858,20.05,0.7000000000000001,1,0.08802736230642429
4859,20.15,0.3,1,0.08798334862527107
4860,20.2,0.45,1,0.08793935695095845
4861,20.3,0.6500000000000001,1,0.08789538727248297
4862,20.25,1.2,1,0.08785143957884674
4863,20.25,0.6000000000000001,1,0.08780751385905732
4864,20.15,0.7000000000000002,1,0.0877636101021278
4865,20.05,0.0,1,0.08771972829707674
4866,20.55,1.9999999999999998,1,0.0876758684329282
4867,20.15,0.6000000000000001,1,0.08763203049871174
4868,20.2,0.7500000000000001,1,0.08758821448346239
4869,20.1,0.7500000000000001,1,0.08754442037622066
4870,20.25,0.9000000000000001,1,0.08750064816603256
4871,20.3,1.3499999999999999,1,0.08745689784194956
4872,20.15,0.3,1,0.08741316939302858
4873,20.2,1.05,1,0.08736946280833208
4874,20.0,0.25,1,0.08732577807692792
4875,21.15,-16.75,1,0.08728211518788946
4876,20.15,0.6000000000000001,1,0.08723847413029552
4877,20.1,0.25,1,0.08719485489323038
4878,20.1,0.35,1,0.08715125746578377
4879,-9.35,12.95,0,0.08710768183705088
4880,20.05,1.4000000000000004,1,0.08706412799613236
4881,-10.35,11.950000000000001,0,0.0870205959321343
4882,20.3,0.7500000000000001,1,0.08697708563416824
4883,20.35,1.4000000000000001,1,0.08693359709135116
4884,20.1,-19.7,1,0.0868901302928055
4885,20.15,0.2,1,0.0868466852276591
4886,20.05,0.0,1,0.08680326188504528
4887,20.1,0.35000000000000003,1,0.08675986025410276
4888,20.3,1.3499999999999999,1,0.08671648032397572
4889,20.0,0.45,1,0.08667312208381374
4890,20.25,0.5000000000000001,1,0.08662978552277184
4891,20.05,0.2,1,0.08658647063001046
4892,20.75,2.099999999999999,1,0.08654317739469546
4893,20.05,0.0,1,0.08649990580599812
4894,20.1,0.25,1,0.08645665585309513
4895,-8.75,13.549999999999999,0,0.08641342752516859
4896,20.4,1.25,1,0.08637022081140601
4897,20.15,0.5000000000000001,1,0.08632703570100031
4898,20.1,0.25,1,0.08628387218314981
4899,20.15,0.3,1,0.08624073024705824
4900,20.15,0.3,1,0.08619760988193471
4901,20.0,0.6500000000000001,1,0.08615451107699375
4902,20.2,0.45,1,0.08611143382145525
4903,20.3,1.05,1,0.08606837810454453
4904,20.05,-19.75,1,0.08602534391549226
4905,20.25,0.6000000000000001,1,0.08598233124353452
4906,20.15,0.2,1,0.08593934007791276
4907,20.1,0.25,1,0.08589637040787382
4908,20.15,0.3,1,0.08585342222266988
4909,20.25,1.0000000000000002,1,0.08581049551155855
4910,20.15,-19.35,1,0.08576759026380278
4911,20.35,0.8000000000000002,1,0.08572470646867088
4912,20.3,0.8500000000000001,1,0.08568184411543654
4913,20.2,0.45,1,0.08563900319337883
4914,20.15,0.7000000000000001,1,0.08559618369178215
4915,20.2,0.45,1,0.08555338559993626
4916,-9.35,12.95,0,0.0855106089071363
4917,20.25,0.5000000000000001,1,0.08546785360268273
4918,20.2,-19.0,1,0.0854251196758814
4919,20.45,1.2,1,0.08538240711604346
4920,20.2,1.05,1,0.08533971591248544
4921,20.15,0.7000000000000001,1,0.0852970460545292
4922,20.25,0.5000000000000001,1,0.08525439753150194
4923,20.6,1.8499999999999996,1,0.08521177033273619
4924,20.1,0.45,1,0.08516916444756983
4925,20.15,0.4,1,0.08512657986534605
4926,20.1,0.15000000000000002,1,0.08508401657541338
4927,20.55,1.8999999999999997,1,0.08504147456712569
4928,20.25,1.6000000000000003,1,0.08499895382984213
4929,20.65,1.7999999999999996,1,0.08495645435292722
4930,20.2,0.9500000000000002,1,0.08491397612575076
4931,20.15,-19.75,1,0.0848715191376879
4932,20.2,0.45,1,0.08482908337811905
4933,20.3,0.9500000000000002,1,0.08478666883642999
4934,20.15,0.3,1,0.08474427550201177
4935,20.05,0.3,1,0.08470190336426077
4936,20.8,2.4499999999999993,1,0.08465955241257864
4937,20.35,1.5000000000000002,1,0.08461722263637235
4938,20.2,0.45,1,0.08457491402505417
4939,20.25,0.5000000000000001,1,0.08453262656804164
4940,20.25,0.5000000000000001,1,0.08449036025475762
4941,20.05,0.0,1,0.08444811507463025
4942,20.25,0.5000000000000001,1,0.08440589101709293
4943,20.05,0.5,1,0.0843636880715844
4944,20.2,-19.1,1,0.08432150622754861
4945,20.4,1.7500000000000002,1,0.08427934547443484
4946,20.05,0.5,1,0.08423720580169763
4947,20.15,0.3,1,0.08419508719879679
4948,20.25,1.2,1,0.0841529896551974
4949,20.3,1.05,1,0.0841109131603698
4950,20.1,0.45,1,0.08406885770378962
4951,20.2,0.45,1,0.08402682327493773
4952,20.0,0.44999999999999996,1,0.08398480986330026
4953,20.7,2.849999999999999,1,0.08394281745836861
4954,20.45,1.2,1,0.08390084604963943
4955,20.15,0.7000000000000002,1,0.08385889562661462
4956,-8.75,13.45,0,0.08381696617880133
4957,20.1,0.15000000000000002,1,0.08377505769571193
4958,20.0,0.25,1,0.08373317016686409
4959,20.2,1.0500000000000003,1,0.08369130358178066
4960,20.4,1.3499999999999999,1,0.08364945792998978
4961,20.15,1.1000000000000003,1,0.08360763320102478
4962,20.35,1.3,1,0.08356582938442428
4963,20.2,0.35000000000000003,1,0.08352404646973208
4964,20.15,0.2,1,0.08348228444649722
4965,20.1,0.6500000000000001,1,0.08344054330427397
4966,20.2,0.6500000000000001,1,0.08339882303262185
4967,20.15,0.3,1,0.08335712362110555
4968,19.95,1.0000000000000002,1,0.083315445059295
4969,-9.049999999999999,13.249999999999998,0,0.08327378733676535
4970,20.2,0.8500000000000002,1,0.08323215044309698
4971,20.15,0.3,1,0.08319053436787543
4972,20.25,0.6000000000000001,1,0.0831489391006915
4973,20.2,0.9500000000000002,1,0.08310736463114116
4974,20.15,0.5,1,0.08306581094882559
4975,20.05,0.2,1,0.08302427804335118
4976,20.15,0.7000000000000001,1,0.0829827659043295
4977,20.2,0.8500000000000001,1,0.08294127452137734
4978,20.05,0.3,1,0.08289980388411665
4979,20.6,1.6499999999999997,1,0.0828583539821746
4980,20.15,1.3,1,0.08281692480518352
4981,20.0,0.25,1,0.08277551634278094
4982,20.25,0.5000000000000001,1,0.08273412858460955
4983,19.95,0.7000000000000001,1,0.08269276152031725
4984,20.2,0.35000000000000003,1,0.0826514151395571
4985,20.3,1.55,1,0.08261008943198732
4986,19.85,0.39999999999999997,1,0.08256878438727133
4987,-9.049999999999999,13.149999999999999,0,0.0825274999950777
4988,20.0,0.25,1,0.08248623624508017
4989,20.85,2.499999999999999,1,0.08244499312695763
4990,20.15,0.3,1,0.08240377063039415
4991,20.15,0.5000000000000001,1,0.08236256874507897
4992,20.1,0.55,1,0.08232138746070643
4993,20.1,0.25,1,0.08228022676697608
4994,20.2,0.8500000000000001,1,0.0822390866535926
4995,20.05,0.4,1,0.08219796711026581
4996,20.15,0.3,1,0.08215686812671068
4997,19.85,0.49999999999999994,1,0.08211578969264732
4998,20.1,0.55,1,0.082074731797801
4999,20.1,0.35000000000000003,1,0.0820336944319021
5000,20.25,1.2,1,0.08199267758468616
5001,20.15,0.3,1,0.08195168124589382
5002,20.2,0.35000000000000003,1,0.08191070540527087
5003,19.95,0.3,1,0.08186975005256825
5004,20.1,0.35,1,0.08182881517754197
5005,20.35,1.1000000000000003,1,0.0817879007699532
5006,20.25,1.1000000000000003,1,0.08174700681956823
5007,20.35,1.4,1,0.08170613331615845
5008,20.2,0.6500000000000001,1,0.08166528024950037
5009,20.1,0.55,1,0.08162444760937562
5010,20.1,0.6500000000000001,1,0.08158363538557094
5011,20.7,-17.400000000000002,1,0.08154284356787815
5012,20.1,0.15000000000000002,1,0.08150207214609421
5013,20.2,0.45000000000000007,1,0.08146132111002118
5014,20.2,0.55,1,0.08142059044946617
5015,20.25,1.4000000000000001,1,0.08137988015424144
5016,20.05,0.2,1,0.08133919021416433
5017,20.1,1.3499999999999999,1,0.08129852061905725
5018,20.15,0.2,1,0.08125787135874772
5019,-9.45,12.849999999999998,0,0.08121724242306835
5020,20.1,0.25,1,0.08117663380185683
5021,20.25,0.8000000000000002,1,0.0811360454849559
5022,20.1,1.0500000000000003,1,0.08109547746221342
5023,20.35,1.3,1,0.08105492972348231
5024,20.35,1.5,1,0.08101440225862058
5025,20.3,1.0500000000000003,1,0.08097389505749128
5026,20.3,0.7500000000000001,1,0.08093340810996254
5027,20.3,1.3499999999999999,1,0.08089294140590757
5028,20.1,1.5500000000000007,1,0.08085249493520462
5029,20.35,0.9000000000000001,1,0.08081206868773702
5030,20.15,-19.75,1,0.08077166265339315
5031,20.05,0.2,1,0.08073127682206646
5032,20.15,0.30000000000000004,1,0.08069091118365543
5033,20.2,0.45,1,0.0806505657280636
5034,20.25,0.5000000000000001,1,0.08061024044519957
5035,20.0,0.6500000000000001,1,0.08056993532497697
5036,20.1,1.1500000000000001,1,0.08052965035731449
5037,20.25,0.5000000000000001,1,0.08048938553213583
5038,-10.950000000000001,11.55,0,0.08044914083936977
5039,20.1,0.9500000000000002,1,0.0804089162689501
5040,20.1,-19.8,1,0.08036871181081562
5041,20.25,0.5000000000000001,1,0.08032852745491022
5042,20.5,2.3499999999999996,1,0.08028836319118277
5043,20.1,0.35,1,0.08024821900958717
5044,-8.85,13.349999999999998,0,0.08020809490008239
5045,-9.45,12.849999999999998,0,0.08016799085263235
5046,20.85,-17.35,1,0.08012790685720604
5047,20.05,0.39999999999999997,1,0.08008784290377745
5048,20.15,0.3,1,0.08004779898232556
5049,19.9,0.9500000000000002,1,0.0800077750828344
5050,20.35,0.9000000000000001,1,0.07996777119529298
5051,20.05,0.7000000000000002,1,0.07992778730969534
5052,20.1,0.25,1,0.07988782341604049
5053,20.25,0.6000000000000001,1,0.07984787950433248
5054,20.3,0.9500000000000002,1,0.07980795556458031
5055,20.0,0.85,1,0.07976805158679803
5056,19.9,0.9500000000000002,1,0.07972816756100463
5057,20.25,1.5000000000000004,1,0.07968830347722414
5058,20.15,0.6000000000000001,1,0.07964845932548553
5059,20.25,0.5000000000000001,1,0.07960863509582279
5060,20.0,0.25,1,0.07956883077827488
5061,20.2,0.55,1,0.07952904636288576
5062,20.2,0.6500000000000001,1,0.07948928183970431
5063,20.3,1.1500000000000001,1,0.07944953719878446
5064,20.2,1.2500000000000002,1,0.07940981243018508
5065,20.25,0.5000000000000001,1,0.07937010752396999
5066,20.25,1.0000000000000002,1,0.07933042247020801
5067,20.0,0.25,1,0.07929075725897292
5068,-10.65,11.65,0,0.07925111188034344
5069,20.45,1.1000000000000003,1,0.07921148632440327
5070,-9.049999999999999,13.249999999999998,0,0.07917188058124107
5071,20.1,0.25,1,0.07913229464095045
5072,20.2,0.8500000000000002,1,0.07909272849362999
5073,20.25,0.5000000000000001,1,0.07905318212938317
5074,20.15,0.3,1,0.07901365553831849
5075,20.1,0.25,1,0.07897414871054934
5076,20.1,0.25,1,0.07893466163619406
5077,20.2,1.0500000000000003,1,0.07889519430537596
5078,20.1,1.0500000000000003,1,0.07885574670822328
5079,20.2,-19.6,1,0.07881631883486917
5080,20.15,0.7000000000000001,1,0.07877691067545174
5081,20.45,1.2,1,0.07873752222011401
5082,20.45,1.2,1,0.07869815345900397
5083,20.1,0.25,1,0.07865880438227447
5084,19.95,0.3,1,0.07861947498008334
5085,20.15,-19.55,1,0.0785801652425933
5086,20.15,0.2,1,0.078540875159972
5087,20.15,0.5000000000000001,1,0.07850160472239202
5088,20.25,0.6000000000000001,1,0.07846235392003083
5089,20.25,0.5000000000000001,1,0.07842312274307081
5090,20.3,1.55,1,0.07838391118169928
5091,20.35,0.9000000000000001,1,0.07834471922610843
5092,20.1,-19.7,1,0.07830554686649538
5093,20.15,1.1000000000000003,1,0.07826639409306213
5094,20.15,0.3,1,0.0782272608960156
5095,20.15,0.3,1,0.0781881472655676
5096,20.25,0.6000000000000001,1,0.07814905319193481
5097,20.1,0.7500000000000001,1,0.07810997866533885
5098,20.2,0.55,1,0.07807092367600618
5099,20.3,0.7500000000000001,1,0.07803188821416818
5100,20.3,0.8500000000000002,1,0.0779928722700611
5101,20.25,0.8000000000000002,1,0.07795387583392607
5102,20.25,0.6000000000000001,1,0.07791489889600911
5103,20.15,0.2,1,0.07787594144656111
5104,20.1,0.15000000000000002,1,0.07783700347583783
5105,20.25,0.5000000000000001,1,0.07779808497409992
5106,19.95,0.3,1,0.07775918593161286
5107,20.35,0.9000000000000001,1,0.07772030633864706
5108,20.2,0.55,1,0.07768144618547773
5109,20.15,-19.75,1,0.077642605462385
5110,20.25,1.1000000000000003,1,0.07760378415965381
5111,20.15,0.3,1,0.077564982267574
5112,20.1,0.8500000000000001,1,0.07752619977644021
5113,20.15,0.4,1,0.07748743667655199
5114,20.3,1.3500000000000003,1,0.07744869295821372
5115,-10.55,11.75,0,0.07740996861173462
5116,20.1,0.35000000000000003,1,0.07737126362742876
5117,20.15,0.3,1,0.07733257799561505
5118,20.35,1.3,1,0.07729391170661724
5119,20.1,0.45,1,0.07725526475076394
5120,20.05,1.1,1,0.07721663711838857
5121,20.2,0.35000000000000003,1,0.07717802879982938
5122,-10.95,11.55,0,0.07713943978542946
5123,20.15,0.2,1,0.07710087006553674
5124,20.35,1.2,1,0.07706231963050399
5125,20.2,0.9500000000000002,1,0.07702378847068873
5126,20.3,0.9500000000000002,1,0.07698527657645339
5127,20.35,1.3,1,0.07694678393816516
5128,20.2,1.05,1,0.07690831054619608
5129,20.05,0.3,1,0.07686985639092299
5130,20.1,0.35000000000000003,1,0.07683142146272753
5131,20.15,0.3,1,0.07679300575199617
5132,20.2,-19.4,1,0.07675460924912018
5133,19.75,0.49999999999999994,1,0.07671623194449563
5134,20.3,1.05,1,0.07667787382852338
5135,20.4,1.1500000000000004,1,0.07663953489160913
5136,20.2,1.2500000000000002,1,0.07660121512416333
5137,20.0,0.25,1,0.07656291451660126
5138,20.25,0.8000000000000002,1,0.07652463305934296
5139,20.15,0.7000000000000001,1,0.0764863707428133
5140,20.05,-19.65,1,0.07644812755744189
5141,20.1,0.8500000000000002,1,0.07640990349366317
5142,20.2,0.45,1,0.07637169854191633
5143,20.55,-17.75,1,0.07633351269264538
5144,20.6,1.6499999999999997,1,0.07629534593629905
5145,20.1,0.55,1,0.07625719826333091
5146,-9.45,13.049999999999999,0,0.07621906966419925
5147,20.7,2.449999999999999,1,0.07618096012936716
5148,20.15,0.3,1,0.07614286964930249
5149,20.2,0.45,1,0.07610479821447784
5150,20.35,1.9000000000000001,1,0.07606674581537061
5151,20.1,-19.5,1,0.07602871244246293
5152,20.35,0.8000000000000002,1,0.0759906980862417
5153,20.2,0.6500000000000001,1,0.07595270273719859
5154,20.25,0.6000000000000001,1,0.07591472638583
5155,20.4,1.05,1,0.07587676902263708
5156,20.1,0.25,1,0.07583883063812577
5157,20.15,0.3,1,0.07580091122280672
5158,20.05,0.10000000000000002,1,0.07576301076719531
5159,20.25,1.8,1,0.07572512926181171
5160,20.1,0.6500000000000001,1,0.07568726669718082
5161,20.2,0.55,1,0.07564942306383222
5162,20.35,0.8000000000000002,1,0.07561159835230032
5163,20.25,1.1000000000000003,1,0.07557379255312417
5164,20.25,2.4,1,0.07553600565684761
5165,20.25,0.9000000000000001,1,0.07549823765401918
5166,20.0,0.44999999999999996,1,0.07546048853519217
5167,20.25,0.5000000000000001,1,0.07542275829092458
5168,20.45,1.4000000000000001,1,0.07538504691177912
5169,20.15,1.1000000000000003,1,0.07534735438832324
5170,20.05,0.4,1,0.07530968071112908
5171,20.15,0.3,1,0.07527202587077352
5172,20.2,0.35000000000000003,1,0.07523438985783813
5173,20.1,0.15000000000000002,1,0.07519677266290922
5174,20.25,1.4000000000000001,1,0.07515917427657777
5175,20.05,1.4000000000000001,1,0.07512159468943949
5176,20.2,0.55,1,0.07508403389209478
5177,20.25,1.1000000000000003,1,0.07504649187514874
5178,20.65,2.1999999999999993,1,0.07500896862921116
5179,20.35,1.3,1,0.07497146414489657
5180,20.35,0.9000000000000001,1,0.07493397841282412
5181,-9.049999999999999,13.249999999999998,0,0.07489651142361771
5182,20.05,0.2,1,0.0748590631679059
5183,20.05,0.1,1,0.07482163363632195
5184,20.1,0.35,1,0.0747842228195038
5185,20.25,1.0000000000000002,1,0.07474683070809404
5186,20.15,0.9000000000000002,1,0.07470945729274
5187,20.55,1.5999999999999999,1,0.07467210256409364
5188,20.3,0.8500000000000002,1,0.07463476651281159
5189,20.6,1.6499999999999997,1,0.07459744912955518
5190,20.25,-19.15,1,0.07456015040499041
5191,20.2,0.55,1,0.07452287032978791
5192,20.65,2.099999999999999,1,0.07448560889462302
5193,20.35,1.4000000000000001,1,0.07444836609017572
5194,20.15,1.1000000000000003,1,0.07441114190713063
5195,20.9,3.1499999999999986,1,0.07437393633617707
5196,20.6,2.549999999999999,1,0.07433674936800899
5197,20.2,0.45,1,0.074299580993325
5198,20.05,0.8,1,0.07426243120282834
5199,20.2,0.45,1,0.07422529998722693
5200,20.3,0.9500000000000002,1,0.07418818733723333
5201,20.15,0.5,1,0.07415109324356471
5202,20.4,1.4500000000000002,1,0.07411401769694294
5203,20.45,1.4000000000000001,1,0.07407696068809447
5204,20.15,0.3,1,0.07403992220775042
5205,20.7,1.9499999999999995,1,0.07400290224664655
5206,20.05,0.6000000000000001,1,0.07396590079552323
5207,20.35,1.0,1,0.07392891784512548
5208,20.15,0.3,1,0.07389195338620293
5209,20.1,0.15000000000000002,1,0.07385500740950983
5210,20.15,0.5000000000000001,1,0.07381807990580508
5211,20.15,0.3,1,0.07378117086585217
5212,20.2,1.05,1,0.07374428028041925
5213,20.3,0.9500000000000002,1,0.07370740814027904
5214,20.25,0.9000000000000001,1,0.0736705544362089
5215,20.15,0.3,1,0.0736337191589908
5216,20.1,0.25,1,0.07359690229941132
5217,20.15,0.2,1,0.07356010384826162
5218,20.5,2.3499999999999988,1,0.07352332379633748
5219,20.25,0.6000000000000001,1,0.07348656213443931
5220,20.6,1.9499999999999995,1,0.0734498188533721
5221,20.15,0.3,1,0.0734130939439454
5222,-9.049999999999999,13.249999999999998,0,0.07337638739697344
5223,20.65,2.1999999999999993,1,0.07333969920327496
5224,20.1,0.25,1,0.07330302935367333
5225,20.0,0.6500000000000001,1,0.0732663778389965
5226,20.25,0.6000000000000001,1,0.073229744650077
5227,20.1,0.35000000000000003,1,0.07319312977775197
5228,20.05,0.39999999999999997,1,0.0731565332128631
5229,20.6,1.95,1,0.07311995494625667
5230,20.1,0.25,1,0.07308339496878355
5231,20.1,-19.8,1,0.07304685327129916
5232,20.2,0.6500000000000001,1,0.07301032984466352
5233,20.15,0.6000000000000001,1,0.07297382467974119
5234,20.2,0.45,1,0.07293733776740131
5235,20.25,0.5000000000000001,1,0.07290086909851762
5236,20.6,1.6499999999999997,1,0.07286441866396837
5237,20.05,0.0,1,0.07282798645463638
5238,20.05,0.0,1,0.07279157246140906
5239,20.05,-19.65,1,0.07275517667517836
5240,20.2,0.8500000000000001,1,0.07271879908684077
5241,20.1,0.35,1,0.07268243968729736
5242,20.0,0.25,1,0.07264609846745372
5243,20.8,2.1499999999999995,1,0.07260977541822
5244,20.2,0.9500000000000002,1,0.0725734705305109
5245,20.05,0.2,1,0.07253718379524565
5246,20.3,0.7500000000000001,1,0.07250091520334803
5247,20.1,0.7500000000000002,1,0.07246466474574637
5248,20.15,1.1000000000000003,1,0.0724284324133735
5249,20.45,1.1000000000000003,1,0.07239221819716682
5250,20.05,0.0,1,0.07235602208806824
5251,20.3,1.1500000000000001,1,0.07231984407702421
5252,20.15,0.3,1,0.0722836841549857
5253,20.0,0.15000000000000002,1,0.07224754231290821
5254,20.2,0.45,1,0.07221141854175177
5255,-8.75,13.549999999999999,0,0.0721753128324809
5256,20.2,-19.4,1,0.07213922517606466
5257,20.0,0.35,1,0.07210315556347664
5258,20.25,1.2,1,0.07206710398569491
5259,20.1,0.15000000000000002,1,0.07203107043370206
5260,20.25,0.9000000000000001,1,0.07199505489848522
5261,20.1,0.35,1,0.07195905737103599
5262,21.05,2.9999999999999987,1,0.07192307784235047
5263,20.0,0.35,1,0.0718871163034293
5264,20.25,1.2,1,0.07185117274527758
5265,20.2,1.05,1,0.07181524715890494
5266,20.05,-19.65,1,0.07177933953532549
5267,20.2,0.45,1,0.07174344986555783
5268,20.15,0.6000000000000001,1,0.07170757814062506
5269,20.15,0.5,1,0.07167172435155475
5270,20.2,0.55,1,0.07163588848937898
5271,20.05,0.39999999999999997,1,0.07160007054513429
5272,20.15,0.3,1,0.07156427050986172
5273,20.1,0.7500000000000002,1,0.07152848837460679
5274,20.05,0.2,1,0.07149272413041949
5275,19.95,0.8,1,0.07145697776835429
5276,20.2,0.6500000000000001,1,0.07142124927947012
5277,20.1,0.25,1,0.07138553865483038
5278,20.45,1.4000000000000001,1,0.07134984588550297
5279,20.5,1.55,1,0.07131417096256022
5280,20.25,1.2,1,0.07127851387707895
5281,20.05,1.0000000000000002,1,0.07124287462014042
5282,20.35,1.9999999999999998,1,0.07120725318283036
5283,20.1,0.7500000000000002,1,0.07117164955623895
5284,20.15,0.4,1,0.07113606373146084
5285,20.5,1.9499999999999995,1,0.0711004956995951
5286,20.2,0.45,1,0.07106494545174531
5287,20.2,1.0500000000000003,1,0.07102941297901945
5288,-11.05,11.55,0,0.07099389827252994
5289,20.0,0.44999999999999996,1,0.07095840132339368
5290,20.1,0.25,1,0.07092292212273199
5291,20.05,0.39999999999999997,1,0.07088746066167063
5292,20.35,1.3000000000000003,1,0.0708520169313398
5293,20.2,0.7500000000000001,1,0.07081659092287414
5294,20.15,0.5,1,0.0707811826274127
5295,20.65,1.9999999999999998,1,0.070745792036099
5296,20.3,0.7500000000000001,1,0.07071041914008096
5297,20.25,0.8000000000000002,1,0.07067506393051091
5298,20.1,0.35,1,0.07063972639854567
5299,20.45,1.2,1,0.0706044065353464
5300,20.5,1.75,1,0.07056910433207873
5301,20.05,0.6000000000000001,1,0.0705338197799127
5302,20.1,0.25,1,0.07049855287002275
5303,20.15,0.6000000000000001,1,0.07046330359358775
5304,20.25,1.1000000000000003,1,0.07042807194179096
5305,20.25,0.5000000000000001,1,0.07039285790582007
5306,20.2,0.55,1,0.07035766147686717
5307,20.15,1.0000000000000002,1,0.07032248264612874
5308,20.9,2.7499999999999987,1,0.07028732140480567
5309,20.75,2.299999999999999,1,0.07025217774410328
5310,20.15,-19.55,1,0.07021705165523123
5311,20.0,0.25,1,0.07018194312940362
5312,20.9,2.749999999999999,1,0.07014685215783893
5313,20.3,0.9500000000000002,1,0.07011177873176001
5314,20.1,0.15000000000000002,1,0.07007672284239413
5315,20.3,0.9500000000000002,1,0.07004168448097293
5316,20.3,0.7500000000000001,1,0.07000666363873245
5317,20.2,0.45,1,0.0699716603069131
5318,20.2,0.6500000000000001,1,0.06993667447675965
5319,20.2,0.55,1,0.06990170613952128
5320,20.15,0.5,1,0.06986675528645152
5321,20.1,0.35,1,0.0698318219088083
5322,20.25,1.6000000000000003,1,0.06979690599785389
5323,20.2,0.6500000000000001,1,0.06976200754485497
5324,20.25,0.6000000000000001,1,0.06972712654108254
5325,20.35,-19.25,1,0.069692262977812
5326,20.15,0.2,1,0.0696574168463231
5327,20.3,0.6500000000000001,1,0.06962258813789994
5328,20.1,0.35,1,0.069587776843831
5329,20.1,0.15000000000000002,1,0.06955298295540908
5330,20.2,0.35000000000000003,1,0.06951820646393138
5331,-8.95,13.349999999999998,0,0.06948344736069942
5332,20.15,0.3,1,0.06944870563701908
5333,20.1,0.25,1,0.06941398128420057
5334,20.25,0.5000000000000001,1,0.06937927429355847
5335,20.25,0.5000000000000001,1,0.0693445846564117
5336,20.0,0.15000000000000002,1,0.0693099123640835
5337,20.2,0.45,1,0.06927525740790147
5338,20.1,0.7500000000000001,1,0.06924061977919753
5339,-9.35,12.85,0,0.06920599946930793
5340,20.15,1.1000000000000003,1,0.06917139646957328
5341,20.2,0.35000000000000003,1,0.0691368107713385
5342,20.15,-19.35,1,0.06910224236595283
5343,20.25,0.7000000000000001,1,0.06906769124476986
5344,20.05,0.7000000000000001,1,0.06903315739914748
5345,20.15,0.3,1,0.0689986408204479
5346,20.2,0.35000000000000003,1,0.06896414150003768
5347,20.15,1.1,1,0.06892965942928767
5348,20.7,1.9499999999999995,1,0.06889519459957302
5349,20.1,0.15000000000000002,1,0.06886074700227324
5350,20.15,-19.35,1,0.0688263166287721
5351,20.6,2.649999999999999,1,0.06879190347045772
5352,20.5,1.3499999999999999,1,0.06875750751872249
5353,20.2,0.45,1,0.06872312876496313
5354,20.15,0.2,1,0.06868876720058065
5355,20.15,0.5000000000000001,1,0.06865442281698036
5356,20.1,0.7500000000000001,1,0.06862009560557188
5357,20.2,0.6500000000000001,1,0.06858578555776909
5358,20.3,1.3500000000000003,1,0.06855149266499021
5359,20.15,1.5000000000000002,1,0.06851721691865771
5360,19.8,0.35,1,0.06848295831019839
5361,20.85,-17.45,1,0.0684487168310433
5362,20.0,0.25,1,0.06841449247262778
5363,20.2,0.8500000000000001,1,0.06838028522639147
5364,20.2,0.55,1,0.06834609508377829
5365,20.25,0.6000000000000001,1,0.0683119220362364
5366,20.05,0.8000000000000003,1,0.06827776607521828
5367,20.05,-19.65,1,0.06824362719218068
5368,20.05,0.39999999999999997,1,0.06820950537858458
5369,20.2,0.35000000000000003,1,0.06817540062589529
5370,20.25,0.5000000000000001,1,0.06814131292558234
5371,20.05,0.2,1,0.06810724226911956
5372,20.15,0.7000000000000001,1,0.068073188647985
5373,20.25,0.5000000000000001,1,0.06803915205366101
5374,20.25,1.2,1,0.06800513247763418
5375,20.15,1.1000000000000003,1,0.06797112991139537
5376,20.25,-19.45,1,0.06793714434643967
5377,20.15,0.2,1,0.06790317577426645
5378,20.05,0.8000000000000002,1,0.06786922418637932
5379,20.2,0.55,1,0.06783528957428614
5380,20.15,0.6000000000000001,1,0.067801371929499
5381,20.1,0.35000000000000003,1,0.06776747124353426
5382,20.35,1.3,1,0.06773358750791249
5383,20.2,0.55,1,0.06769972071415853
5384,20.1,0.15000000000000002,1,0.06766587085380145
5385,20.3,0.9500000000000002,1,0.06763203791837455
5386,20.3,0.7500000000000001,1,0.06759822189941536
5387,20.05,0.2,1,0.06756442278846565
5388,20.3,1.3499999999999999,1,0.06753064057707142
5389,20.25,1.5000000000000002,1,0.06749687525678288
5390,20.15,0.5000000000000001,1,0.06746312681915449
5391,20.35,0.9000000000000001,1,0.06742939525574491
5392,20.1,0.9500000000000002,1,0.06739568055811705
5393,20.25,0.5000000000000001,1,0.067361982717838
5394,20.3,0.6500000000000001,1,0.06732830172647908
5395,20.25,0.5000000000000001,1,0.06729463757561584
5396,20.25,1.1000000000000003,1,0.06726099025682804
5397,20.15,0.3,1,0.06722735976169962
5398,20.05,0.2,1,0.06719374608181877
5399,19.95,0.49999999999999994,1,0.06716014920877787
5400,20.25,1.0000000000000002,1,0.06712656913417349
5401,20.1,0.15000000000000002,1,0.06709300584960641
5402,20.3,1.55,1,0.06705945934668162
5403,20.2,0.7500000000000001,1,0.06702592961700828
5404,20.25,1.1000000000000003,1,0.06699241665219978
5405,20.1,0.45,1,0.06695892044387368
5406,20.0,0.45,1,0.06692544098365175
5407,19.65,0.8000000000000003,1,0.06689197826315993
5408,-9.15,13.149999999999999,0,0.06685853227402835
5409,20.25,1.1000000000000003,1,0.06682510300789134
5410,20.15,0.5,1,0.0667916904563874
5411,20.15,0.3,1,0.06675829461115922
5412,20.15,0.3,1,0.06672491546385365
5413,20.0,1.0500000000000003,1,0.06669155300612173
5414,20.35,0.9000000000000001,1,0.06665820722961867
5415,20.25,1.1,1,0.06662487812600386
5416,20.05,0.2,1,0.06659156568694086
5417,20.1,0.25,1,0.06655826990409738
5418,20.3,0.7500000000000001,1,0.06652499076914534
5419,20.3,0.7500000000000001,1,0.06649172827376076
5420,20.15,0.9000000000000001,1,0.06645848240962389
5421,20.65,2.599999999999999,1,0.06642525316841909
5422,20.25,0.5000000000000001,1,0.06639204054183488
5423,-10.85,11.65,0,0.06635884452156397
5424,20.2,0.45,1,0.0663256650993032
5425,20.1,0.15000000000000002,1,0.06629250226675355
5426,20.05,0.2,1,0.06625935601562018
5427,20.15,0.2,1,0.06622622633761237
5428,20.25,0.7000000000000001,1,0.06619311322444356
5429,20.15,0.3,1,0.06616001666783133
5430,-9.15,13.149999999999999,0,0.06612693665949743
5431,20.05,0.39999999999999997,1,0.06609387319116768
5432,20.05,0.6000000000000001,1,0.0660608262545721
5433,20.3,1.05,1,0.06602779584144482
5434,20.45,1.6999999999999997,1,0.0659947819435241
5435,20.1,0.25,1,0.06596178455255233
5436,20.1,0.15000000000000002,1,0.06592880366027606
5437,20.25,1.2,1,0.06589583925844593
5438,20.25,0.6000000000000001,1,0.0658628913388167
5439,20.3,0.8500000000000001,1,0.0658299598931473
5440,20.3,0.7500000000000001,1,0.06579704491320074
5441,-9.35,12.849999999999998,0,0.06576414639074414
5442,20.15,1.7,1,0.06573126431754878
5443,20.0,0.6500000000000001,1,0.06569839868539
5444,20.1,1.2500000000000002,1,0.0656655494860473
5445,20.15,0.3,1,0.06563271671130429
5446,20.35,1.8,1,0.06559990035294865
5447,20.3,1.4500000000000004,1,0.06556710040277218
5448,20.15,1.6000000000000003,1,0.0655343168525708
5449,20.2,0.45,1,0.06550154969414453
5450,20.1,-19.6,1,0.06546879891929745
5451,20.15,0.2,1,0.06543606451983781
5452,20.2,0.45,1,0.0654033464875779
5453,20.4,1.9500000000000004,1,0.0653706448143341
5454,20.3,0.6500000000000001,1,0.06533795949192694
5455,20.2,0.55,1,0.06530529051218098
5456,20.15,1.3,1,0.06527263786692489
5457,20.25,1.2,1,0.06524000154799142
5458,20.3,0.7500000000000001,1,0.06520738154721743
5459,20.25,1.0000000000000002,1,0.06517477785644382
5460,20.05,0.2,1,0.0651421904675156
5461,20.25,0.8000000000000002,1,0.06510961937228184
5462,20.5,1.55,1,0.0650770645625957
5463,20.15,0.7000000000000001,1,0.0650445260303144
5464,-9.049999999999999,13.149999999999999,0,0.06501200376729924
5465,20.3,1.55,1,0.06497949776541559
5466,20.1,0.15000000000000002,1,0.06494700801653289
5467,20.5,1.3499999999999999,1,0.06491453451252463
5468,20.05,1.0,1,0.06488207724526837
5469,19.9,0.35,1,0.06484963620664574
5470,20.1,0.45,1,0.06481721138854242
5471,20.25,0.6000000000000001,1,0.06478480278284815
5472,20.25,1.0000000000000002,1,0.06475241038145672
5473,20.25,1.1000000000000003,1,0.064720034176266
5474,20.1,0.25,1,0.06468767415917787
5475,20.25,0.5000000000000001,1,0.06465533032209828
5476,20.2,0.6500000000000001,1,0.06462300265693723
5477,20.9,2.949999999999999,1,0.06459069115560875
5478,20.0,0.25,1,0.06455839581003095
5479,20.1,0.25,1,0.06452611661212594
5480,20.65,1.9,1,0.06449385355381988
5481,20.15,-19.75,1,0.06446160662704298
5482,20.3,1.05,1,0.06442937582372946
5483,-8.95,13.349999999999998,0,0.0643971611358176
5484,20.1,0.15000000000000002,1,0.06436496255524969
5485,20.05,0.30000000000000004,1,0.06433278007397207
5486,20.1,0.25,1,0.06430061368393508
5487,20.05,0.2,1,0.06426846337709312
5488,20.15,0.6000000000000001,1,0.06423632914540457
5489,20.05,0.30000000000000004,1,0.06420421098083187
5490,20.15,0.4,1,0.06417210887534146
5491,20.25,1.2,1,0.0641400228209038
5492,20.35,0.8000000000000002,1,0.06410795280949334
5493,20.0,1.3499999999999999,1,0.0640758988330886
5494,20.35,1.5000000000000002,1,0.06404386088367206
5495,20.2,0.6500000000000001,1,0.06401183895323023
5496,20.05,1.0000000000000002,1,0.06397983303375362
5497,20.3,1.1500000000000001,1,0.06394784311723675
5498,20.3,1.1500000000000001,1,0.06391586919567814
5499,20.6,2.449999999999999,1,0.06388391126108031
5500,20.3,1.1500000000000001,1,0.06385196930544977
5501,20.1,0.6500000000000001,1,0.06382004332079705
5502,20.7,2.1499999999999995,1,0.06378813329913666
5503,20.15,0.2,1,0.06375623923248709
5504,20.2,-19.6,1,0.06372436111287084
5505,20.3,0.6500000000000001,1,0.0636924989323144
5506,20.1,0.35,1,0.06366065268284825
5507,20.0,0.15000000000000002,1,0.06362882235650683
5508,20.15,0.3,1,0.06359700794532858
5509,20.95,2.699999999999999,1,0.06356520944135592
5510,20.15,0.2,1,0.06353342683663525
5511,20.75,2.799999999999999,1,0.06350166012321694
5512,20.2,0.7500000000000001,1,0.06346990929315534
5513,20.15,0.7000000000000001,1,0.06343817433850876
5514,20.25,1.2,1,0.0634064552513395
5515,20.45,1.3,1,0.06337475202371384
5516,20.1,0.25,1,0.063343064647702
5517,-8.95,13.349999999999998,0,0.06331139311537815
5518,20.15,0.2,1,0.06327973741882045
5519,20.1,0.35,1,0.06324809755011104
5520,20.05,0.3,1,0.063216473501336
5521,20.2,0.6500000000000001,1,0.06318486526458533
5522,20.25,0.5000000000000001,1,0.06315327283195304
5523,20.3,1.7500000000000002,1,0.06312169619553708
5524,20.35,1.2,1,0.06309013534743932
5525,20.2,0.45,1,0.0630585902797656
5526,20.35,1.3,1,0.06302706098462572
5527,20.1,0.25,1,0.06299554745413341
5528,20.25,0.5000000000000001,1,0.06296404968040635
5529,20.5,1.6500000000000001,1,0.06293256765556615
5530,20.2,0.45,1,0.06290110137173838
5531,20.15,0.3,1,0.06286965082105252
5532,20.25,1.2,1,0.06283821599564199
5533,20.1,0.7500000000000001,1,0.06280679688764416
5534,20.15,0.3,1,0.06277539348920035
5535,20.35,1.8000000000000005,1,0.06274400579245575
5536,20.1,0.25,1,0.06271263378955952
5537,20.15,0.3,1,0.06268127747266475
5538,20.15,0.7000000000000001,1,0.06264993683392842
5539,20.15,0.3,1,0.06261861186551146
5540,20.2,0.6500000000000001,1,0.0625873025595787
5541,20.35,1.1000000000000003,1,0.06255600890829892
5542,20.15,0.5000000000000001,1,0.06252473090384478
5543,19.85,1.4000000000000004,1,0.06249346853839286
5544,20.25,0.5000000000000001,1,0.06246222180412367
5545,20.1,0.35,1,0.06243099069322161
5546,20.2,0.55,1,0.062399775197875006
5547,20.2,0.8500000000000002,1,0.06236857531027607
5548,20.15,0.5,1,0.06233739102262094
5549,20.2,0.6500000000000001,1,0.06230622232710963
5550,20.2,1.2500000000000002,1,0.06227506921594608
5551,20.25,1.0000000000000002,1,0.06224393168133811
5552,20.15,0.5000000000000001,1,0.06221280971549745
5553,20.05,0.2,1,0.0621817033106397
5554,20.65,-18.35,1,0.062150612458984386
5555,20.0,0.8500000000000001,1,0.062119537152754895
5556,20.1,-19.5,1,0.06208847738417852
5557,20.2,0.6500000000000001,1,0.06205743314548643
5558,20.15,0.6000000000000001,1,0.06202640442891369
5559,20.1,0.35,1,0.06199539122669923
5560,20.1,0.15000000000000002,1,0.06196439353108588
5561,20.25,1.0000000000000002,1,0.06193341133432034
5562,20.0,0.25,1,0.061902444628653186
5563,19.85,0.4,1,0.061871493406338865
5564,20.1,0.35000000000000003,1,0.0618405576596357
5565,20.1,1.25,1,0.06180963738080588
5566,20.25,-18.65,1,0.06177873256211548
5567,20.35,1.2,1,0.06174784319583443
5568,20.1,0.25,1,0.06171696927423651
5569,20.25,0.5000000000000001,1,0.061686110789599395
5570,20.1,0.25,1,0.0616552677342046
5571,20.15,0.3,1,0.0616244401003375
5572,20.15,1.1000000000000003,1,0.061593627880287334
5573,20.25,0.5000000000000001,1,0.0615628310663472
5574,20.1,1.1500000000000004,1,0.061532049650814026
5575,20.5,1.2500000000000002,1,0.061501283625988626
5576,20.25,1.1000000000000003,1,0.06147053298417564
5577,20.15,0.3,1,0.061439797717683556
5578,20.1,0.55,1,0.061409077818824716
5579,20.1,0.7500000000000002,1,0.061378373279915306
5580,20.25,0.5000000000000001,1,0.06134768409327535
5581,20.55,2.299999999999999,1,0.06131701025122872
5582,-8.75,13.549999999999999,0,0.061286351746103106
5583,20.15,0.3,1,0.06125570857023006
5584,20.25,1.1000000000000003,1,0.06122508071594494
5585,20.1,0.75,1,0.06119446817558698
5586,19.95,0.9000000000000001,1,0.061163870941499186
5587,20.25,0.5000000000000001,1,0.06113328900602844
5588,20.15,0.9000000000000001,1,0.06110272236152543
5589,20.3,1.3499999999999999,1,0.06107217100034467
5590,20.25,1.0000000000000002,1,0.0610416349148445
5591,20.05,0.0,1,0.06101111409738708
5592,20.3,0.7500000000000001,1,0.06098060854033839
5593,20.0,0.25,1,0.060950118236068225
5594,20.15,0.7000000000000001,1,0.06091964317695019
5595,20.15,0.3,1,0.06088918335536172
5596,20.3,1.3500000000000003,1,0.06085873876368404
5597,20.3,1.1500000000000001,1,0.060828309394302206
5598,21.15,3.199999999999999,1,0.060797895239605056
5599,20.7,2.1499999999999995,1,0.06076749629198526
5600,20.2,0.55,1,0.06073711254383927
5601,-8.85,13.35,0,0.060706743987567355
5602,20.15,0.7000000000000001,1,0.060676390615573575
5603,21.15,-16.75,1,0.06064605242026579
5604,20.1,0.35000000000000003,1,0.06061572939405566
5605,-9.55,12.75,0,0.06058542152935864
5606,20.15,0.6000000000000001,1,0.06055512881859396
5607,20.95,2.899999999999999,1,0.06052485125418467
5608,20.15,0.3,1,0.06049458882855758
5609,20.55,1.9,1,0.060464341534143304
5610,20.75,2.099999999999999,1,0.06043410936337624
5611,20.1,0.35,1,0.06040389230869456
5612,20.55,2.0999999999999996,1,0.060373690362540214
5613,20.15,0.5,1,0.06034350351735895
5614,20.25,0.5000000000000001,1,0.06031333176560027
5615,20.1,0.35,1,0.06028317509971747
5616,20.15,0.8000000000000002,1,0.06025303351216762
5617,20.1,0.15000000000000002,1,0.06022290699541154
5618,-8.85,13.349999999999998,0,0.060192795541913834
5619,20.25,1.1000000000000003,1,0.06016269914414288
5620,20.2,0.6500000000000001,1,0.06013261779457081
5621,20.3,0.9500000000000002,1,0.060102551485673526
5622,20.25,1.4000000000000001,1,0.06007250020993069
5623,20.35,1.5,1,0.06004246395982573
5624,-8.95,13.249999999999998,0,0.06001244272784582
5625,20.25,0.5000000000000001,1,0.0599824365064819
5626,20.3,1.2500000000000002,1,0.05995244528822866
5627,20.1,0.55,1,0.05992246906558455
5628,20.35,1.1000000000000003,1,0.05989250783105176
5629,20.2,1.1500000000000001,1,0.059862561577136236
5630,20.85,2.399999999999999,1,0.05983263029634767
5631,20.15,-19.85,1,0.059802713981199504
5632,20.15,0.7000000000000002,1,0.05977281262420891
5633,20.05,0.3,1,0.059742926217896807
5634,20.1,0.7500000000000001,1,0.05971305475478786
5635,20.15,0.3,1,0.059683198227410465
5636,20.15,0.2,1,0.059653356628296766
5637,20.15,0.2,1,0.05962352994998262
5638,20.15,0.3,1,0.05959371818500763
5639,20.15,0.2,1,0.059563921325915134
5640,20.85,2.699999999999999,1,0.05953413936525218
5641,20.45,2.1999999999999993,1,0.05950437229556956
5642,20.05,0.4,1,0.05947462010942178
5643,-9.55,12.75,0,0.05944488279936708
5644,20.15,1.1,1,0.05941516035796739
5645,20.2,-19.7,1,0.059385452777788415
5646,20.1,0.25,1,0.059355760051399524
5647,20.45,1.1000000000000003,1,0.05932608217137383
5648,20.4,1.2500000000000002,1,0.059296419130288144
5649,20.2,1.05,1,0.059266770920723
5650,20.25,0.6000000000000001,1,0.05923713753526264
5651,20.1,0.5500000000000002,1,0.05920751896649502
5652,-9.25,13.049999999999999,0,0.05917791520701177
5653,20.4,1.1500000000000001,1,0.05914832624940827
5654,20.45,1.1000000000000003,1,0.059118752086283574
5655,20.35,1.0000000000000002,1,0.059089192710240435
5656,20.25,0.9000000000000001,1,0.05905964811388532
5657,20.2,1.05,1,0.059030118289828376
5658,20.3,1.1500000000000001,1,0.059000603230683464
5659,-8.95,13.249999999999998,0,0.058971102929068125
5660,20.85,2.499999999999999,1,0.058941617377603596
5661,20.15,0.3,1,0.058912146568914796
5662,20.2,0.45,1,0.058882690495630344
5663,20.1,0.25,1,0.05885324915038253
5664,20.2,-19.5,1,0.05882382252580734
5665,20.65,2.3999999999999995,1,0.05879441061454444
5666,20.3,0.9500000000000002,1,0.05876501340923717
5667,20.15,0.7000000000000001,1,0.05873563090253255
5668,20.2,0.45,1,0.05870626308708129
5669,20.3,1.05,1,0.05867690995553775
5670,20.0,0.05,1,0.058647571500559985
5671,20.1,0.25,1,0.05861824771480971
5672,20.5,1.55,1,0.05858893859095231
5673,20.2,0.45,1,0.05855964412165684
5674,20.15,0.3,1,0.058530364299596016
5675,20.0,0.45,1,0.05850109911744622
5676,20.05,0.5,1,0.0584718485678875
5677,20.3,0.8500000000000002,1,0.05844261264360356
5678,20.25,1.1000000000000003,1,0.05841339133728176
5679,-8.95,13.349999999999998,0,0.05838418464161312
5680,20.35,1.5000000000000002,1,0.05835499254929232
5681,-9.45,12.749999999999998,0,0.05832581505301768
5682,20.15,0.3,1,0.05829665214549117
5683,20.25,0.6000000000000001,1,0.05826750381941843
5684,20.2,0.7500000000000001,1,0.05823837006750872
5685,20.2,-19.6,1,0.058209250882474965
5686,20.25,1.0000000000000002,1,0.05818014625703373
5687,20.15,0.30000000000000004,1,0.05815105618390522
5688,20.3,-18.1,1,0.05812198065581327
5689,20.1,0.35,1,0.05809291966548537
5690,20.65,1.7,1,0.05806387320565263
5691,20.15,1.1000000000000003,1,0.05803484126904981
5692,20.1,0.25,1,0.05800582384841529
5693,20.1,0.25,1,0.057976820936491084
5694,20.0,0.05,1,0.05794783252602284
5695,-9.15,13.149999999999999,0,0.05791885860975983
5696,20.05,0.10000000000000002,1,0.05788989918045495
5697,20.7,2.9499999999999984,1,0.05786095423086473
5698,20.15,0.5000000000000001,1,0.0578320237537493
5699,20.05,0.0,1,0.05780310774187243
5700,20.2,0.8500000000000001,1,0.0577742061880015
5701,20.15,0.5,1,0.0577453190849075
5702,20.1,0.55,1,0.05771644642536505
5703,20.1,1.6500000000000006,1,0.057687588202152376
5704,20.0,0.25,1,0.057658744408051306
5705,20.3,1.1500000000000001,1,0.05762991503584728
5706,20.2,0.55,1,0.05760110007832936
5707,20.1,0.35000000000000003,1,0.0575722995282902
5708,20.15,0.3,1,0.057543513378526055
5709,20.2,0.7500000000000001,1,0.0575147416218368
5710,20.9,2.749999999999999,1,0.057485984251025884
5711,20.15,0.6000000000000001,1,0.05745724125890037
5712,20.15,0.3,1,0.05742851263827092
5713,20.25,0.5000000000000001,1,0.05739979838195179
5714,20.45,1.4000000000000001,1,0.05737109848276082
5715,20.5,2.15,1,0.057342412933519445
5716,20.5,1.2500000000000002,1,0.05731374172705269
5717,20.25,-19.05,1,0.05728508485618917
5718,20.8,2.249999999999999,1,0.05725644231376108
5719,20.6,1.9499999999999995,1,0.0572278140926042
5720,20.15,1.3,1,0.0571992001855579
5721,20.25,0.5000000000000001,1,0.05717060058546512
5722,20.15,0.3,1,0.05714201528517239
5723,-8.85,13.45,0,0.057113444277529804
5724,20.2,0.45,1,0.05708488755539104
5725,20.0,0.25,1,0.057056345111613345
5726,20.2,1.2500000000000002,1,0.05702781693905754
5727,20.1,0.05,1,0.05699930303058802
5728,20.3,0.7500000000000001,1,0.05697080337907273
5729,20.15,0.3,1,0.0569423179773832
5730,20.25,1.4000000000000001,1,0.056913846818394516
5731,-8.75,13.45,0,0.05688538989498532
5732,20.2,0.6500000000000001,1,0.05685694720003783
5733,20.15,0.7000000000000001,1,0.056828518726437814
5734,20.25,0.8000000000000002,1,0.0568001044670746
5735,20.4,1.2500000000000002,1,0.056771704414841064
5736,20.15,0.2,1,0.05674331856263365
5737,20.2,0.6500000000000001,1,0.05671494690335233
5738,20.2,1.7500000000000002,1,0.05668658942990066
5739,20.4,1.2500000000000002,1,0.05665824613518571
5740,20.1,0.25,1,0.05662991701211812
5741,20.3,1.1500000000000001,1,0.05660160205361207
5742,20.4,0.9500000000000002,1,0.056573301252585265
5743,20.1,0.55,1,0.05654501460195897
5744,20.2,0.45000000000000007,1,0.056516742094658
5745,20.1,0.25,1,0.05648848372361067
5746,20.2,0.35000000000000003,1,0.056460239481748865
5747,20.25,0.5000000000000001,1,0.05643200936200799
5748,20.15,0.7000000000000001,1,0.05640379335732699
5749,-9.35,12.95,0,0.05637559146064833
5750,20.15,1.3,1,0.05634740366491801
5751,20.15,0.9000000000000001,1,0.056319229963085554
5752,20.3,1.4500000000000004,1,0.056291070348104016
5753,20.5,1.3499999999999999,1,0.056262924812929965
5754,-9.25,13.049999999999999,0,0.056234793350523504
5755,20.2,0.6500000000000001,1,0.05620667595384825
5756,20.35,0.8000000000000002,1,0.05617857261587133
5757,20.25,0.5000000000000001,1,0.0561504833295634
5758,-8.95,13.25,0,0.05612240808789862
5759,20.15,0.3,1,0.05609434688385467
5760,20.1,0.7500000000000002,1,0.05606629971041275
5761,20.2,0.6500000000000001,1,0.05603826656055755
5762,20.35,1.2,1,0.056010247427277275
5763,20.2,1.1500000000000001,1,0.05598224230356364
5764,-8.85,13.45,0,0.05595425118241186
5765,20.4,1.8500000000000003,1,0.05592627405682066
5766,20.25,0.9000000000000001,1,0.05589831091979225
5767,20.2,0.45,1,0.055870361764332355
5768,20.1,0.25,1,0.05584242658345019
5769,20.3,0.9500000000000002,1,0.05581450537015847
5770,20.05,0.39999999999999997,1,0.05578659811747339
5771,20.15,0.3,1,0.05575870481841466
5772,20.1,0.25,1,0.055730825466005454
5773,20.15,0.7000000000000001,1,0.05570296005327245
5774,20.3,0.7500000000000001,1,0.05567510857324582
5775,20.1,0.35,1,0.0556472710189592
5776,20.1,0.55,1,0.055619447383449726
5777,20.15,-19.75,1,0.055591637659758004
5778,20.3,1.1500000000000001,1,0.05556384184092813
5779,20.65,2.0999999999999996,1,0.055536059920007666
5780,20.15,1.1000000000000003,1,0.05550829189004766
5781,20.3,1.55,1,0.055480537744102644
5782,20.2,0.45,1,0.055452797475230596
5783,20.15,0.3,1,0.055425071076492985
5784,20.6,1.6499999999999997,1,0.05539735854095474
5785,20.2,1.05,1,0.05536965986168427
5786,20.1,0.25,1,0.05534197503175343
5787,-8.95,13.25,0,0.05531430404423755
5788,20.2,0.6500000000000001,1,0.055286646892215435
5789,20.45,1.3000000000000003,1,0.05525900356876933
5790,20.05,0.3,1,0.05523137406698495
5791,20.2,0.6500000000000001,1,0.055203758379951465
5792,20.1,0.25,1,0.05517615650076149
5793,20.15,0.7000000000000001,1,0.05514856842251111
5794,20.6,1.8499999999999999,1,0.05512099413829986
5795,20.15,0.6000000000000001,1,0.05509343364123071
5796,-8.85,13.45,0,0.0550658869244101
5797,20.4,-19.1,1,0.0550383539809479
5798,20.0,0.45,1,0.05501083480395743
5799,21.2,3.4499999999999984,1,0.05498332938655545
5800,20.2,0.6500000000000001,1,0.054955837721862175
5801,20.05,1.2000000000000004,1,0.054928359803001245
5802,20.2,1.0500000000000003,1,0.05490089562309975
5803,20.3,0.7500000000000001,1,0.0548734451752882
5804,20.15,0.8000000000000002,1,0.05484600845270056
5805,20.35,1.0000000000000002,1,0.05481858544847421
5806,20.4,1.2500000000000002,1,0.05479117615574998
5807,20.25,1.2,1,0.05476378056767211
5808,20.15,0.6000000000000001,1,0.054736398677388276
5809,20.1,0.35,1,0.054709030478049585
5810,20.35,1.4000000000000001,1,0.054681675962810566
5811,20.1,0.35,1,0.054654335124829166
5812,20.1,0.35,1,0.05462700795726676
5813,20.65,1.9999999999999998,1,0.054599694453288126
5814,20.15,0.2,1,0.05457239460606148
5815,20.1,0.35000000000000003,1,0.05454510840875845
5816,20.15,0.3,1,0.054517835854554074
5817,20.15,0.6000000000000001,1,0.0544905769366268
5818,20.4,1.3500000000000005,1,0.05446333164815849
5819,20.3,1.05,1,0.05443609998233441
5820,20.35,1.5000000000000002,1,0.054408881932343243
5821,20.25,0.5000000000000001,1,0.054381677491377074
5822,20.25,0.6000000000000001,1,0.05435448665263139
5823,20.2,1.05,1,0.05432730940930507
5824,20.15,-19.45,1,0.054300145754600425
5825,20.6,1.6499999999999997,1,0.05427299568172313
5826,20.35,-19.25,1,0.05424585918388227
5827,20.05,0.2,1,0.054218736254290335
5828,20.7,2.749999999999999,1,0.05419162688616319
5829,20.05,-19.85,1,0.05416453107272011
5830,20.1,0.15000000000000002,1,0.054137448807183755
5831,20.15,0.39999999999999997,1,0.054110380082780164
5832,20.15,0.3,1,0.054083324892738774
5833,20.1,0.25,1,0.05405628323029241
5834,20.45,1.8,1,0.054029255088677265
5835,20.2,1.05,1,0.05400224046113293
5836,20.1,0.25,1,0.05397523934090237
5837,20.4,1.95,1,0.053948251721231924
5838,20.4,1.55,1,0.05392127759537131
5839,20.25,0.5000000000000001,1,0.05389431695657363
5840,20.05,0.3,1,0.053867369798095345
5841,20.5,1.55,1,0.0538404361131963
5842,20.25,0.5000000000000001,1,0.053813515895139705
5843,20.4,1.2500000000000002,1,0.05378660913719214
5844,20.25,1.0000000000000002,1,0.053759715832623546
5845,20.35,1.9000000000000001,1,0.05373283597470724
5846,20.05,0.0,1,0.053705969556719885
5847,20.25,1.1000000000000003,1,0.05367911657194153
5848,20.25,0.5000000000000001,1,0.05365227701365556
5849,20.05,0.4,1,0.053625450875148736
5850,20.1,1.05,1,0.053598638149711164
5851,20.2,0.8500000000000001,1,0.05357183883063631
5852,20.15,1.1000000000000003,1,0.053545052911221
5853,20.65,2.299999999999999,1,0.05351828038476539
5854,20.3,0.7500000000000001,1,0.05349152124457301
5855,-8.95,13.249999999999998,0,0.053464775483950726
5856,20.25,0.9000000000000001,1,0.053438043096208754
5857,20.05,0.4,1,0.053411324074660656
5858,20.15,0.3,1,0.053384618412623326
5859,20.25,0.6000000000000001,1,0.05335792610341702
5860,20.2,0.55,1,0.053331247140365315
5861,20.25,1.2000000000000002,1,0.05330458151679514
5862,-8.75,13.45,0,0.053277929226036747
5863,20.25,1.1000000000000003,1,0.05325129026142373
5864,20.35,1.8000000000000005,1,0.05322466461629302
5865,-9.15,13.149999999999999,0,0.05319805228398488
5866,-9.25,13.049999999999999,0,0.05317145325784289
5867,20.15,0.2,1,0.053144867531213974
5868,20.25,0.5000000000000001,1,0.05311829509744837
5869,-8.95,13.249999999999998,0,0.05309173594989965
5870,20.2,1.05,1,0.05306519008192471
5871,20.15,1.1000000000000003,1,0.05303865748688375
5872,20.25,0.5000000000000001,1,0.053012138158140314
5873,20.2,1.2500000000000002,1,0.05298563208906125
5874,20.1,0.05,1,0.05295913927301672
5875,20.15,0.7000000000000001,1,0.052932659703380215
5876,20.25,1.1000000000000003,1,0.052906193373528525
5877,20.1,0.25,1,0.052879740276841766
5878,20.9,2.649999999999999,1,0.05285330040670335
5879,-9.049999999999999,13.249999999999998,0,0.052826873756500005
5880,20.15,1.1000000000000003,1,0.05280046031962176
5881,20.1,0.05,1,0.05277406008946195
5882,20.1,0.55,1,0.05274767305941722
5883,20.25,0.5000000000000001,1,0.05272129922288752
5884,20.25,1.2,1,0.052694938573276076
5885,-8.95,13.45,0,0.05266859110398944
5886,-8.95,13.549999999999999,0,0.052642256808437454
5887,20.2,0.45,1,0.05261593568003324
5888,20.15,0.9000000000000001,1,0.05258962771219323
5889,20.2,0.8500000000000001,1,0.05256333289833713
5890,20.05,0.39999999999999997,1,0.05253705123188797
5891,20.2,0.45,1,0.052510782706272026
5892,20.25,0.6000000000000001,1,0.05248452731491889
5893,20.25,0.5000000000000001,1,0.05245828505126143
5894,20.15,1.1000000000000003,1,0.05243205590873581
5895,20.15,0.5,1,0.052405839880781444
5896,-8.95,13.249999999999998,0,0.05237963696084105
5897,20.2,0.45,1,0.052353447142360635
5898,-8.75,13.549999999999999,0,0.05232727041878946
5899,20.35,1.3,1,0.05230110678358006
5900,20.35,1.4000000000000001,1,0.052274956230188276
5901,-8.95,13.249999999999998,0,0.052248818752073184
5902,20.25,0.5000000000000001,1,0.05222269434269715
5903,20.05,0.6000000000000001,1,0.052196582995525806
5904,20.15,0.3,1,0.05217048470402805
5905,20.25,1.0000000000000002,1,0.05214439946167604
5906,-10.45,11.85,0,0.0521183272619452
5907,19.95,0.3,1,0.05209226809831423
5908,20.15,1.3,1,0.05206622196426507
5909,20.35,0.9000000000000001,1,0.052040188853282945
5910,20.2,0.6500000000000001,1,0.052014168758856304
5911,20.25,0.5000000000000001,1,0.051988161674476875
5912,20.15,0.7000000000000001,1,0.05196216759363964
5913,20.2,0.45,1,0.05193618650984282
5914,20.05,0.2,1,0.051910218416587904
5915,-9.25,13.049999999999999,0,0.051884263307379615
5916,20.15,0.4,1,0.051858321175725926
5917,20.25,0.5000000000000001,1,0.05183239201513806
5918,20.15,0.4,1,0.0518064758191305
5919,-8.95,13.349999999999998,0,0.051780572581220936
5920,20.3,0.9500000000000002,1,0.051754682294930326
5921,20.15,0.7000000000000002,1,0.05172880495378286
5922,20.15,0.4,1,0.051702940551305976
5923,20.25,1.3000000000000005,1,0.051677089081030324
5924,20.35,1.3,1,0.051651250536489814
5925,-9.049999999999999,13.349999999999998,0,0.051625424911221574
5926,19.8,0.5499999999999999,1,0.051599612198765965
5927,20.3,1.05,1,0.05157381239266658
5928,20.25,1.4000000000000001,1,0.05154802548647025
5929,20.15,0.2,1,0.05152225147372702
5930,20.2,-19.5,1,0.05149649034799016
5931,20.15,0.6000000000000001,1,0.05147074210281617
5932,20.2,0.45,1,0.05144500673176477
5933,20.2,0.55,1,0.051419284228398886
5934,20.25,0.5000000000000001,1,0.05139357458628469
5935,20.35,1.3,1,0.05136787779899155
5936,20.7,2.449999999999999,1,0.05134219386009206
5937,20.25,0.6000000000000001,1,0.051316522763162016
5938,20.4,1.6500000000000001,1,0.051290864501780435
5939,20.3,2.1500000000000004,1,0.05126521906952955
5940,20.25,-19.35,1,0.05123958645999479
5941,20.25,0.5000000000000001,1,0.051213966666764796
5942,19.7,1.7500000000000002,1,0.05118835968343142
5943,20.25,0.6000000000000001,1,0.051162765503589704
5944,20.2,-19.7,1,0.05113718412083791
5945,20.6,1.8499999999999999,1,0.05111161552877749
5946,20.2,0.45,1,0.051086059721013106
5947,20.1,0.15000000000000002,1,0.0510605166911526
5948,20.3,1.0500000000000003,1,0.051034986432807024
5949,20.35,1.3,1,0.05100946893959062
5950,-8.85,13.549999999999999,0,0.05098396420512083
5951,20.2,0.35000000000000003,1,0.050958472223018275
5952,20.5,1.3499999999999999,1,0.05093299298690677
5953,20.5,1.4500000000000004,1,0.050907526490413316
5954,20.2,-19.7,1,0.05088207272716811
5955,20.25,0.6000000000000001,1,0.05085663169080453
5956,-9.65,12.649999999999999,0,0.05083120337495913
5957,19.6,0.8500000000000002,1,0.05080578777327165
5958,20.3,1.05,1,0.05078038487938502
5959,20.1,1.3499999999999999,1,0.05075499468694533
5960,20.65,1.9999999999999998,1,0.05072961718960186
5961,20.25,1.3,1,0.050704252381007064
5962,20.1,0.55,1,0.05067890025481656
5963,20.75,-17.95,1,0.050653560804689156
5964,20.1,0.25,1,0.05062823402428682
5965,20.1,0.35,1,0.050602919907274675
5966,20.75,1.9999999999999998,1,0.05057761844732104
5967,20.5,2.149999999999999,1,0.05055232963809738
5968,20.25,0.5000000000000001,1,0.050527053473278336
5969,20.1,0.15000000000000002,1,0.0505017899465417
5970,20.15,0.3,1,0.05047653905156843
5971,20.2,0.8500000000000002,1,0.05045130078204265
5972,20.1,0.05,1,0.050426075131651635
5973,20.15,0.2,1,0.05040086209408581
5974,20.3,1.1500000000000001,1,0.05037566166303877
5975,20.2,0.8500000000000002,1,0.050350473832207254
5976,20.25,0.5000000000000001,1,0.050325298595291154
5977,20.2,0.55,1,0.05030013594599351
5978,20.15,0.3,1,0.05027498587802051
5979,20.1,0.15000000000000002,1,0.0502498483850815
5980,20.2,0.45,1,0.050224723460888965
5981,20.35,1.2,1,0.05019961109915852
5982,20.85,2.399999999999999,1,0.05017451129360894
5983,20.35,1.5000000000000002,1,0.05014942403796214
5984,20.15,0.3,1,0.05012434932594316
5985,20.1,0.25,1,0.05009928715128019
5986,20.2,-19.3,1,0.05007423750770455
5987,20.1,0.35,1,0.0500492003889507
5988,20.5,1.65,1,0.050024175788756224
5989,20.25,1.1000000000000003,1,0.05
5990,20.1,0.45,1,0.05
5991,20.1,0.55,1,0.05
5992,20.3,0.7500000000000001,1,0.05
5993,20.2,0.6500000000000001,1,0.05
5994,-8.85,13.45,0,0.05
5995,20.1,0.15000000000000002,1,0.05
5996,20.25,0.5000000000000001,1,0.05
5997,20.85,-17.05,1,0.05
5998,20.15,0.3,1,0.05
5999,20.25,0.6000000000000001,1,0.05
6000,20.1,0.15000000000000002,1,0.05
6001,20.5,1.55,1,0.05
6002,19.95,0.3,1,0.05
6003,20.15,1.2,1,0.05
6004,20.1,0.05,1,0.05
6005,-8.75,13.549999999999999,0,0.05
6006,20.2,0.55,1,0.05
6007,20.1,0.55,1,0.05
6008,-8.95,13.349999999999998,0,0.05
6009,20.1,0.15000000000000002,1,0.05
6010,20.25,0.9000000000000001,1,0.05
6011,20.1,1.45,1,0.05
6012,-8.75,13.45,0,0.05
6013,20.1,0.9500000000000002,1,0.05
6014,20.1,-19.5,1,0.05
6015,20.2,1.1500000000000001,1,0.05
6016,20.0,0.25,1,0.05
6017,20.1,0.55,1,0.05
6018,20.1,0.6500000000000001,1,0.05
6019,20.15,0.2,1,0.05
6020,20.25,0.6000000000000001,1,0.05
6021,20.2,0.6500000000000001,1,0.05
6022,20.25,1.0,1,0.05
6023,20.55,2.0,1,0.05
6024,20.1,0.25,1,0.05
6025,20.2,0.45,1,0.05
6026,20.7,1.8499999999999999,1,0.05
6027,20.2,0.55,1,0.05
6028,20.0,0.6500000000000001,1,0.05
6029,20.5,1.4500000000000004,1,0.05
6030,20.25,0.6000000000000001,1,0.05
6031,20.2,0.6500000000000001,1,0.05
6032,20.25,0.5000000000000001,1,0.05
6033,20.2,0.55,1,0.05
6034,20.15,0.4,1,0.05
6035,19.95,1.4000000000000001,1,0.05
6036,20.1,0.35,1,0.05
6037,-8.75,13.549999999999999,0,0.05
6038,20.1,0.35,1,0.05
6039,20.1,0.25,1,0.05
6040,20.25,0.7000000000000001,1,0.05
6041,20.25,0.5000000000000001,1,0.05
6042,20.3,1.1500000000000001,1,0.05
6043,-8.95,13.249999999999998,0,0.05
6044,20.25,0.6000000000000001,1,0.05
6045,20.15,1.1,1,0.05
6046,20.15,0.3,1,0.05
6047,20.15,0.6000000000000001,1,0.05
6048,20.1,0.55,1,0.05
6049,20.05,0.39999999999999997,1,0.05
6050,20.25,0.6000000000000001,1,0.05
6051,20.7,2.449999999999999,1,0.05
6052,20.15,0.6000000000000001,1,0.05
6053,20.3,1.05,1,0.05
6054,20.2,0.45,1,0.05
6055,20.2,0.45,1,0.05
6056,20.2,0.55,1,0.05
6057,20.15,0.2,1,0.05
6058,20.35,1.1000000000000003,1,0.05
6059,20.15,0.3,1,0.05
6060,20.15,0.9000000000000001,1,0.05
6061,20.2,1.2500000000000002,1,0.05
6062,20.25,0.6000000000000001,1,0.05
6063,20.15,0.3,1,0.05
6064,20.2,0.45,1,0.05
6065,20.3,0.7500000000000001,1,0.05
6066,20.2,1.2500000000000002,1,0.05
6067,20.15,0.3,1,0.05
6068,20.3,0.6500000000000001,1,0.05
6069,-8.95,13.349999999999998,0,0.05
6070,20.3,0.9500000000000002,1,0.05
6071,20.1,0.25,1,0.05
6072,20.05,0.4,1,0.05
6073,20.3,1.1500000000000001,1,0.05
6074,20.1,0.7500000000000001,1,0.05
6075,20.1,0.55,1,0.05
6076,-9.049999999999999,13.149999999999999,0,0.05
6077,20.2,0.45,1,0.05
6078,-8.75,13.549999999999999,0,0.05
6079,-8.95,13.45,0,0.05
6080,20.1,0.25,1,0.05
6081,20.2,0.55,1,0.05
6082,20.2,1.05,1,0.05
6083,20.15,0.7000000000000002,1,0.05
6084,19.9,0.85,1,0.05
6085,20.4,0.9500000000000002,1,0.05
6086,-8.85,13.45,0,0.05
6087,20.25,1.7000000000000004,1,0.05
6088,20.25,0.9000000000000001,1,0.05
6089,20.1,0.9500000000000002,1,0.05
6090,20.3,0.6500000000000001,1,0.05
6091,19.95,0.49999999999999994,1,0.05
6092,20.2,0.6500000000000001,1,0.05
6093,-8.95,13.349999999999998,0,0.05
6094,20.2,0.7500000000000001,1,0.05
6095,20.25,1.2,1,0.05
6096,20.65,2.3999999999999995,1,0.05
6097,20.3,0.7500000000000001,1,0.05
6098,20.15,0.3,1,0.05
6099,20.3,1.1500000000000001,1,0.05
6100,20.25,0.5000000000000001,1,0.05
6101,20.1,0.35,1,0.05
6102,20.3,1.05,1,0.05
6103,20.35,1.5000000000000002,1,0.05
6104,20.3,1.05,1,0.05
6105,20.05,1.4000000000000001,1,0.05
6106,-9.049999999999999,13.149999999999999,0,0.05
6107,20.1,0.25,1,0.05
6108,20.2,0.45,1,0.05
6109,20.2,0.45,1,0.05
6110,-8.95,13.249999999999998,0,0.05
6111,20.1,0.45,1,0.05
6112,-9.049999999999999,13.149999999999999,0,0.05
6113,20.3,1.1500000000000001,1,0.05
6114,20.1,-19.4,1,0.05
6115,20.15,0.2,1,0.05
6116,20.15,0.5,1,0.05
6117,19.95,0.8000000000000002,1,0.05
6118,20.1,0.35,1,0.05
6119,20.25,0.5000000000000001,1,0.05
6120,20.2,0.6500000000000001,1,0.05
6121,20.1,0.35,1,0.05
6122,20.2,0.45,1,0.05
6123,20.15,0.2,1,0.05
6124,20.35,1.7000000000000004,1,0.05
6125,20.15,0.3,1,0.05
6126,20.25,1.2,1,0.05
6127,20.25,0.5000000000000001,1,0.05
6128,20.25,0.5000000000000001,1,0.05
6129,20.2,0.8500000000000001,1,0.05
6130,20.15,0.6000000000000001,1,0.05
6131,20.3,0.7500000000000001,1,0.05
6132,20.35,1.1000000000000003,1,0.05
6133,20.6,-18.5,1,0.05
6134,20.2,0.45,1,0.05
6135,20.2,0.45,1,0.05
6136,20.2,0.45,1,0.05
6137,20.1,1.8500000000000003,1,0.05
6138,20.2,1.5500000000000003,1,0.05
6139,21.1,-16.900000000000002,1,0.05
6140,20.1,0.35,1,0.05
6141,20.5,1.55,1,0.05
6142,20.3,1.0500000000000003,1,0.05
6143,20.15,0.5,1,0.05
6144,20.15,0.3,1,0.05
6145,20.05,0.2,1,0.05
6146,20.1,0.25,1,0.05
6147,20.25,1.2,1,0.05
6148,20.15,0.2,1,0.05
6149,20.25,0.9000000000000001,1,0.05
6150,20.25,0.5000000000000001,1,0.05
6151,20.15,0.2,1,0.05
6152,20.15,0.5,1,0.05
6153,20.65,2.1999999999999997,1,0.05
6154,20.1,0.35,1,0.05
6155,20.2,0.6500000000000001,1,0.05
6156,20.1,0.7500000000000001,1,0.05
6157,20.1,0.35,1,0.05
6158,20.4,1.3499999999999999,1,0.05
6159,20.1,1.1500000000000001,1,0.05
6160,20.2,0.55,1,0.05
6161,20.2,0.6500000000000001,1,0.05
6162,20.2,0.45,1,0.05
6163,20.2,0.55,1,0.05
6164,20.2,0.55,1,0.05
6165,20.45,1.2,1,0.05
6166,20.2,0.55,1,0.05
6167,20.1,0.25,1,0.05
6168,20.2,0.6500000000000001,1,0.05
6169,20.2,0.45,1,0.05
6170,20.15,0.3,1,0.05
6171,20.25,1.5000000000000007,1,0.05
6172,20.9,2.549999999999999,1,0.05
6173,20.2,0.55,1,0.05
6174,20.15,0.3,1,0.05
6175,20.05,1.4000000000000006,1,0.05
6176,20.1,0.35,1,0.05
6177,20.2,0.6500000000000001,1,0.05
6178,20.1,0.15000000000000002,1,0.05
6179,20.85,2.699999999999999,1,0.05
6180,20.15,1.1000000000000003,1,0.05
6181,19.9,0.44999999999999996,1,0.05
6182,20.25,0.5000000000000001,1,0.05
6183,20.3,1.05,1,0.05
6184,20.1,0.35,1,0.05
6185,-11.05,11.55,0,0.05
6186,20.1,0.15000000000000002,1,0.05
6187,20.1,1.2500000000000002,1,0.05
6188,21.1,3.1499999999999986,1,0.05
6189,20.2,0.45,1,0.05
6190,-9.049999999999999,13.149999999999999,0,0.05
6191,20.2,0.45,1,0.05
6192,20.35,0.8000000000000002,1,0.05
6193,20.15,0.7000000000000001,1,0.05
6194,20.15,0.2,1,0.05
6195,20.25,1.1000000000000003,1,0.05
6196,20.05,0.2,1,0.05
6197,20.3,1.65,1,0.05
6198,20.15,0.2,1,0.05
6199,20.15,0.6000000000000001,1,0.05
6200,20.15,0.6000000000000001,1,0.05
6201,20.15,0.2,1,0.05
6202,20.2,0.45,1,0.05
6203,20.2,-19.7,1,0.05
6204,20.1,0.5500000000000002,1,0.05
6205,-9.25,13.049999999999999,0,0.05
6206,20.25,1.2,1,0.05
6207,20.2,0.45,1,0.05
6208,20.15,0.2,1,0.05
6209,-8.75,13.45,0,0.05
6210,20.65,-18.35,1,0.05
6211,20.15,0.3,1,0.05
6212,20.2,1.05,1,0.05
6213,-9.25,13.049999999999999,0,0.05
6214,20.1,0.25,1,0.05
6215,20.3,1.05,1,0.05
6216,20.05,0.3,1,0.05
6217,20.15,0.3,1,0.05
6218,20.45,1.6,1,0.05
6219,20.05,-20.05,1,0.05
6220,20.05,0.8000000000000002,1,0.05
6221,20.3,1.05,1,0.05
6222,20.1,0.25,1,0.05
6223,-8.75,13.45,0,0.05
6224,20.4,1.3499999999999999,1,0.05
6225,20.25,1.0000000000000002,1,0.05
6226,20.55,1.4000000000000001,1,0.05
6227,20.1,0.25,1,0.05
6228,-8.85,13.45,0,0.05
6229,20.3,1.1500000000000004,1,0.05
6230,20.2,0.55,1,0.05
6231,20.25,0.6000000000000001,1,0.05
6232,20.9,2.7499999999999987,1,0.05
6233,20.2,0.45,1,0.05
6234,20.75,2.699999999999999,1,0.05
6235,-9.15,13.049999999999999,0,0.05
6236,20.05,0.0,1,0.05
6237,20.8,2.8499999999999988,1,0.05
6238,20.25,1.1000000000000003,1,0.05
6239,20.2,0.6500000000000001,1,0.05
6240,20.35,1.5000000000000002,1,0.05
6241,20.25,1.1000000000000003,1,0.05
6242,20.2,0.45,1,0.05
6243,20.15,0.8000000000000002,1,0.05
6244,20.3,0.7500000000000001,1,0.05
6245,20.15,0.3,1,0.05
6246,20.3,0.7500000000000001,1,0.05
6247,20.15,-19.75,1,0.05
6248,20.25,0.6000000000000001,1,0.05
6249,20.15,0.7000000000000001,1,0.05
6250,20.0,0.45,1,0.05
6251,20.2,0.6500000000000001,1,0.05
6252,20.15,0.7000000000000001,1,0.05
6253,20.3,0.6500000000000001,1,0.05
6254,20.25,1.0000000000000002,1,0.05
6255,20.15,-19.75,1,0.05
6256,20.2,1.05,1,0.05
6257,20.2,0.5500000000000002,1,0.05
6258,20.35,0.9000000000000001,1,0.05
6259,-9.049999999999999,13.249999999999998,0,0.05
6260,20.2,0.45,1,0.05
6261,20.3,0.7500000000000001,1,0.05
6262,20.1,1.4500000000000004,1,0.05
6263,20.15,0.7000000000000001,1,0.05
6264,20.25,1.5000000000000002,1,0.05
6265,20.15,0.6000000000000001,1,0.05
6266,20.35,1.3,1,0.05
6267,20.2,0.6500000000000001,1,0.05
6268,-8.95,13.249999999999998,0,0.05
6269,20.3,0.9500000000000002,1,0.05
6270,20.3,1.05,1,0.05
6271,20.0,0.15000000000000002,1,0.05
6272,20.15,1.3,1,0.05
6273,20.25,1.1000000000000003,1,0.05
6274,20.25,0.8000000000000002,1,0.05
6275,20.15,0.3,1,0.05
6276,20.5,1.55,1,0.05
6277,20.25,1.4000000000000001,1,0.05
6278,20.1,0.35,1,0.05
6279,20.45,1.6,1,0.05
6280,20.15,-19.85,1,0.05
6281,20.15,1.1000000000000003,1,0.05
6282,20.2,0.45,1,0.05
6283,20.1,0.25,1,0.05
6284,20.0,0.25,1,0.05
6285,20.35,1.3,1,0.05
6286,20.2,0.8500000000000002,1,0.05
6287,20.1,-19.8,1,0.05
6288,20.25,0.6000000000000001,1,0.05
6289,20.2,0.55,1,0.05
6290,20.25,1.2,1,0.05
6291,20.15,0.6000000000000001,1,0.05
6292,20.75,1.9999999999999998,1,0.05
6293,20.25,1.2,1,0.05
6294,20.05,0.3,1,0.05
6295,20.25,0.6000000000000001,1,0.05
6296,20.15,0.6000000000000001,1,0.05
6297,20.15,0.6000000000000001,1,0.05
6298,20.2,0.45,1,0.05
6299,20.3,1.05,1,0.05
6300,20.15,0.5000000000000001,1,0.05
6301,20.1,0.15000000000000002,1,0.05
6302,20.25,0.5000000000000001,1,0.05
6303,20.1,0.7500000000000001,1,0.05
6304,20.15,0.2,1,0.05
6305,20.15,1.3000000000000005,1,0.05
6306,20.15,0.2,1,0.05
6307,20.2,0.9500000000000002,1,0.05
6308,20.25,0.6000000000000001,1,0.05
6309,20.15,0.3,1,0.05
6310,20.15,0.8000000000000002,1,0.05
6311,20.6,1.6499999999999997,1,0.05
6312,-8.85,13.349999999999998,0,0.05
6313,19.95,0.3,1,0.05
6314,20.2,0.55,1,0.05
6315,20.8,2.649999999999999,1,0.05
6316,20.1,0.05,1,0.05
6317,20.3,1.05,1,0.05
6318,20.25,0.6000000000000001,1,0.05
6319,20.5,1.55,1,0.05
6320,-8.75,13.549999999999999,0,0.05
6321,20.2,0.55,1,0.05
6322,20.2,0.45,1,0.05
6323,20.3,1.1500000000000001,1,0.05
6324,20.2,0.55,1,0.05
6325,-9.25,13.049999999999999,0,0.05
6326,20.35,1.3,1,0.05
6327,20.15,-19.85,1,0.05
6328,20.3,1.05,1,0.05
6329,20.3,1.3500000000000003,1,0.05
6330,-8.85,13.45,0,0.05
6331,20.15,0.3,1,0.05
6332,20.25,1.0000000000000002,1,0.05
6333,20.1,0.45,1,0.05
6334,20.0,1.2500000000000002,1,0.05
6335,20.25,0.5000000000000001,1,0.05
6336,20.3,0.7500000000000001,1,0.05
6337,20.3,0.8500000000000001,1,0.05
6338,20.1,0.15000000000000002,1,0.05
6339,20.1,0.35,1,0.05
6340,20.15,0.5,1,0.05
6341,20.5,1.55,1,0.05
6342,20.2,0.6500000000000001,1,0.05
6343,20.25,0.8000000000000002,1,0.05
6344,20.4,-19.0,1,0.05
6345,19.95,0.2,1,0.05
6346,20.75,2.599999999999999,1,0.05
6347,-8.85,13.45,0,0.05
6348,20.1,0.15000000000000002,1,0.05
6349,20.3,1.05,1,0.05
6350,20.25,1.2,1,0.05
6351,20.05,0.0,1,0.05
6352,20.3,1.1500000000000001,1,0.05
6353,20.15,0.3,1,0.05
6354,20.25,0.6000000000000001,1,0.05
6355,20.2,0.55,1,0.05
6356,20.2,0.6500000000000001,1,0.05
6357,20.45,1.4999999999999998,1,0.05
6358,20.9,2.8499999999999988,1,0.05
6359,20.15,1.3,1,0.05
6360,20.15,0.6000000000000001,1,0.05
6361,20.15,0.6000000000000001,1,0.05
6362,20.1,0.55,1,0.05
6363,20.3,-19.3,1,0.05
6364,20.1,-19.9,1,0.05
6365,20.2,0.45,1,0.05
6366,20.6,1.8499999999999999,1,0.05
6367,20.25,1.2,1,0.05
6368,20.25,1.0000000000000002,1,0.05
6369,20.25,1.5000000000000002,1,0.05
6370,-8.95,13.249999999999998,0,0.05
6371,20.35,1.3,1,0.05
6372,20.2,1.05,1,0.05
6373,20.1,0.25,1,0.05
6374,20.0,0.25,1,0.05
6375,20.1,-19.4,1,0.05
6376,20.65,2.399999999999999,1,0.05
6377,20.75,2.7999999999999994,1,0.05
6378,20.2,1.05,1,0.05
6379,20.15,0.3,1,0.05
6380,20.1,0.7500000000000002,1,0.05
6381,20.1,0.35,1,0.05
6382,20.15,0.3,1,0.05
6383,20.1,0.45,1,0.05
6384,20.25,-19.05,1,0.05
6385,-8.95,13.249999999999998,0,0.05
6386,20.25,0.6000000000000001,1,0.05
6387,21.0,-16.900000000000002,1,0.05
6388,20.15,0.6000000000000001,1,0.05
6389,20.15,0.2,1,0.05
6390,20.3,1.5500000000000003,1,0.05
6391,20.1,0.25,1,0.05
6392,20.2,0.9500000000000002,1,0.05
6393,20.25,1.1000000000000003,1,0.05
6394,20.3,0.6500000000000001,1,0.05
6395,20.7,2.1499999999999995,1,0.05
6396,20.35,1.3,1,0.05
6397,20.05,0.2,1,0.05
6398,20.0,0.8500000000000001,1,0.05
6399,-8.85,13.35,0,0.05
6400,20.05,0.6000000000000001,1,0.05
6401,20.15,0.3,1,0.05
6402,21.1,3.2499999999999987,1,0.05
6403,20.4,1.1500000000000001,1,0.05
6404,19.95,0.10000000000000002,1,0.05
6405,20.2,0.6500000000000001,1,0.05
6406,20.2,0.45,1,0.05
6407,20.55,1.7,1,0.05
6408,-8.75,13.45,0,0.05
6409,20.15,0.3,1,0.05
6410,20.05,0.39999999999999997,1,0.05
6411,20.3,0.7500000000000001,1,0.05
6412,20.25,1.1000000000000003,1,0.05
6413,20.25,0.6000000000000001,1,0.05
6414,20.3,1.1500000000000001,1,0.05
6415,20.15,0.3,1,0.05
6416,20.15,0.3,1,0.05
6417,20.1,0.25,1,0.05
6418,20.3,-19.3,1,0.05
6419,20.05,0.5,1,0.05
6420,20.05,0.2,1,0.05
6421,20.2,0.45,1,0.05
6422,20.3,1.05,1,0.05
6423,20.25,0.7000000000000001,1,0.05
6424,20.15,0.9000000000000001,1,0.05
6425,20.25,0.6000000000000001,1,0.05
6426,20.95,-17.35,1,0.05
6427,20.1,0.35,1,0.05
6428,-8.85,13.349999999999998,0,0.05
6429,20.25,-19.45,1,0.05
6430,20.0,0.05,1,0.05
6431,20.1,-19.6,1,0.05
6432,-8.85,13.45,0,0.05
6433,20.3,0.7500000000000001,1,0.05
6434,21.2,3.4499999999999984,1,0.05
6435,-8.75,13.549999999999999,0,0.05
6436,-8.85,13.349999999999998,0,0.05
6437,20.2,0.6500000000000001,1,0.05
6438,20.35,1.8,1,0.05
6439,20.15,0.8000000000000002,1,0.05
6440,20.3,1.35,1,0.05
6441,20.2,1.2500000000000002,1,0.05
6442,20.15,0.3,1,0.05
6443,20.6,1.6499999999999997,1,0.05
6444,20.45,-18.45,1,0.05
6445,20.35,1.8000000000000005,1,0.05
6446,20.15,0.3,1,0.05
6447,20.25,0.5000000000000001,1,0.05
6448,20.15,-19.35,1,0.05
6449,20.25,1.7000000000000002,1,0.05
6450,20.2,0.6500000000000001,1,0.05
6451,20.1,0.35,1,0.05
6452,20.35,1.2000000000000004,1,0.05
6453,20.15,0.3,1,0.05
6454,20.2,0.45,1,0.05
6455,20.1,-19.9,1,0.05
6456,20.55,2.1,1,0.05
6457,20.25,0.6000000000000001,1,0.05
6458,20.35,-19.25,1,0.05
6459,20.15,1.2,1,0.05
6460,20.25,0.5000000000000001,1,0.05
6461,20.15,0.7000000000000001,1,0.05
6462,20.65,2.1999999999999993,1,0.05
6463,20.5,1.8499999999999999,1,0.05
6464,-8.95,13.349999999999998,0,0.05
6465,20.35,1.3,1,0.05
6466,20.25,1.1000000000000003,1,0.05
6467,20.1,0.15000000000000002,1,0.05
6468,20.15,0.3,1,0.05
6469,20.1,0.25,1,0.05
6470,-8.85,13.349999999999998,0,0.05
6471,20.35,1.7,1,0.05
6472,20.05,0.39999999999999997,1,0.05
6473,20.2,0.8500000000000002,1,0.05
6474,20.0,-19.4,1,0.05
6475,-9.25,13.049999999999999,0,0.05
6476,20.15,0.3,1,0.05
6477,20.3,1.35,1,0.05
6478,-8.75,13.45,0,0.05
6479,20.25,0.5000000000000001,1,0.05
6480,20.2,0.6500000000000001,1,0.05
6481,20.85,2.9999999999999987,1,0.05
6482,20.25,1.2,1,0.05
6483,20.9,2.749999999999999,1,0.05
6484,-9.15,13.149999999999999,0,0.05
6485,20.2,0.45,1,0.05
6486,20.2,0.45,1,0.05
6487,20.1,0.15000000000000002,1,0.05
6488,20.3,0.7500000000000001,1,0.05
6489,20.15,1.1000000000000003,1,0.05
6490,-9.15,13.149999999999999,0,0.05
6491,20.35,1.3,1,0.05
6492,20.75,2.2999999999999994,1,0.05
6493,20.25,1.4000000000000001,1,0.05
6494,20.25,0.5000000000000001,1,0.05
6495,20.05,0.3,1,0.05
6496,20.7,1.9499999999999995,1,0.05
6497,20.2,-19.4,1,0.05
6498,20.1,0.15000000000000002,1,0.05
6499,20.15,0.3,1,0.05
6500,20.25,0.5000000000000001,1,0.05
6501,20.1,0.05,1,0.05
6502,-8.95,13.349999999999998,0,0.05
6503,20.15,0.5,1,0.05
6504,20.15,0.2,1,0.05
6505,20.15,0.5000000000000001,1,0.05
6506,-9.049999999999999,13.25,0,0.05
6507,20.15,0.2,1,0.05
6508,20.3,1.05,1,0.05
6509,20.05,0.0,1,0.05
6510,20.2,1.05,1,0.05
6511,20.15,0.2,1,0.05
6512,20.85,2.4999999999999996,1,0.05
6513,20.15,0.6000000000000001,1,0.05
6514,20.15,0.2,1,0.05
6515,19.95,0.3,1,0.05
6516,20.1,0.25,1,0.05
6517,20.7,2.449999999999999,1,0.05
6518,20.1,0.55,1,0.05
6519,20.4,1.4500000000000004,1,0.05
6520,20.35,1.2,1,0.05
6521,20.1,0.05,1,0.05
6522,20.35,1.3000000000000005,1,0.05
6523,20.1,0.35,1,0.05
6524,19.85,0.39999999999999997,1,0.05
6525,20.2,0.6500000000000001,1,0.05
6526,20.2,0.6500000000000001,1,0.05
6527,20.05,0.0,1,0.05
6528,20.45,1.4000000000000001,1,0.05
6529,20.05,0.3,1,0.05
6530,20.15,0.3,1,0.05
6531,20.25,1.1000000000000003,1,0.05
6532,20.2,0.6500000000000001,1,0.05
6533,20.05,0.2,1,0.05
6534,20.25,0.5000000000000001,1,0.05
6535,20.0,-19.8,1,0.05
6536,20.1,1.0500000000000003,1,0.05
6537,20.25,1.2,1,0.05
6538,20.15,0.3,1,0.05
6539,20.15,0.3,1,0.05
6540,20.2,0.8500000000000001,1,0.05
6541,20.35,0.9000000000000001,1,0.05
6542,19.9,1.3500000000000003,1,0.05
6543,20.05,0.6000000000000001,1,0.05
6544,20.1,0.15000000000000002,1,0.05
6545,-8.95,13.349999999999998,0,0.05
6546,-9.049999999999999,13.149999999999999,0,0.05
6547,20.1,0.15000000000000002,1,0.05
6548,-8.75,13.549999999999999,0,0.05
6549,20.35,-18.85,1,0.05
6550,20.2,0.45,1,0.05
6551,20.1,1.1500000000000001,1,0.05
6552,20.5,1.2500000000000002,1,0.05
6553,20.15,0.3,1,0.05
6554,-8.85,13.349999999999998,0,0.05
6555,20.2,0.55,1,0.05
6556,20.1,0.25,1,0.05
6557,20.1,0.35,1,0.05
6558,20.5,1.6500000000000004,1,0.05
6559,20.1,0.55,1,0.05
6560,20.15,1.5000000000000002,1,0.05
6561,20.15,0.2,1,0.05
6562,20.5,1.7499999999999998,1,0.05
6563,-8.95,13.349999999999998,0,0.05
6564,20.25,0.6000000000000001,1,0.05
6565,20.25,0.5000000000000001,1,0.05
6566,20.15,0.7000000000000001,1,0.05
6567,20.05,0.39999999999999997,1,0.05
6568,20.3,1.05,1,0.05
6569,20.2,1.25,1,0.05
6570,20.15,-19.05,1,0.05
6571,20.25,1.6000000000000003,1,0.05
6572,20.3,1.1500000000000001,1,0.05
6573,20.1,0.9500000000000002,1,0.05
6574,20.1,0.3500000000000001,1,0.05
6575,20.15,0.7000000000000001,1,0.05
6576,20.3,0.9500000000000002,1,0.05
6577,20.1,0.55,1,0.05
6578,20.1,0.7500000000000001,1,0.05
6579,20.3,1.05,1,0.05
6580,20.0,0.15000000000000002,1,0.05
6581,20.15,0.30000000000000004,1,0.05
6582,20.1,0.35000000000000003,1,0.05
6583,20.2,0.55,1,0.05
6584,-8.95,13.349999999999998,0,0.05
6585,20.1,0.5500000000000002,1,0.05
6586,20.35,1.3,1,0.05
6587,20.0,0.35,1,0.05
6588,20.3,1.4500000000000004,1,0.05
6589,20.1,0.7500000000000001,1,0.05
6590,20.2,0.6500000000000001,1,0.05
6591,20.1,0.7500000000000001,1,0.05
6592,20.25,0.9000000000000001,1,0.05
6593,20.2,0.55,1,0.05
6594,20.1,0.35,1,0.05
6595,20.45,1.2,1,0.05
6596,20.25,0.5000000000000001,1,0.05
6597,20.25,1.1000000000000003,1,0.05
6598,20.25,1.2,1,0.05
6599,20.15,0.3,1,0.05
6600,20.15,-19.75,1,0.05
6601,20.3,0.8500000000000001,1,0.05
6602,-8.85,13.349999999999998,0,0.05
6603,20.0,-19.6,1,0.05
6604,20.2,0.55,1,0.05
6605,20.1,0.15000000000000002,1,0.05
6606,20.3,1.1500000000000001,1,0.05
6607,20.1,0.35,1,0.05
6608,20.25,0.6000000000000001,1,0.05
6609,20.25,0.8000000000000002,1,0.05
6610,20.15,0.3,1,0.05
6611,-8.95,13.349999999999998,0,0.05
6612,20.15,0.6000000000000001,1,0.05
6613,20.1,0.35,1,0.05
6614,20.1,0.15000000000000002,1,0.05
6615,20.1,0.35,1,0.05
6616,20.25,0.9000000000000001,1,0.05
6617,-11.05,11.55,0,0.05
6618,20.15,1.3,1,0.05
6619,20.1,0.25,1,0.05
6620,20.8,2.5499999999999994,1,0.05
6621,20.2,0.45,1,0.05
6622,20.0,0.25,1,0.05
6623,20.1,0.35,1,0.05
6624,-8.75,13.549999999999999,0,0.05
6625,20.15,1.1000000000000003,1,0.05
6626,20.25,0.5000000000000001,1,0.05
6627,20.15,0.3,1,0.05
6628,20.55,1.7,1,0.05
6629,20.15,0.3,1,0.05
6630,20.15,0.7000000000000001,1,0.05
6631,20.1,0.35,1,0.05
6632,20.2,0.55,1,0.05
6633,20.25,1.2,1,0.05
6634,20.4,1.4500000000000004,1,0.05
6635,-8.95,13.349999999999998,0,0.05
6636,-9.049999999999999,13.249999999999998,0,0.05
6637,20.3,1.85,1,0.05
6638,20.9,2.949999999999999,1,0.05
6639,20.25,0.8000000000000002,1,0.05
6640,20.5,1.7499999999999998,1,0.05
6641,20.4,1.45,1,0.05
6642,-8.85,13.45,0,0.05
6643,20.15,0.3,1,0.05
6644,20.15,0.3,1,0.05
6645,20.2,1.0500000000000003,1,0.05
6646,20.2,1.0500000000000003,1,0.05
6647,20.3,0.7500000000000001,1,0.05
6648,20.1,0.55,1,0.05
6649,20.6,1.7500000000000002,1,0.05
6650,20.25,1.0000000000000002,1,0.05
6651,20.25,0.5000000000000001,1,0.05
6652,20.05,-19.75,1,0.05
6653,20.1,0.15000000000000002,1,0.05
6654,20.85,2.399999999999999,1,0.05
6655,20.15,0.3,1,0.05
6656,20.15,-19.75,1,0.05
6657,20.25,0.6000000000000001,1,0.05
6658,20.3,0.7500000000000001,1,0.05
6659,20.1,0.35,1,0.05
6660,20.25,0.5000000000000001,1,0.05
6661,20.2,0.45,1,0.05
6662,20.1,0.35,1,0.05
6663,-9.25,13.049999999999999,0,0.05
6664,20.35,1.5000000000000002,1,0.05
6665,20.3,0.7500000000000001,1,0.05
6666,20.4,-19.0,1,0.05
6667,20.3,1.3500000000000003,1,0.05
6668,20.0,0.15000000000000002,1,0.05
6669,20.15,0.7000000000000001,1,0.05
6670,20.15,0.6000000000000001,1,0.05
6671,20.75,1.9999999999999998,1,0.05
6672,20.1,0.55,1,0.05
6673,20.05,0.10000000000000002,1,0.05
6674,20.25,0.5000000000000001,1,0.05
6675,20.2,0.6500000000000001,1,0.05
6676,20.15,0.6000000000000001,1,0.05
6677,20.3,0.9500000000000002,1,0.05
6678,19.85,0.49999999999999994,1,0.05
6679,20.25,0.5000000000000001,1,0.05
6680,19.95,0.9000000000000002,1,0.05
6681,20.15,0.3,1,0.05
6682,20.15,0.3,1,0.05
6683,20.15,0.7000000000000001,1,0.05
6684,20.1,0.7500000000000002,1,0.05
6685,20.05,1.4000000000000001,1,0.05
6686,20.1,0.25,1,0.05
6687,20.3,1.3500000000000003,1,0.05
6688,20.15,0.3,1,0.05
6689,20.15,0.3,1,0.05
6690,20.25,0.9000000000000001,1,0.05
6691,20.15,0.3,1,0.05
6692,20.45,1.4000000000000001,1,0.05
6693,20.1,0.25,1,0.05
6694,20.1,-19.9,1,0.05
6695,20.0,0.44999999999999996,1,0.05
6696,20.3,0.9500000000000002,1,0.05
6697,20.25,0.6000000000000001,1,0.05
6698,-9.25,13.049999999999999,0,0.05
6699,20.15,0.5000000000000001,1,0.05
6700,-8.75,13.549999999999999,0,0.05
6701,20.1,0.25,1,0.05
6702,20.05,0.3,1,0.05
6703,19.95,-0.1,1,0.05
6704,20.1,0.15000000000000002,1,0.05
6705,20.85,2.5999999999999988,1,0.05
6706,20.15,0.4,1,0.05
6707,20.2,0.6500000000000001,1,0.05
6708,20.15,1.1000000000000003,1,0.05
6709,20.25,0.5000000000000001,1,0.05
6710,20.25,0.5000000000000001,1,0.05
6711,-9.049999999999999,13.149999999999999,0,0.05
6712,-9.049999999999999,13.249999999999998,0,0.05
6713,20.1,0.35,1,0.05
6714,20.1,0.35,1,0.05
6715,20.3,0.7500000000000001,1,0.05
6716,20.25,0.9000000000000002,1,0.05
6717,20.75,-17.55,1,0.05
6718,20.25,0.6000000000000001,1,0.05
6719,-9.049999999999999,13.149999999999999,0,0.05
6720,20.25,0.9000000000000002,1,0.05
6721,20.15,0.6000000000000001,1,0.05
6722,20.2,0.6500000000000001,1,0.05
6723,20.0,-19.6,1,0.05
6724,20.3,0.7500000000000001,1,0.05
6725,20.25,0.6000000000000001,1,0.05
6726,20.15,0.7000000000000001,1,0.05
6727,20.0,0.25000000000000006,1,0.05
6728,20.05,0.2,1,0.05
6729,20.15,0.3,1,0.05
6730,20.15,0.2,1,0.05
6731,20.3,1.05,1,0.05
6732,20.25,1.2,1,0.05
6733,20.3,1.1500000000000001,1,0.05
6734,-8.85,13.45,0,0.05
6735,20.1,0.45,1,0.05
6736,20.15,0.7000000000000001,1,0.05
6737,20.3,0.8500000000000001,1,0.05
6738,20.1,0.35,1,0.05
6739,20.15,0.3,1,0.05
6740,20.3,0.7500000000000001,1,0.05
6741,20.15,0.6000000000000001,1,0.05
6742,20.25,0.5000000000000001,1,0.05
6743,20.05,1.2000000000000002,1,0.05
6744,20.25,0.6000000000000001,1,0.05
6745,20.1,-19.5,1,0.05
6746,-8.75,13.549999999999999,0,0.05
6747,20.1,0.35,1,0.05
6748,20.2,0.35000000000000003,1,0.05
6749,20.0,-19.4,1,0.05
6750,20.2,0.45,1,0.05
6751,20.2,0.8500000000000001,1,0.05
6752,20.2,0.55,1,0.05
6753,20.2,0.5500000000000002,1,0.05
6754,20.1,0.35,1,0.05
6755,20.25,0.5000000000000001,1,0.05
6756,20.6,1.7499999999999998,1,0.05
6757,20.65,1.8999999999999997,1,0.05
6758,20.3,1.1500000000000001,1,0.05
6759,20.3,0.9500000000000002,1,0.05
6760,20.15,1.2000000000000004,1,0.05
6761,20.2,1.05,1,0.05
6762,20.5,1.55,1,0.05
6763,20.25,0.7000000000000002,1,0.05
6764,20.15,0.7000000000000001,1,0.05
6765,20.0,0.45,1,0.05
6766,20.25,0.5000000000000001,1,0.05
6767,20.05,0.3,1,0.05
6768,20.15,0.5,1,0.05
6769,20.2,0.6500000000000001,1,0.05
6770,20.3,1.4500000000000004,1,0.05
6771,21.05,-17.05,1,0.05
6772,20.2,0.55,1,0.05
6773,20.2,0.45,1,0.05
6774,20.1,0.15000000000000002,1,0.05
6775,-8.75,13.549999999999999,0,0.05
6776,20.2,0.45,1,0.05
6777,20.2,0.6500000000000001,1,0.05
6778,-8.85,13.45,0,0.05
6779,-8.85,13.45,0,0.05
6780,20.25,0.5000000000000001,1,0.05
6781,20.7,2.1499999999999995,1,0.05
6782,20.1,0.25,1,0.05
6783,20.1,0.35,1,0.05
6784,20.35,1.3,1,0.05
6785,20.25,0.7000000000000001,1,0.05
6786,20.1,0.55,1,0.05
6787,20.85,2.499999999999999,1,0.05
6788,20.25,1.5000000000000002,1,0.05
6789,20.3,0.7500000000000001,1,0.05
6790,20.8,2.649999999999999,1,0.05
6791,-8.75,13.45,0,0.05
6792,20.1,0.7500000000000001,1,0.05
6793,21.05,2.9999999999999987,1,0.05
6794,20.25,0.6000000000000001,1,0.05
6795,20.35,1.4000000000000004,1,0.05
6796,20.2,0.55,1,0.05
6797,20.25,1.4000000000000001,1,0.05
6798,20.3,1.05,1,0.05
6799,20.1,0.15000000000000002,1,0.05
6800,20.1,0.6500000000000001,1,0.05
6801,20.2,0.55,1,0.05
6802,20.0,0.44999999999999996,1,0.05
6803,-8.75,13.549999999999999,0,0.05
6804,20.25,0.6000000000000001,1,0.05
6805,20.0,0.8500000000000002,1,0.05
6806,20.4,2.0499999999999994,1,0.05
6807,20.25,1.1000000000000003,1,0.05
6808,20.15,0.3,1,0.05
6809,20.15,0.3,1,0.05
6810,20.15,0.5,1,0.05
6811,-8.75,13.45,0,0.05
6812,-8.75,13.549999999999999,0,0.05
6813,20.15,0.4,1,0.05
6814,20.2,1.05,1,0.05
6815,20.1,0.15000000000000002,1,0.05
6816,20.2,0.6500000000000001,1,0.05
6817,20.25,-19.15,1,0.05
6818,20.1,0.25,1,0.05
6819,20.6,1.6499999999999997,1,0.05
6820,20.2,0.9500000000000002,1,0.05
6821,-8.75,13.549999999999999,0,0.05
6822,20.1,0.55,1,0.05
6823,20.3,1.3499999999999999,1,0.05
6824,20.15,0.5,1,0.05
6825,20.1,0.35,1,0.05
6826,20.25,-18.95,1,0.05
6827,20.2,0.55,1,0.05
6828,20.25,0.5000000000000001,1,0.05
6829,20.2,0.45,1,0.05
6830,21.0,3.049999999999999,1,0.05
6831,21.1,3.049999999999999,1,0.05
6832,20.3,1.1500000000000001,1,0.05
6833,20.6,1.75,1,0.05
6834,20.1,0.35,1,0.05
6835,20.2,-19.6,1,0.05
6836,20.2,0.6500000000000001,1,0.05
6837,20.3,0.8500000000000001,1,0.05
6838,20.25,0.9000000000000001,1,0.05
6839,20.2,0.35000000000000003,1,0.05
6840,20.25,0.5000000000000001,1,0.05
6841,20.5,1.6500000000000001,1,0.05
6842,20.2,1.1500000000000001,1,0.05
6843,20.15,0.2,1,0.05
6844,20.1,0.15000000000000002,1,0.05
6845,20.15,0.3,1,0.05
6846,20.05,0.39999999999999997,1,0.05
6847,20.25,0.8000000000000002,1,0.05
6848,20.15,0.7000000000000001,1,0.05
6849,21.2,-16.700000000000003,1,0.05
6850,20.15,0.5000000000000001,1,0.05
6851,20.05,-19.85,1,0.05
6852,20.2,0.5500000000000002,1,0.05
6853,20.1,0.25,1,0.05
6854,20.0,0.35,1,0.05
6855,20.15,0.7000000000000002,1,0.05
6856,20.3,1.2500000000000002,1,0.05
6857,20.8,2.7499999999999987,1,0.05
6858,20.1,0.55,1,0.05
6859,-8.95,13.349999999999998,0,0.05
6860,-8.85,13.45,0,0.05
6861,20.1,0.25,1,0.05
6862,20.1,0.35,1,0.05
6863,-8.75,13.549999999999999,0,0.05
6864,20.3,1.2500000000000002,1,0.05
6865,20.1,0.25,1,0.05
6866,20.15,0.3,1,0.05
6867,20.35,1.3,1,0.05
6868,20.1,0.7500000000000001,1,0.05
6869,20.25,0.5000000000000001,1,0.05
6870,20.15,0.2,1,0.05
6871,20.25,0.5000000000000001,1,0.05
6872,20.55,-18.55,1,0.05
6873,20.15,1.3,1,0.05
6874,20.3,-18.8,1,0.05
6875,20.1,0.15000000000000002,1,0.05
6876,20.25,1.1000000000000003,1,0.05
6877,20.2,0.6500000000000001,1,0.05
6878,20.05,0.6000000000000001,1,0.05
6879,20.2,0.6500000000000001,1,0.05
6880,20.15,0.3,1,0.05
6881,20.15,0.2,1,0.05
6882,20.25,1.5000000000000002,1,0.05
6883,20.1,0.15000000000000002,1,0.05
6884,20.3,1.0500000000000003,1,0.05
6885,20.15,0.7000000000000001,1,0.05
6886,20.15,1.0000000000000002,1,0.05
6887,20.05,0.7000000000000002,1,0.05
6888,20.25,1.1000000000000003,1,0.05
6889,20.15,0.6000000000000001,1,0.05
6890,20.05,0.39999999999999997,1,0.05
6891,20.25,-19.55,1,0.05
6892,20.05,0.2,1,0.05
6893,20.15,0.5000000000000001,1,0.05
6894,20.05,0.2,1,0.05
6895,19.95,1.3000000000000005,1,0.05
6896,19.85,0.2,1,0.05
6897,20.2,1.05,1,0.05
6898,20.15,0.2,1,0.05
6899,20.1,0.55,1,0.05
6900,20.6,1.55,1,0.05
6901,20.1,0.05,1,0.05
6902,20.2,0.55,1,0.05
6903,20.2,-19.2,1,0.05
6904,20.2,0.55,1,0.05
6905,20.3,1.05,1,0.05
6906,20.3,0.9500000000000002,1,0.05
6907,20.25,0.8000000000000002,1,0.05
6908,20.1,-19.8,1,0.05
6909,20.5,1.4500000000000004,1,0.05
6910,20.1,0.55,1,0.05
6911,20.35,1.3,1,0.05
6912,20.15,0.3,1,0.05
6913,20.25,1.2,1,0.05
6914,20.3,1.05,1,0.05
6915,-8.85,13.45,0,0.05
6916,-9.15,13.249999999999998,0,0.05
6917,20.15,0.9000000000000001,1,0.05
6918,20.05,-19.85,1,0.05
6919,20.2,0.55,1,0.05
6920,20.15,0.6000000000000001,1,0.05
6921,20.75,2.1999999999999993,1,0.05
6922,20.25,0.5000000000000001,1,0.05
6923,20.45,1.4999999999999998,1,0.05
6924,20.2,0.55,1,0.05
6925,20.7,2.449999999999999,1,0.05
6926,20.9,2.749999999999999,1,0.05
6927,20.3,1.05,1,0.05
6928,20.15,0.5,1,0.05
6929,-9.15,13.049999999999999,0,0.05
6930,20.25,1.1000000000000003,1,0.05
6931,20.25,1.5000000000000002,1,0.05
6932,20.15,0.2,1,0.05
6933,20.2,0.6500000000000001,1,0.05
6934,20.1,0.6500000000000001,1,0.05
6935,20.2,0.6500000000000001,1,0.05
6936,20.2,0.45,1,0.05
6937,20.35,1.3,1,0.05
6938,20.35,1.2,1,0.05
6939,20.35,1.5000000000000002,1,0.05
6940,20.2,0.5500000000000002,1,0.05
6941,20.25,0.6000000000000001,1,0.05
6942,20.1,0.25,1,0.05
6943,20.2,-19.4,1,0.05
6944,20.15,0.3,1,0.05
6945,-9.049999999999999,13.25,0,0.05
6946,20.35,1.3,1,0.05
6947,20.05,0.6000000000000001,1,0.05
6948,20.25,1.1000000000000003,1,0.05
6949,20.15,-19.85,1,0.05
6950,20.25,0.5000000000000001,1,0.05
6951,20.05,0.2,1,0.05
6952,20.15,0.6000000000000001,1,0.05
6953,20.2,0.5500000000000002,1,0.05
6954,20.25,1.0000000000000002,1,0.05
6955,19.8,0.75,1,0.05
6956,20.2,1.0500000000000003,1,0.05
6957,20.05,0.5,1,0.05
6958,20.55,1.4000000000000001,1,0.05
6959,21.05,3.1999999999999984,1,0.05
6960,20.55,-18.55,1,0.05
6961,-8.85,13.349999999999998,0,0.05
6962,20.25,0.8000000000000002,1,0.05
6963,20.05,0.3,1,0.05
6964,-8.75,13.549999999999999,0,0.05
6965,20.05,0.2,1,0.05
6966,20.15,0.2,1,0.05
6967,20.1,-19.7,1,0.05
6968,20.1,0.25,1,0.05
6969,20.15,0.2,1,0.05
6970,20.4,1.6500000000000001,1,0.05
6971,20.1,0.7500000000000001,1,0.05
6972,20.2,0.45,1,0.05
6973,20.25,1.2000000000000004,1,0.05
6974,20.2,0.45,1,0.05
6975,20.1,0.25,1,0.05
6976,20.1,0.35,1,0.05
6977,20.25,1.1000000000000003,1,0.05
6978,20.65,2.299999999999999,1,0.05
6979,20.2,0.55,1,0.05
6980,20.2,0.55,1,0.05
6981,20.1,0.25,1,0.05
6982,-8.95,13.349999999999998,0,0.05
6983,20.15,0.6000000000000001,1,0.05
6984,20.3,1.8500000000000003,1,0.05
6985,20.25,1.1000000000000003,1,0.05
6986,20.15,0.7000000000000001,1,0.05
6987,20.2,0.55,1,0.05
6988,20.2,0.45,1,0.05
6989,20.2,0.7500000000000001,1,0.05
6990,20.15,0.2,1,0.05
6991,20.1,0.15000000000000002,1,0.05
6992,20.15,0.3,1,0.05
6993,20.15,0.3,1,0.05
6994,20.1,0.15000000000000002,1,0.05
6995,20.15,-19.75,1,0.05
6996,20.1,0.25,1,0.05
6997,20.05,0.6000000000000001,1,0.05
6998,20.3,1.1500000000000001,1,0.05
6999,20.25,1.1000000000000003,1,0.05
7000,20.0,0.35,1,0.05
7001,20.1,0.15000000000000002,1,0.05
7002,20.1,0.7500000000000001,1,0.05
7003,20.45,1.4000000000000001,1,0.05
7004,20.3,1.7499999999999998,1,0.05
7005,20.3,0.8500000000000002,1,0.05
7006,20.25,0.6000000000000001,1,0.05
7007,20.25,1.4,1,0.05
7008,20.1,0.35,1,0.05
7009,-8.85,13.45,0,0.05
7010,20.15,1.1000000000000003,1,0.05
7011,-9.35,12.95,0,0.05
7012,20.3,0.6500000000000001,1,0.05
7013,20.1,1.1500000000000001,1,0.05
7014,20.15,0.3,1,0.05
7015,20.25,1.1000000000000003,1,0.05
7016,20.1,0.25,1,0.05
7017,19.85,0.49999999999999994,1,0.05
7018,20.1,0.35,1,0.05
7019,20.0,-19.6,1,0.05
7020,20.25,0.8000000000000002,1,0.05
7021,20.2,-18.6,1,0.05
7022,20.1,0.35,1,0.05
7023,20.15,0.6000000000000001,1,0.05
7024,20.45,1.5999999999999999,1,0.05
7025,20.1,0.25,1,0.05
7026,20.15,1.1000000000000003,1,0.05
7027,20.15,0.2,1,0.05
7028,20.2,0.45,1,0.05
7029,-9.049999999999999,13.249999999999998,0,0.05
7030,20.25,1.0000000000000002,1,0.05
7031,20.15,0.7000000000000001,1,0.05
7032,-9.25,13.049999999999999,0,0.05
7033,20.25,1.1000000000000003,1,0.05
7034,20.25,0.5000000000000001,1,0.05
7035,20.35,1.3,1,0.05
7036,20.1,0.25,1,0.05
7037,20.35,1.3,1,0.05
7038,20.7,2.349999999999999,1,0.05
7039,-8.75,13.45,0,0.05
7040,20.4,1.1500000000000001,1,0.05
7041,20.1,0.25,1,0.05
7042,20.15,0.3,1,0.05
7043,20.0,0.25,1,0.05
7044,20.15,0.5000000000000001,1,0.05
7045,20.25,1.0000000000000002,1,0.05
7046,20.0,0.25,1,0.05
7047,20.25,0.6000000000000001,1,0.05
7048,20.2,0.55,1,0.05
7049,20.15,0.2,1,0.05
7050,20.15,1.0000000000000002,1,0.05
7051,20.25,1.1000000000000003,1,0.05
7052,20.25,0.5000000000000001,1,0.05
7053,20.25,0.6000000000000001,1,0.05
7054,20.15,0.3,1,0.05
7055,20.3,0.6500000000000001,1,0.05
7056,20.35,1.3,1,0.05
7057,20.15,0.5000000000000001,1,0.05
7058,20.1,0.25,1,0.05
7059,20.3,1.1500000000000001,1,0.05
7060,21.15,3.199999999999999,1,0.05
7061,20.3,1.3499999999999999,1,0.05
7062,20.2,0.45,1,0.05
7063,20.55,1.9,1,0.05
7064,20.15,1.1000000000000003,1,0.05
7065,20.25,0.6000000000000001,1,0.05
7066,20.15,0.3,1,0.05
7067,20.05,0.2,1,0.05
7068,-11.05,11.55,0,0.05
7069,20.1,0.15000000000000002,1,0.05
7070,20.2,0.55,1,0.05
7071,20.4,1.4500000000000004,1,0.05
7072,20.55,2.0,1,0.05
7073,20.25,1.0000000000000002,1,0.05
7074,20.25,1.2,1,0.05
7075,20.35,1.4000000000000001,1,0.05
7076,20.1,0.25,1,0.05
7077,20.2,0.6500000000000001,1,0.05
7078,20.1,0.25,1,0.05
7079,20.15,0.3,1,0.05
7080,20.35,1.7999999999999998,1,0.05
7081,20.05,0.2,1,0.05
7082,20.15,0.3,1,0.05
7083,20.05,0.0,1,0.05
7084,20.1,0.45,1,0.05
7085,20.2,0.45,1,0.05
7086,20.15,0.3,1,0.05
7087,20.25,0.5000000000000001,1,0.05
7088,20.15,0.4,1,0.05
7089,20.45,1.8000000000000003,1,0.05
7090,20.05,0.2,1,0.05
7091,20.25,0.6000000000000001,1,0.05
7092,20.15,0.9000000000000002,1,0.05
7093,20.15,0.5000000000000001,1,0.05
7094,20.1,0.35,1,0.05
7095,20.25,0.5000000000000001,1,0.05
7096,20.15,0.6000000000000001,1,0.05
7097,20.25,0.6000000000000001,1,0.05
7098,-9.049999999999999,13.249999999999998,0,0.05
7099,-8.85,13.349999999999998,0,0.05
7100,20.3,0.9500000000000002,1,0.05
7101,20.2,1.05,1,0.05
7102,20.1,0.6500000000000001,1,0.05
7103,20.05,0.3,1,0.05
7104,20.1,0.25,1,0.05
7105,20.0,0.25,1,0.05
7106,20.1,0.15000000000000002,1,0.05
7107,20.25,0.6000000000000001,1,0.05
7108,20.9,2.749999999999999,1,0.05
7109,20.2,0.45,1,0.05
7110,20.35,1.5999999999999999,1,0.05
7111,20.15,0.2,1,0.05
7112,-8.85,13.45,0,0.05
7113,20.3,0.7500000000000001,1,0.05
7114,20.25,0.5000000000000001,1,0.05
7115,20.2,0.6500000000000001,1,0.05
7116,20.15,0.3,1,0.05
7117,20.3,1.2500000000000002,1,0.05
7118,20.15,-19.55,1,0.05
7119,20.3,0.7500000000000001,1,0.05
7120,20.2,0.45,1,0.05
7121,20.25,0.5000000000000001,1,0.05
7122,-10.55,11.850000000000001,0,0.05
7123,20.15,0.7000000000000002,1,0.05
7124,20.15,0.5,1,0.05
7125,20.8,-17.400000000000002,1,0.05
7126,20.2,1.2500000000000002,1,0.05
7127,-9.25,12.95,0,0.05
7128,20.15,0.7000000000000001,1,0.05
7129,20.2,0.45,1,0.05
7130,-9.049999999999999,13.249999999999998,0,0.05
7131,20.15,0.3,1,0.05
7132,20.3,1.1500000000000001,1,0.05
7133,20.05,0.4,1,0.05
7134,20.15,0.2,1,0.05
7135,20.1,0.35,1,0.05
7136,20.2,0.45,1,0.05
7137,20.05,0.39999999999999997,1,0.05
7138,-9.15,13.149999999999999,0,0.05
7139,20.2,0.6500000000000001,1,0.05
7140,20.05,0.3,1,0.05
7141,20.25,1.1000000000000003,1,0.05
7142,20.0,0.25,1,0.05
7143,20.05,0.7000000000000001,1,0.05
7144,20.95,-17.25,1,0.05
7145,-10.950000000000001,11.55,0,0.05
7146,20.1,0.35000000000000003,1,0.05
7147,20.05,0.4,1,0.05
7148,20.35,-19.15,1,0.05
7149,20.2,0.45,1,0.05
7150,19.95,1.3,1,0.05
7151,20.25,1.1000000000000003,1,0.05
7152,20.5,1.55,1,0.05
7153,20.1,0.15000000000000002,1,0.05
7154,20.2,1.1500000000000004,1,0.05
7155,20.25,1.1000000000000003,1,0.05
7156,20.5,1.4500000000000004,1,0.05
7157,20.55,1.5999999999999999,1,0.05
7158,20.2,0.45,1,0.05
7159,20.1,0.15000000000000002,1,0.05
7160,20.25,1.1000000000000003,1,0.05
7161,20.3,0.9500000000000002,1,0.05
7162,20.2,1.2500000000000002,1,0.05
7163,20.15,0.8000000000000002,1,0.05
7164,20.15,0.7000000000000001,1,0.05
7165,20.65,2.4999999999999987,1,0.05
7166,20.1,0.25,1,0.05
7167,20.15,0.5,1,0.05
7168,-8.75,13.549999999999999,0,0.05
7169,20.15,0.5000000000000001,1,0.05
7170,20.15,0.5000000000000001,1,0.05
7171,20.5,1.4500000000000004,1,0.05
7172,20.85,-17.45,1,0.05
7173,20.95,2.599999999999999,1,0.05
7174,20.2,0.45,1,0.05
7175,20.25,0.6000000000000001,1,0.05
7176,20.15,0.6000000000000001,1,0.05
7177,20.35,1.1000000000000003,1,0.05
7178,20.3,1.0500000000000003,1,0.05
7179,20.3,1.1500000000000001,1,0.05
7180,20.45,1.4000000000000001,1,0.05
7181,20.3,1.1500000000000004,1,0.05
7182,20.15,0.7000000000000001,1,0.05
7183,20.15,0.7000000000000001,1,0.05
7184,20.75,1.9999999999999998,1,0.05
7185,19.95,1.1000000000000003,1,0.05
7186,20.2,0.45,1,0.05
7187,20.25,1.2,1,0.05
7188,20.25,0.8000000000000002,1,0.05
7189,-10.95,11.55,0,0.05
7190,20.2,0.55,1,0.05
7191,20.15,1.9000000000000001,1,0.05
7192,20.3,1.05,1,0.05
7193,20.1,0.05,1,0.05
7194,20.2,0.6500000000000001,1,0.05
7195,20.8,2.249999999999999,1,0.05
7196,20.45,1.8,1,0.05
7197,20.4,1.95,1,0.05
7198,20.15,0.3,1,0.05
7199,21.0,2.749999999999999,1,0.05
7200,20.15,0.2,1,0.05
7201,20.25,0.5000000000000001,1,0.05
7202,20.15,0.6000000000000001,1,0.05
7203,20.25,1.1000000000000003,1,0.05
7204,20.25,0.7000000000000002,1,0.05
7205,20.2,0.6500000000000001,1,0.05
7206,20.1,0.7500000000000001,1,0.05
7207,20.7,-17.7,1,0.05
7208,20.75,2.699999999999999,1,0.05
7209,20.05,0.4,1,0.05
7210,20.25,0.6000000000000001,1,0.05
7211,20.15,0.6000000000000001,1,0.05
7212,20.2,0.5500000000000002,1,0.05
7213,20.05,0.2,1,0.05
7214,20.2,0.45000000000000007,1,0.05
7215,20.15,0.6000000000000001,1,0.05
7216,20.15,1.4000000000000001,1,0.05
7217,20.15,-19.75,1,0.05
7218,20.1,-19.8,1,0.05
7219,20.25,1.2,1,0.05
7220,20.1,-19.9,1,0.05
7221,20.2,0.55,1,0.05
7222,20.15,0.9000000000000001,1,0.05
7223,20.15,0.3,1,0.05
7224,20.15,0.5000000000000001,1,0.05
7225,20.05,-19.45,1,0.05
7226,20.1,0.15000000000000002,1,0.05
7227,20.2,0.45,1,0.05
7228,20.15,0.3,1,0.05
7229,20.3,1.1500000000000001,1,0.05
7230,20.05,0.10000000000000002,1,0.05
7231,20.0,0.7500000000000001,1,0.05
7232,20.35,0.9000000000000001,1,0.05
7233,20.25,0.5000000000000001,1,0.05
7234,20.25,0.6000000000000001,1,0.05
7235,19.95,0.3,1,0.05
7236,20.25,0.5000000000000001,1,0.05
7237,20.25,1.4000000000000001,1,0.05
7238,-9.049999999999999,13.25,0,0.05
7239,20.05,0.39999999999999997,1,0.05
7240,20.15,0.3,1,0.05
7241,20.3,1.3499999999999999,1,0.05
7242,20.15,0.2,1,0.05
7243,20.15,0.6000000000000001,1,0.05
7244,20.25,-19.45,1,0.05
7245,20.15,0.8000000000000002,1,0.05
7246,20.15,0.2,1,0.05
7247,21.0,2.749999999999999,1,0.05
7248,20.25,0.6000000000000001,1,0.05
7249,20.15,0.5,1,0.05
7250,20.4,1.2500000000000002,1,0.05
7251,20.25,0.5000000000000001,1,0.05
7252,20.25,0.5000000000000001,1,0.05
7253,20.3,1.1500000000000001,1,0.05
7254,20.7,2.9499999999999993,1,0.05
7255,20.3,0.8500000000000002,1,0.05
7256,20.2,0.6500000000000001,1,0.05
7257,20.2,0.35000000000000003,1,0.05
7258,20.25,0.9000000000000001,1,0.05
7259,20.1,0.35000000000000003,1,0.05
7260,20.0,0.25,1,0.05
7261,20.2,1.2500000000000002,1,0.05
7262,20.75,2.099999999999999,1,0.05
7263,20.05,-19.75,1,0.05
7264,20.1,0.15000000000000002,1,0.05
7265,20.15,0.6000000000000001,1,0.05
7266,19.9,0.15000000000000002,1,0.05
7267,-8.85,13.549999999999999,0,0.05
7268,20.05,0.39999999999999997,1,0.05
7269,20.15,0.2,1,0.05
7270,20.25,0.8000000000000002,1,0.05
7271,20.3,0.9500000000000002,1,0.05
7272,20.15,0.2,1,0.05
7273,20.15,0.2,1,0.05
7274,20.2,1.05,1,0.05
7275,20.1,0.25,1,0.05
7276,20.2,0.55,1,0.05
7277,20.25,0.5000000000000001,1,0.05
7278,20.05,0.2,1,0.05
7279,20.0,0.25,1,0.05
7280,20.0,0.25,1,0.05
7281,20.2,0.5500000000000002,1,0.05
7282,20.2,0.9500000000000002,1,0.05
7283,20.1,-19.7,1,0.05
7284,20.1,0.6500000000000001,1,0.05
7285,20.15,0.2,1,0.05
7286,20.8,-17.200000000000003,1,0.05
7287,20.6,-18.5,1,0.05
7288,20.35,1.8000000000000005,1,0.05
7289,20.1,0.6500000000000001,1,0.05
7290,20.1,0.35,1,0.05
7291,20.1,0.35,1,0.05
7292,20.1,0.55,1,0.05
7293,20.25,0.5000000000000001,1,0.05
7294,20.15,0.4,1,0.05
7295,20.25,0.5000000000000001,1,0.05
7296,20.1,-19.7,1,0.05
7297,20.25,0.5000000000000001,1,0.05
7298,20.2,0.6500000000000001,1,0.05
7299,20.25,0.6000000000000001,1,0.05
7300,20.1,0.35,1,0.05
7301,20.05,0.0,1,0.05
7302,20.05,1.2000000000000004,1,0.05
7303,20.1,0.15000000000000002,1,0.05
7304,20.1,0.55,1,0.05
7305,20.2,0.45,1,0.05
7306,20.05,0.7000000000000001,1,0.05
7307,20.15,0.2,1,0.05
7308,20.35,1.3,1,0.05
7309,20.0,0.25,1,0.05
7310,20.15,0.3,1,0.05
7311,20.1,0.7500000000000002,1,0.05
7312,20.25,0.5000000000000001,1,0.05
7313,20.35,1.6000000000000003,1,0.05
7314,20.1,0.25,1,0.05
7315,20.15,0.7000000000000002,1,0.05
7316,20.3,0.7500000000000001,1,0.05
7317,20.25,1.1000000000000003,1,0.05
7318,20.45,1.2,1,0.05
7319,20.25,0.5000000000000001,1,0.05
7320,20.2,0.55,1,0.05
7321,20.9,-17.3,1,0.05
7322,20.2,0.9500000000000002,1,0.05
7323,20.1,0.35,1,0.05
7324,20.35,1.3000000000000005,1,0.05
7325,20.25,0.5000000000000001,1,0.05
7326,20.1,0.35000000000000003,1,0.05
7327,20.1,0.35,1,0.05
7328,20.25,0.5000000000000001,1,0.05
7329,20.15,0.7000000000000001,1,0.05
7330,20.0,-19.8,1,0.05
7331,19.9,0.44999999999999996,1,0.05
7332,20.05,0.5,1,0.05
7333,20.2,0.35000000000000003,1,0.05
7334,20.35,1.5000000000000002,1,0.05
7335,20.05,0.2,1,0.05
7336,20.1,0.25,1,0.05
7337,20.35,1.6000000000000003,1,0.05
7338,20.2,0.45,1,0.05
7339,-8.95,13.349999999999998,0,0.05
7340,20.2,0.45,1,0.05
7341,20.2,0.6500000000000001,1,0.05
7342,20.1,0.35,1,0.05
7343,20.25,1.0,1,0.05
7344,-9.049999999999999,13.149999999999999,0,0.05
7345,20.05,0.3,1,0.05
7346,20.15,1.5000000000000002,1,0.05
7347,20.15,0.3,1,0.05
7348,20.2,0.6500000000000001,1,0.05
7349,-8.85,13.349999999999998,0,0.05
7350,20.2,1.05,1,0.05
7351,20.1,0.35,1,0.05
7352,20.0,0.44999999999999996,1,0.05
7353,20.15,0.7000000000000001,1,0.05
7354,20.25,1.0000000000000002,1,0.05
7355,20.55,-18.65,1,0.05
7356,20.15,0.2,1,0.05
7357,20.15,0.3,1,0.05
7358,-9.35,12.85,0,0.05
7359,20.0,0.25,1,0.05
7360,20.15,0.2,1,0.05
7361,20.25,0.5000000000000001,1,0.05
7362,20.3,0.7500000000000001,1,0.05
7363,20.15,-19.25,1,0.05
7364,20.15,0.3,1,0.05
7365,20.55,1.4999999999999998,1,0.05
7366,20.25,0.5000000000000001,1,0.05
7367,20.2,0.55,1,0.05
7368,20.2,0.6500000000000001,1,0.05
7369,20.3,1.1500000000000001,1,0.05
7370,20.5,1.55,1,0.05
7371,20.2,0.45,1,0.05
7372,-8.75,13.549999999999999,0,0.05
7373,20.25,1.1000000000000003,1,0.05
7374,20.15,0.3,1,0.05
7375,20.75,2.099999999999999,1,0.05
7376,20.15,0.9000000000000002,1,0.05
7377,20.35,1.3,1,0.05
7378,20.2,-19.6,1,0.05
7379,20.3,1.05,1,0.05
7380,20.25,0.6000000000000001,1,0.05
7381,20.1,0.15000000000000002,1,0.05
7382,20.1,0.35,1,0.05
7383,20.15,0.3,1,0.05
7384,20.1,0.35,1,0.05
7385,20.05,0.2,1,0.05
7386,20.3,1.95,1,0.05
7387,-8.95,13.249999999999998,0,0.05
7388,20.25,0.5000000000000001,1,0.05
7389,20.5,1.55,1,0.05
7390,20.7,1.8499999999999999,1,0.05
7391,20.25,1.2,1,0.05
7392,20.25,0.6000000000000001,1,0.05
7393,19.35,1.5000000000000009,1,0.05
7394,20.55,1.9,1,0.05
7395,20.1,0.25,1,0.05
7396,20.1,0.55,1,0.05
7397,20.25,0.5000000000000001,1,0.05
7398,20.1,0.25,1,0.05
7399,20.0,0.44999999999999996,1,0.05
7400,20.35,1.4000000000000001,1,0.05
7401,-9.15,13.049999999999999,0,0.05
7402,20.2,0.45,1,0.05
7403,-8.95,13.25,0,0.05
7404,20.2,0.8500000000000002,1,0.05
7405,20.2,0.45,1,0.05
7406,20.8,2.249999999999999,1,0.05
7407,20.1,0.25,1,0.05
7408,20.2,0.6500000000000001,1,0.05
7409,20.1,-19.7,1,0.05
7410,20.25,0.6000000000000001,1,0.05
7411,20.15,0.8000000000000002,1,0.05
7412,20.25,1.1000000000000003,1,0.05
7413,20.1,0.15000000000000002,1,0.05
7414,-8.95,13.349999999999998,0,0.05
7415,20.1,0.15000000000000002,1,0.05
7416,20.3,0.7500000000000001,1,0.05
7417,20.2,0.35,1,0.05
7418,20.1,-19.8,1,0.05
7419,-8.95,13.249999999999998,0,0.05
7420,20.75,2.699999999999999,1,0.05
7421,20.15,0.2,1,0.05
7422,20.1,0.55,1,0.05
7423,20.25,1.2000000000000004,1,0.05
7424,20.15,0.3,1,0.05
7425,20.05,0.2,1,0.05
7426,20.3,0.7500000000000001,1,0.05
7427,20.0,0.6500000000000001,1,0.05
7428,20.25,1.2000000000000002,1,0.05
7429,20.1,0.35,1,0.05
7430,20.0,1.4500000000000006,1,0.05
7431,20.05,0.2,1,0.05
7432,20.05,0.10000000000000002,1,0.05
7433,20.15,0.3,1,0.05
7434,20.15,0.6,1,0.05
7435,20.1,0.25,1,0.05
7436,20.15,1.7000000000000004,1,0.05
7437,20.35,0.8000000000000002,1,0.05
7438,20.1,0.7500000000000001,1,0.05
7439,20.3,0.8500000000000002,1,0.05
7440,20.0,0.25,1,0.05
7441,20.7,1.9499999999999995,1,0.05
7442,20.4,1.45,1,0.05
7443,20.1,0.55,1,0.05
7444,20.1,1.1500000000000004,1,0.05
7445,20.1,0.35,1,0.05
7446,20.25,0.5000000000000001,1,0.05
7447,20.15,1.0000000000000002,1,0.05
7448,20.15,0.3,1,0.05
7449,20.15,0.6000000000000001,1,0.05
7450,-8.75,13.549999999999999,0,0.05
7451,20.15,0.6000000000000001,1,0.05
7452,20.25,1.2,1,0.05
7453,20.3,1.05,1,0.05
7454,20.3,0.9500000000000002,1,0.05
7455,20.1,0.15000000000000002,1,0.05
7456,20.25,0.8000000000000002,1,0.05
7457,20.15,0.2,1,0.05
7458,20.25,0.5000000000000001,1,0.05
7459,-9.25,13.149999999999999,0,0.05
7460,20.35,1.3,1,0.05
7461,20.2,0.45,1,0.05
7462,20.25,0.5000000000000001,1,0.05
7463,20.45,1.5999999999999999,1,0.05
7464,20.15,0.3,1,0.05
7465,20.1,1.0500000000000003,1,0.05
7466,20.3,0.8500000000000001,1,0.05
7467,20.05,0.10000000000000002,1,0.05
7468,20.1,0.55,1,0.05
7469,-9.25,13.049999999999999,0,0.05
7470,20.25,0.7000000000000001,1,0.05
7471,20.15,0.6000000000000001,1,0.05
7472,20.2,0.45,1,0.05
7473,20.3,1.1500000000000001,1,0.05
7474,21.0,3.2499999999999987,1,0.05
7475,20.15,1.3,1,0.05
7476,20.1,0.35,1,0.05
7477,20.05,0.2,1,0.05
7478,20.2,0.9500000000000002,1,0.05
7479,20.9,2.4499999999999993,1,0.05
7480,20.15,0.3,1,0.05
7481,20.4,1.7500000000000004,1,0.05
7482,20.15,1.1000000000000003,1,0.05
7483,20.1,0.25,1,0.05
7484,20.05,1.4000000000000001,1,0.05
7485,20.25,0.8000000000000002,1,0.05
7486,20.2,0.35,1,0.05
7487,20.3,1.1500000000000004,1,0.05
7488,20.3,0.7500000000000001,1,0.05
7489,20.2,0.45,1,0.05
7490,20.25,1.2000000000000004,1,0.05
7491,20.2,1.05,1,0.05
7492,20.25,1.2,1,0.05
7493,20.0,0.25,1,0.05
7494,20.1,0.35,1,0.05
7495,20.25,0.5000000000000001,1,0.05
7496,20.2,0.45,1,0.05
7497,20.15,0.3,1,0.05
7498,20.1,0.35,1,0.05
7499,20.45,1.6000000000000003,1,0.05
7500,20.1,0.25,1,0.05
7501,20.1,0.25,1,0.05
7502,20.25,0.6000000000000001,1,0.05
7503,20.2,0.7500000000000001,1,0.05
7504,20.45,1.3,1,0.05
7505,20.1,0.25,1,0.05
7506,20.2,0.45,1,0.05
7507,20.15,0.3,1,0.05
7508,20.1,0.25,1,0.05
7509,-8.85,13.45,0,0.05
7510,20.2,1.2500000000000002,1,0.05
7511,20.25,1.2,1,0.05
7512,20.1,0.25,1,0.05
7513,20.15,0.2,1,0.05
7514,20.15,0.7000000000000001,1,0.05
7515,20.05,0.2,1,0.05
7516,20.8,2.349999999999999,1,0.05
7517,20.25,0.5000000000000001,1,0.05
7518,20.75,2.499999999999999,1,0.05
7519,20.1,0.35,1,0.05
7520,20.1,0.55,1,0.05
7521,20.3,1.1500000000000001,1,0.05
7522,20.15,0.5000000000000001,1,0.05
7523,20.25,1.0000000000000002,1,0.05
7524,20.15,0.6000000000000001,1,0.05
7525,20.25,1.1000000000000003,1,0.05
7526,20.15,1.3,1,0.05
7527,20.05,0.8,1,0.05
7528,20.3,0.7500000000000001,1,0.05
7529,20.55,1.4999999999999998,1,0.05
7530,20.05,0.3,1,0.05
7531,20.35,2.499999999999999,1,0.05
7532,21.1,3.3499999999999988,1,0.05
7533,20.2,0.9500000000000002,1,0.05
7534,20.15,0.3,1,0.05
7535,20.05,0.39999999999999997,1,0.05
7536,20.1,0.55,1,0.05
7537,20.2,0.6500000000000001,1,0.05
7538,20.15,0.30000000000000004,1,0.05
7539,20.5,1.55,1,0.05
7540,20.1,0.25,1,0.05
7541,20.25,1.1000000000000003,1,0.05
7542,20.3,0.7500000000000001,1,0.05
7543,20.2,0.45,1,0.05
7544,20.15,-18.95,1,0.05
7545,20.2,0.45,1,0.05
7546,20.3,1.05,1,0.05
7547,20.15,0.6000000000000001,1,0.05
7548,20.2,0.6500000000000001,1,0.05
7549,20.15,0.6000000000000001,1,0.05
7550,20.5,1.95,1,0.05
7551,20.05,0.8000000000000002,1,0.05
7552,21.0,2.949999999999999,1,0.05
7553,20.15,0.2,1,0.05
7554,20.25,0.6000000000000001,1,0.05
7555,20.05,0.39999999999999997,1,0.05
7556,20.2,0.6500000000000001,1,0.05
7557,20.25,0.6000000000000001,1,0.05
7558,20.1,0.25,1,0.05
7559,20.2,0.9500000000000002,1,0.05
7560,20.3,0.9500000000000002,1,0.05
7561,20.15,0.3,1,0.05
7562,20.25,1.1000000000000003,1,0.05
7563,20.25,1.0000000000000002,1,0.05
7564,20.3,0.7500000000000001,1,0.05
7565,20.25,-19.25,1,0.05
7566,20.2,0.6500000000000001,1,0.05
7567,20.2,0.55,1,0.05
7568,20.15,0.3,1,0.05
7569,20.15,0.5,1,0.05
7570,-8.75,13.549999999999999,0,0.05
7571,20.45,1.4000000000000001,1,0.05
7572,20.15,0.7000000000000001,1,0.05
7573,20.35,1.3,1,0.05
7574,20.2,1.5500000000000003,1,0.05
7575,20.1,0.15000000000000002,1,0.05
7576,20.15,0.3,1,0.05
7577,20.0,1.1500000000000004,1,0.05
7578,20.2,0.9500000000000002,1,0.05
7579,20.1,0.15000000000000002,1,0.05
7580,20.1,0.25,1,0.05
7581,20.75,2.599999999999999,1,0.05
7582,20.15,0.7000000000000001,1,0.05
7583,20.1,0.35,1,0.05
7584,20.6,1.95,1,0.05
7585,20.15,0.3,1,0.05
7586,-9.25,12.95,0,0.05
7587,20.25,0.5000000000000001,1,0.05
7588,-8.95,13.349999999999998,0,0.05
7589,20.25,1.8,1,0.05
7590,20.2,0.6500000000000001,1,0.05
7591,20.85,2.5999999999999988,1,0.05
7592,20.2,0.55,1,0.05
7593,20.1,0.25,1,0.05
7594,20.1,0.25,1,0.05
7595,20.25,1.1000000000000003,1,0.05
7596,20.4,1.4500000000000004,1,0.05
7597,20.1,0.35,1,0.05
7598,20.15,0.5,1,0.05
7599,20.15,0.6000000000000001,1,0.05
7600,20.2,0.45,1,0.05
7601,20.3,0.7500000000000001,1,0.05
7602,-8.85,13.45,0,0.05
7603,20.2,0.55,1,0.05
7604,20.25,0.5000000000000001,1,0.05
7605,20.3,0.7500000000000001,1,0.05
7606,-8.75,13.549999999999999,0,0.05
7607,20.25,1.1000000000000003,1,0.05
7608,20.2,1.05,1,0.05
7609,20.05,0.6000000000000001,1,0.05
7610,20.35,1.2,1,0.05
7611,20.15,0.3,1,0.05
7612,20.1,0.7500000000000001,1,0.05
7613,20.15,0.2,1,0.05
7614,20.25,0.7000000000000001,1,0.05
7615,19.95,0.5,1,0.05
7616,20.15,0.6000000000000001,1,0.05
7617,20.2,1.05,1,0.05
7618,20.15,0.3,1,0.05
7619,20.05,0.0,1,0.05
7620,20.15,0.5,1,0.05
7621,20.15,0.6000000000000001,1,0.05
7622,20.5,1.2500000000000002,1,0.05
7623,-9.049999999999999,13.249999999999998,0,0.05
7624,20.35,2.0,1,0.05
7625,21.0,-16.8,1,0.05
7626,20.35,0.9000000000000001,1,0.05
7627,20.25,0.6000000000000001,1,0.05
7628,20.85,2.999999999999999,1,0.05
7629,20.2,0.55,1,0.05
7630,20.2,0.55,1,0.05
7631,20.2,0.6500000000000001,1,0.05
7632,20.25,0.5000000000000001,1,0.05
7633,20.05,-19.35,1,0.05
7634,20.25,0.5000000000000001,1,0.05
7635,20.55,-18.55,1,0.05
7636,20.15,0.3,1,0.05
7637,20.3,0.7500000000000001,1,0.05
7638,20.2,0.45,1,0.05
7639,20.2,0.8500000000000002,1,0.05
7640,20.1,0.25,1,0.05
7641,21.05,2.899999999999999,1,0.05
7642,20.4,0.9500000000000002,1,0.05
7643,-9.25,12.95,0,0.05
7644,20.5,1.4500000000000004,1,0.05
7645,20.2,0.55,1,0.05
7646,20.1,0.7500000000000001,1,0.05
7647,20.25,1.2,1,0.05
7648,19.95,-0.1,1,0.05
7649,20.25,0.6000000000000001,1,0.05
7650,20.05,0.10000000000000002,1,0.05
7651,20.2,0.6500000000000001,1,0.05
7652,20.1,-19.9,1,0.05
7653,20.15,0.5000000000000001,1,0.05
7654,20.15,0.7000000000000001,1,0.05
7655,-9.15,13.149999999999999,0,0.05
7656,20.5,1.55,1,0.05
7657,20.1,0.15000000000000002,1,0.05
7658,20.25,0.5000000000000001,1,0.05
7659,20.0,1.2500000000000002,1,0.05
7660,20.35,1.2,1,0.05
7661,-8.95,13.349999999999998,0,0.05
7662,20.2,0.9500000000000002,1,0.05
7663,20.2,0.45,1,0.05
7664,20.25,1.7000000000000004,1,0.05
7665,20.25,0.8000000000000002,1,0.05
7666,-9.15,13.149999999999999,0,0.05
7667,20.3,1.1500000000000001,1,0.05
7668,20.45,1.4999999999999998,1,0.05
7669,20.15,0.3,1,0.05
7670,20.1,0.25,1,0.05
7671,20.65,-18.05,1,0.05
7672,20.15,0.3,1,0.05
7673,20.15,0.2,1,0.05
7674,20.0,-19.8,1,0.05
7675,20.4,1.2500000000000002,1,0.05
7676,-8.75,13.549999999999999,0,0.05
7677,20.25,0.5000000000000001,1,0.05
7678,20.1,-19.8,1,0.05
7679,-8.95,13.349999999999998,0,0.05
7680,20.2,1.0500000000000003,1,0.05
7681,20.3,1.1500000000000001,1,0.05
7682,20.1,0.15000000000000002,1,0.05
7683,20.8,2.6499999999999995,1,0.05
7684,20.3,0.95,1,0.05
7685,20.25,1.0000000000000002,1,0.05
7686,20.25,0.5000000000000001,1,0.05
7687,20.15,0.7000000000000001,1,0.05
7688,20.15,1.3,1,0.05
7689,20.15,0.4,1,0.05
7690,20.8,-17.400000000000002,1,0.05
7691,20.2,0.6500000000000001,1,0.05
7692,20.4,1.55,1,0.05
7693,20.25,1.2,1,0.05
7694,20.5,2.1499999999999995,1,0.05
7695,20.05,0.10000000000000002,1,0.05
7696,20.1,0.35,1,0.05
7697,20.15,-19.25,1,0.05
7698,20.15,0.6000000000000001,1,0.05
7699,20.15,0.4,1,0.05
7700,-8.75,13.549999999999999,0,0.05
7701,20.2,0.6500000000000001,1,0.05
7702,20.1,0.15000000000000002,1,0.05
7703,20.2,0.6500000000000001,1,0.05
7704,20.2,0.55,1,0.05
7705,20.25,-19.55,1,0.05
7706,20.2,1.2500000000000002,1,0.05
7707,20.1,0.15000000000000002,1,0.05
7708,20.4,2.249999999999999,1,0.05
7709,20.3,0.7500000000000001,1,0.05
7710,20.15,0.6000000000000001,1,0.05
7711,20.05,0.2,1,0.05
7712,20.2,1.1500000000000004,1,0.05
7713,20.15,0.7000000000000001,1,0.05
7714,20.2,0.45,1,0.05
7715,-10.15,12.25,0,0.05
7716,20.3,0.7500000000000001,1,0.05
7717,20.3,0.6500000000000001,1,0.05
7718,20.3,0.7500000000000001,1,0.05
7719,20.05,0.7000000000000001,1,0.05
7720,20.3,0.9500000000000002,1,0.05
7721,20.25,0.6000000000000001,1,0.05
7722,20.1,0.35,1,0.05
7723,20.25,0.8000000000000002,1,0.05
7724,20.15,0.2,1,0.05
7725,20.15,0.7000000000000001,1,0.05
7726,20.5,1.45,1,0.05
7727,20.25,0.6000000000000001,1,0.05
7728,20.2,0.45,1,0.05
7729,20.15,0.9000000000000001,1,0.05
7730,20.1,0.55,1,0.05
7731,20.65,1.7,1,0.05
7732,20.3,0.7500000000000001,1,0.05
7733,20.15,0.6000000000000001,1,0.05
7734,20.05,-20.05,1,0.05
7735,-8.75,13.45,0,0.05
7736,20.25,0.5000000000000001,1,0.05
7737,20.05,0.39999999999999997,1,0.05
7738,20.05,0.3,1,0.05
7739,20.1,0.35,1,0.05
7740,20.6,2.149999999999999,1,0.05
7741,20.25,1.1000000000000003,1,0.05
7742,-8.95,13.249999999999998,0,0.05
7743,20.2,0.6500000000000001,1,0.05
7744,20.65,-18.35,1,0.05
7745,20.55,1.4999999999999998,1,0.05
7746,20.1,0.15000000000000002,1,0.05
7747,20.2,1.05,1,0.05
7748,21.0,3.0499999999999985,1,0.05
7749,20.05,0.6000000000000001,1,0.05
7750,-8.75,13.45,0,0.05
7751,19.95,-19.15,1,0.05
7752,20.2,1.05,1,0.05
7753,20.25,1.2000000000000004,1,0.05
7754,20.25,1.2,1,0.05
7755,20.25,1.2,1,0.05
7756,20.1,0.25,1,0.05
7757,20.45,1.4000000000000001,1,0.05
7758,20.35,1.0000000000000002,1,0.05
7759,20.15,-19.75,1,0.05
7760,20.1,1.75,1,0.05
7761,-9.049999999999999,13.249999999999998,0,0.05
7762,20.15,0.6000000000000001,1,0.05
7763,20.25,1.2,1,0.05
7764,-8.95,13.349999999999998,0,0.05
7765,20.15,1.1,1,0.05
7766,20.1,0.05,1,0.05
7767,20.25,-19.45,1,0.05
7768,20.15,0.3,1,0.05
7769,20.15,0.9000000000000001,1,0.05
7770,20.25,1.0000000000000002,1,0.05
7771,20.25,0.6000000000000001,1,0.05
7772,20.15,0.3,1,0.05
7773,20.05,0.6000000000000001,1,0.05
7774,20.25,0.6000000000000001,1,0.05
7775,20.15,0.3,1,0.05
7776,20.25,0.6000000000000001,1,0.05
7777,20.35,1.3,1,0.05
7778,20.35,1.1000000000000003,1,0.05
7779,20.15,0.2,1,0.05
7780,-8.95,13.349999999999998,0,0.05
7781,20.8,2.4499999999999993,1,0.05
7782,20.5,-18.5,1,0.05
7783,20.25,1.2,1,0.05
7784,20.9,2.949999999999999,1,0.05
7785,20.05,0.39999999999999997,1,0.05
7786,20.2,0.6500000000000001,1,0.05
7787,20.3,1.05,1,0.05
7788,20.45,1.1000000000000003,1,0.05
7789,20.15,0.3,1,0.05
7790,20.3,1.1500000000000001,1,0.05
7791,20.1,0.25,1,0.05
7792,20.2,0.45,1,0.05
7793,20.1,0.35,1,0.05
7794,20.25,1.2,1,0.05
7795,20.1,0.25,1,0.05
7796,20.3,1.3500000000000003,1,0.05
7797,20.9,2.9499999999999984,1,0.05
7798,20.1,0.25,1,0.05
7799,20.1,0.25,1,0.05
7800,20.2,1.3500000000000003,1,0.05
7801,20.15,0.3,1,0.05
7802,20.1,-19.9,1,0.05
7803,20.25,0.5000000000000001,1,0.05
7804,20.2,0.55,1,0.05
7805,-8.75,13.45,0,0.05
7806,20.15,1.5000000000000002,1,0.05
7807,20.05,0.2,1,0.05
7808,20.25,1.3000000000000003,1,0.05
7809,20.1,0.45,1,0.05
7810,20.4,1.35,1,0.05
7811,20.2,0.55,1,0.05
7812,20.15,1.1000000000000003,1,0.05
7813,20.1,0.35,1,0.05
7814,20.45,1.4000000000000001,1,0.05
7815,20.2,0.55,1,0.05
7816,20.5,1.4500000000000004,1,0.05
7817,20.15,1.2,1,0.05
7818,-8.95,13.249999999999998,0,0.05
7819,20.25,1.2,1,0.05
7820,20.1,0.25,1,0.05
7821,20.2,0.45,1,0.05
7822,20.25,0.9000000000000001,1,0.05
7823,20.15,0.7000000000000001,1,0.05
7824,20.1,0.35,1,0.05
7825,20.05,0.0,1,0.05
7826,20.1,0.25,1,0.05
7827,20.25,1.1000000000000003,1,0.05
7828,20.25,0.5000000000000001,1,0.05
7829,20.15,0.6000000000000001,1,0.05
7830,20.35,1.3,1,0.05
7831,20.35,1.2,1,0.05
7832,20.15,0.4,1,0.05
7833,20.35,1.9000000000000001,1,0.05
7834,-8.75,13.45,0,0.05
7835,20.25,-19.45,1,0.05
7836,20.2,0.8500000000000001,1,0.05
7837,20.25,1.0000000000000002,1,0.05
7838,-8.95,13.349999999999998,0,0.05
7839,20.25,0.5000000000000001,1,0.05
7840,20.0,0.8500000000000002,1,0.05
7841,20.15,0.6000000000000001,1,0.05
7842,20.1,0.15000000000000002,1,0.05
7843,20.15,1.5000000000000002,1,0.05
7844,20.2,0.45,1,0.05
7845,20.8,2.249999999999999,1,0.05
7846,20.9,2.4499999999999993,1,0.05
7847,20.1,0.25,1,0.05
7848,20.05,-19.65,1,0.05
7849,20.15,0.6000000000000001,1,0.05
7850,20.3,0.8500000000000001,1,0.05
7851,20.25,-19.55,1,0.05
7852,20.25,0.6000000000000001,1,0.05
7853,20.4,2.249999999999999,1,0.05
7854,20.1,0.15000000000000002,1,0.05
7855,20.2,1.05,1,0.05
7856,20.15,0.3,1,0.05
7857,20.25,0.8000000000000002,1,0.05
7858,20.25,0.7000000000000001,1,0.05
7859,20.5,1.4500000000000004,1,0.05
7860,20.35,1.3,1,0.05
7861,20.1,0.15000000000000002,1,0.05
7862,20.15,0.6000000000000001,1,0.05
7863,-8.85,13.45,0,0.05
7864,20.0,-19.7,1,0.05
7865,20.9,2.549999999999999,1,0.05
7866,20.15,1.1000000000000003,1,0.05
7867,20.2,1.1500000000000001,1,0.05
7868,20.05,0.0,1,0.05
7869,20.15,0.3,1,0.05
7870,20.25,1.5000000000000002,1,0.05
7871,20.1,0.15000000000000002,1,0.05
7872,20.55,1.9999999999999998,1,0.05
7873,19.95,0.3,1,0.05
7874,20.1,0.7500000000000001,1,0.05
7875,20.2,1.05,1,0.05
7876,20.15,1.1000000000000003,1,0.05
7877,20.05,0.4,1,0.05
7878,-10.25,12.15,0,0.05
7879,20.25,1.0000000000000002,1,0.05
7880,20.15,0.3,1,0.05
7881,20.3,0.9500000000000002,1,0.05
7882,20.25,0.5000000000000001,1,0.05
7883,20.25,0.5000000000000001,1,0.05
7884,-8.75,13.549999999999999,0,0.05
7885,21.15,3.199999999999999,1,0.05
7886,-9.049999999999999,13.25,0,0.05
7887,20.0,0.44999999999999996,1,0.05
7888,20.25,0.5000000000000001,1,0.05
7889,20.25,0.5000000000000001,1,0.05
7890,20.2,1.0500000000000003,1,0.05
7891,20.45,2.3999999999999995,1,0.05
7892,20.2,0.8500000000000002,1,0.05
7893,20.0,0.25,1,0.05
7894,20.05,0.10000000000000002,1,0.05
7895,20.5,1.3499999999999999,1,0.05
7896,20.2,0.9500000000000002,1,0.05
7897,21.1,-17.0,1,0.05
7898,20.7,-18.1,1,0.05
7899,-8.95,13.349999999999998,0,0.05
7900,20.6,1.8499999999999999,1,0.05
7901,20.5,1.2500000000000002,1,0.05
7902,20.45,1.4000000000000001,1,0.05
7903,20.15,0.6000000000000001,1,0.05
7904,-8.75,13.549999999999999,0,0.05
7905,20.45,1.3,1,0.05
7906,20.0,0.25,1,0.05
7907,20.45,1.7999999999999996,1,0.05
7908,20.0,0.25,1,0.05
7909,20.0,0.44999999999999996,1,0.05
7910,20.1,0.35,1,0.05
7911,20.05,0.6000000000000001,1,0.05
7912,20.0,0.25,1,0.05
7913,20.25,0.6000000000000001,1,0.05
7914,20.1,0.15000000000000002,1,0.05
7915,21.05,2.9999999999999987,1,0.05
7916,20.2,0.45,1,0.05
7917,19.9,0.9500000000000001,1,0.05
7918,20.4,0.9500000000000002,1,0.05
7919,20.2,1.3500000000000003,1,0.05
7920,20.7,2.449999999999999,1,0.05
7921,-8.85,13.45,0,0.05
7922,20.25,0.8000000000000002,1,0.05
7923,20.15,0.6000000000000001,1,0.05
7924,20.15,0.4,1,0.05
7925,20.3,1.05,1,0.05
7926,20.2,0.45,1,0.05
7927,20.1,0.7500000000000001,1,0.05
7928,20.15,0.6000000000000001,1,0.05
7929,20.2,1.1500000000000004,1,0.05
7930,20.25,0.6000000000000001,1,0.05
7931,20.15,0.3,1,0.05
7932,20.25,1.1000000000000003,1,0.05
7933,20.05,0.2,1,0.05
7934,20.1,0.15000000000000002,1,0.05
7935,20.25,-18.95,1,0.05
7936,20.75,2.5999999999999988,1,0.05
7937,20.3,1.05,1,0.05
7938,20.15,0.6000000000000001,1,0.05
7939,20.25,0.5000000000000001,1,0.05
7940,20.35,-19.25,1,0.05
7941,20.3,1.3500000000000003,1,0.05
7942,20.2,0.6500000000000001,1,0.05
7943,20.1,0.35,1,0.05
7944,20.2,0.45,1,0.05
7945,20.15,0.2,1,0.05
7946,20.3,0.7500000000000001,1,0.05
7947,20.15,0.2,1,0.05
7948,20.15,0.3,1,0.05
7949,20.15,0.3,1,0.05
7950,20.5,1.9499999999999995,1,0.05
7951,-8.75,13.549999999999999,0,0.05
7952,20.2,0.45,1,0.05
7953,20.1,0.7500000000000001,1,0.05
7954,-9.35,12.95,0,0.05
7955,20.1,0.55,1,0.05
7956,20.15,0.2,1,0.05
7957,20.2,0.6500000000000001,1,0.05
7958,20.2,0.55,1,0.05
7959,20.1,0.35,1,0.05
7960,20.1,0.25,1,0.05
7961,20.25,0.6000000000000001,1,0.05
7962,20.0,0.6500000000000001,1,0.05
7963,20.4,1.2500000000000002,1,0.05
7964,20.1,-19.7,1,0.05
7965,-8.95,13.25,0,0.05
7966,20.15,-19.85,1,0.05
7967,20.25,0.5000000000000001,1,0.05
7968,20.25,1.1000000000000003,1,0.05
7969,20.5,1.3499999999999999,1,0.05
7970,20.25,0.5000000000000001,1,0.05
7971,20.15,0.3,1,0.05
7972,20.15,0.7000000000000002,1,0.05
7973,20.25,-18.85,1,0.05
7974,20.2,0.55,1,0.05
7975,20.2,0.45,1,0.05
7976,20.2,0.45,1,0.05
7977,20.15,0.2,1,0.05
7978,20.3,1.05,1,0.05
7979,20.6,1.6499999999999997,1,0.05
7980,20.85,2.499999999999999,1,0.05
7981,20.15,1.1000000000000003,1,0.05
7982,-8.85,13.45,0,0.05
7983,20.1,0.15000000000000002,1,0.05
7984,20.15,0.3,1,0.05
7985,20.1,0.35,1,0.05
7986,20.15,0.6000000000000001,1,0.05
7987,20.15,0.8000000000000002,1,0.05
7988,20.1,0.15000000000000002,1,0.05
7989,20.8,-17.200000000000003,1,0.05
7990,20.45,1.4000000000000001,1,0.05
7991,20.05,0.10000000000000002,1,0.05
7992,20.1,0.35,1,0.05
7993,20.15,0.2,1,0.05
7994,20.2,-19.1,1,0.05
7995,20.1,0.35,1,0.05
7996,20.2,0.8500000000000001,1,0.05
7997,20.5,1.4500000000000004,1,0.05
7998,20.25,1.1000000000000003,1,0.05
7999,20.7,1.9499999999999995,1,0.05
8000,19.95,0.9000000000000002,1,0.05
8001,20.55,1.7999999999999996,1,0.05
8002,20.15,0.7000000000000001,1,0.05
8003,20.2,0.9500000000000002,1,0.05
8004,20.1,0.25,1,0.05
8005,20.35,1.5000000000000002,1,0.05
8006,20.15,0.3,1,0.05
8007,20.05,0.2,1,0.05
8008,20.1,0.15000000000000002,1,0.05
8009,20.05,0.3,1,0.05
8010,20.2,0.45,1,0.05
8011,20.0,-19.6,1,0.05
8012,20.15,1.0000000000000002,1,0.05
8013,20.15,0.6000000000000001,1,0.05
8014,20.1,0.05,1,0.05
8015,20.15,0.6000000000000001,1,0.05
8016,20.25,1.1000000000000003,1,0.05
8017,19.9,0.15000000000000002,1,0.05
8018,20.15,0.3,1,0.05
8019,20.2,0.6500000000000001,1,0.05
8020,-8.85,13.45,0,0.05
8021,20.0,1.55,1,0.05
8022,20.2,0.35000000000000003,1,0.05
8023,-8.75,13.45,0,0.05
8024,20.25,0.8000000000000002,1,0.05
8025,20.25,1.2,1,0.05
8026,20.3,1.05,1,0.05
8027,20.1,0.05,1,0.05
8028,20.05,0.0,1,0.05
8029,20.3,0.7500000000000001,1,0.05
8030,20.1,0.35,1,0.05
8031,20.15,-19.55,1,0.05
8032,20.15,1.2000000000000004,1,0.05
8033,20.05,0.8,1,0.05
8034,20.5,1.2500000000000002,1,0.05
8035,20.1,0.55,1,0.05
8036,20.15,0.7000000000000001,1,0.05
8037,20.3,1.9500000000000004,1,0.05
8038,20.25,0.5000000000000001,1,0.05
8039,20.15,1.2,1,0.05
8040,20.25,0.5000000000000001,1,0.05
8041,20.1,0.25,1,0.05
8042,20.7,2.549999999999999,1,0.05
8043,-8.75,13.45,0,0.05
8044,20.1,0.25,1,0.05
8045,20.25,1.1000000000000003,1,0.05
8046,20.15,0.8000000000000002,1,0.05
8047,20.15,0.5000000000000001,1,0.05
8048,20.1,0.25,1,0.05
8049,20.25,0.9000000000000001,1,0.05
8050,20.3,0.7500000000000001,1,0.05
8051,20.25,0.5000000000000001,1,0.05
8052,20.1,0.15000000000000002,1,0.05
8053,20.05,0.0,1,0.05
8054,20.3,0.7500000000000001,1,0.05
8055,-8.75,13.549999999999999,0,0.05
8056,20.5,1.95,1,0.05
8057,20.15,0.9000000000000001,1,0.05
8058,20.25,0.5000000000000001,1,0.05
8059,20.6,1.9499999999999995,1,0.05
8060,20.1,0.35,1,0.05
8061,20.3,0.7500000000000001,1,0.05
8062,20.25,1.2,1,0.05
8063,20.25,0.6000000000000001,1,0.05
8064,20.15,0.6000000000000001,1,0.05
8065,20.2,0.9500000000000002,1,0.05
8066,20.2,0.6500000000000001,1,0.05
8067,20.3,1.1500000000000001,1,0.05
8068,20.15,0.9000000000000001,1,0.05
8069,20.25,1.4000000000000001,1,0.05
8070,20.15,1.3,1,0.05
8071,20.0,-19.6,1,0.05
8072,20.1,0.15000000000000002,1,0.05
8073,20.1,0.35,1,0.05
8074,20.2,0.6500000000000001,1,0.05
8075,-8.75,13.45,0,0.05
8076,20.2,0.6500000000000001,1,0.05
8077,20.3,1.4500000000000004,1,0.05
8078,20.15,0.7000000000000002,1,0.05
8079,20.25,0.5000000000000001,1,0.05
8080,20.1,1.35,1,0.05
8081,20.25,0.6000000000000001,1,0.05
8082,20.1,0.35,1,0.05
8083,20.15,0.5,1,0.05
8084,21.0,2.949999999999999,1,0.05
8085,20.1,0.5500000000000002,1,0.05
8086,20.25,0.5000000000000001,1,0.05
8087,20.3,1.05,1,0.05
8088,20.05,0.2,1,0.05
8089,20.15,0.9000000000000001,1,0.05
8090,20.3,1.55,1,0.05
8091,20.05,0.8000000000000002,1,0.05
8092,20.15,0.3,1,0.05
8093,19.95,0.5,1,0.05
8094,20.15,0.3,1,0.05
8095,20.3,0.6500000000000001,1,0.05
8096,19.95,0.8,1,0.05
8097,20.1,0.15000000000000002,1,0.05
8098,20.2,0.45,1,0.05
8099,20.2,0.45,1,0.05
8100,20.15,0.2,1,0.05
8101,19.9,0.35,1,0.05
8102,20.15,1.3,1,0.05
8103,20.05,0.2,1,0.05
8104,20.25,0.6000000000000001,1,0.05
8105,20.2,0.55,1,0.05
8106,20.25,1.2,1,0.05
8107,20.15,0.2,1,0.05
8108,20.1,0.35,1,0.05
8109,20.05,0.39999999999999997,1,0.05
8110,20.15,0.6000000000000001,1,0.05
8111,20.45,1.6,1,0.05
8112,20.2,0.45,1,0.05
8113,20.15,0.4,1,0.05
8114,20.55,1.4999999999999998,1,0.05
8115,20.25,0.6000000000000001,1,0.05
8116,21.0,3.049999999999999,1,0.05
8117,20.1,1.2500000000000002,1,0.05
8118,20.05,0.2,1,0.05
8119,20.2,0.45,1,0.05
8120,20.25,0.6000000000000001,1,0.05
8121,20.2,0.6500000000000001,1,0.05
8122,20.15,0.3,1,0.05
8123,20.2,1.25,1,0.05
8124,20.2,0.45,1,0.05
8125,20.15,0.6000000000000001,1,0.05
8126,20.1,0.15000000000000002,1,0.05
8127,20.8,2.8499999999999988,1,0.05
8128,20.15,0.3,1,0.05
8129,20.25,0.5000000000000001,1,0.05
8130,20.1,0.25,1,0.05
8131,20.1,0.25,1,0.05
8132,20.1,0.35,1,0.05
8133,20.15,0.3,1,0.05
8134,20.35,-18.55,1,0.05
8135,20.05,0.2,1,0.05
8136,20.35,1.3,1,0.05
8137,20.05,0.3,1,0.05
8138,20.35,1.3,1,0.05
8139,20.15,0.6000000000000001,1,0.05
8140,20.25,0.5000000000000001,1,0.05
8141,-8.95,13.349999999999998,0,0.05
8142,20.15,1.1000000000000003,1,0.05
8143,20.2,0.8500000000000002,1,0.05
8144,20.1,0.45,1,0.05
8145,20.2,0.55,1,0.05
8146,20.25,1.2,1,0.05
8147,20.05,0.39999999999999997,1,0.05
8148,-8.75,13.549999999999999,0,0.05
8149,20.3,1.05,1,0.05
8150,20.15,0.7000000000000001,1,0.05
8151,20.25,1.1000000000000003,1,0.05
8152,20.2,0.45,1,0.05
8153,20.2,1.05,1,0.05
8154,20.7,1.9499999999999995,1,0.05
8155,20.35,1.3,1,0.05
8156,20.2,0.55,1,0.05
8157,20.25,1.1000000000000003,1,0.05
8158,20.3,0.9500000000000002,1,0.05
8159,20.2,0.6500000000000001,1,0.05
8160,20.25,0.8000000000000002,1,0.05
8161,20.0,0.35,1,0.05
8162,20.2,0.55,1,0.05
8163,20.1,0.25,1,0.05
8164,20.0,0.45,1,0.05
8165,-10.85,11.65,0,0.05
8166,20.2,0.9500000000000002,1,0.05
8167,20.25,1.0000000000000002,1,0.05
8168,20.25,0.9000000000000002,1,0.05
8169,-8.75,13.45,0,0.05
8170,20.15,0.6000000000000001,1,0.05
8171,20.2,0.45,1,0.05
8172,20.1,0.35000000000000003,1,0.05
8173,-8.95,13.249999999999998,0,0.05
8174,21.1,3.049999999999999,1,0.05
8175,20.25,0.5000000000000001,1,0.05
8176,20.3,0.7500000000000001,1,0.05
8177,20.1,0.35,1,0.05
8178,20.2,0.35000000000000003,1,0.05
8179,20.0,0.25,1,0.05
8180,-10.45,11.75,0,0.05
8181,-8.95,13.249999999999998,0,0.05
8182,20.3,1.05,1,0.05
8183,20.3,1.05,1,0.05
8184,20.25,0.5000000000000001,1,0.05
8185,20.25,0.6000000000000001,1,0.05
8186,-8.75,13.549999999999999,0,0.05
8187,20.35,1.2,1,0.05
8188,20.35,1.3,1,0.05
8189,20.1,0.55,1,0.05
8190,20.15,0.2,1,0.05
8191,21.1,3.1499999999999986,1,0.05
8192,20.85,2.599999999999999,1,0.05
8193,20.3,1.05,1,0.05
8194,20.25,1.3,1,0.05
8195,20.15,0.2,1,0.05
8196,21.0,2.949999999999999,1,0.05
8197,20.15,0.3,1,0.05
8198,20.45,1.1000000000000003,1,0.05
8199,20.15,0.3,1,0.05
8200,20.7,2.8499999999999988,1,0.05
8201,20.1,-19.7,1,0.05
8202,20.4,1.8500000000000003,1,0.05
8203,20.05,0.2,1,0.05
8204,20.1,0.35,1,0.05
8205,20.25,1.4000000000000001,1,0.05
8206,20.1,0.15000000000000002,1,0.05
8207,19.95,0.3,1,0.05
8208,20.35,1.3,1,0.05
8209,20.6,1.8499999999999999,1,0.05
8210,20.3,1.05,1,0.05
8211,20.15,0.30000000000000004,1,0.05
8212,21.05,2.899999999999999,1,0.05
8213,20.15,0.2,1,0.05
8214,20.15,0.3,1,0.05
8215,20.2,0.45,1,0.05
8216,20.1,0.35,1,0.05
8217,20.25,0.5000000000000001,1,0.05
8218,20.15,0.3,1,0.05
8219,20.15,0.5000000000000001,1,0.05
8220,20.15,0.30000000000000004,1,0.05
8221,20.15,0.2,1,0.05
8222,20.3,1.7500000000000002,1,0.05
8223,20.35,1.3,1,0.05
8224,20.15,0.3,1,0.05
8225,20.1,0.35,1,0.05
8226,20.1,0.25,1,0.05
8227,20.25,0.5000000000000001,1,0.05
8228,-8.75,13.549999999999999,0,0.05
8229,20.2,1.05,1,0.05
8230,20.35,1.2000000000000002,1,0.05
8231,20.1,0.35,1,0.05
8232,20.25,0.5000000000000001,1,0.05
8233,-8.85,13.349999999999998,0,0.05
8234,20.1,0.15000000000000002,1,0.05
8235,20.1,0.15000000000000002,1,0.05
8236,20.5,1.55,1,0.05
8237,20.5,1.4500000000000004,1,0.05
8238,20.2,-19.6,1,0.05
8239,20.45,1.3,1,0.05
8240,20.1,0.15000000000000002,1,0.05
8241,20.1,0.25,1,0.05
8242,20.05,0.2,1,0.05
8243,20.1,0.55,1,0.05
8244,20.15,0.7000000000000001,1,0.05
8245,20.0,0.25,1,0.05
8246,-9.45,12.95,0,0.05
8247,20.25,0.5000000000000001,1,0.05
8248,20.05,0.0,1,0.05
8249,20.2,0.8500000000000002,1,0.05
8250,20.1,0.55,1,0.05
8251,20.35,1.1000000000000003,1,0.05
8252,20.1,0.55,1,0.05
8253,20.25,0.5000000000000001,1,0.05
8254,20.25,1.1000000000000003,1,0.05
8255,20.15,0.3,1,0.05
8256,20.1,0.55,1,0.05
8257,20.5,1.95,1,0.05
8258,20.3,0.7500000000000001,1,0.05
8259,-9.049999999999999,13.149999999999999,0,0.05
8260,20.2,1.05,1,0.05
8261,20.15,-18.75,1,0.05
8262,20.15,0.2,1,0.05
8263,-8.85,13.349999999999998,0,0.05
8264,20.15,0.2,1,0.05
8265,20.25,0.5000000000000001,1,0.05
8266,20.2,1.05,1,0.05
8267,20.1,0.15000000000000002,1,0.05
8268,20.15,0.5000000000000001,1,0.05
8269,20.35,1.4000000000000001,1,0.05
8270,20.15,1.1,1,0.05
8271,-8.85,13.45,0,0.05
8272,20.1,0.45,1,0.05
8273,20.25,0.9000000000000001,1,0.05
8274,20.05,0.39999999999999997,1,0.05
8275,20.1,0.25,1,0.05
8276,-8.75,13.45,0,0.05
8277,20.25,1.2,1,0.05
8278,20.2,0.55,1,0.05
8279,20.15,0.6000000000000001,1,0.05
8280,20.25,1.7,1,0.05
8281,20.1,0.35000000000000003,1,0.05
8282,20.25,0.5000000000000001,1,0.05
8283,20.2,1.2500000000000002,1,0.05
8284,20.1,0.55,1,0.05
8285,20.2,-19.2,1,0.05
8286,20.25,1.2,1,0.05
8287,20.3,0.9500000000000002,1,0.05
8288,20.45,1.7999999999999996,1,0.05
8289,20.2,0.45,1,0.05
8290,20.1,0.55,1,0.05
8291,20.1,1.1500000000000001,1,0.05
8292,20.2,1.05,1,0.05
8293,-9.35,12.95,0,0.05
8294,-8.85,13.45,0,0.05
8295,20.3,1.05,1,0.05
8296,20.8,2.1499999999999995,1,0.05
8297,20.15,0.3,1,0.05
8298,20.1,0.15000000000000002,1,0.05
8299,20.25,0.6000000000000001,1,0.05
8300,20.05,0.2,1,0.05
8301,20.7,-17.9,1,0.05
8302,20.4,1.7500000000000002,1,0.05
8303,21.05,2.9999999999999987,1,0.05
8304,20.25,0.5000000000000001,1,0.05
8305,20.25,0.5000000000000001,1,0.05
8306,20.15,0.3,1,0.05
8307,20.1,0.35,1,0.05
8308,20.4,1.3499999999999999,1,0.05
8309,20.0,0.25,1,0.05
8310,20.1,-19.7,1,0.05
8311,20.1,0.25,1,0.05
8312,20.05,0.10000000000000002,1,0.05
8313,20.15,1.0000000000000002,1,0.05
8314,20.25,0.6000000000000001,1,0.05
8315,20.15,0.6000000000000001,1,0.05
8316,20.3,1.1500000000000001,1,0.05
8317,20.25,0.6000000000000001,1,0.05
8318,-8.95,13.35,0,0.05
8319,20.1,0.35,1,0.05
8320,20.1,0.25,1,0.05
8321,20.1,0.15000000000000002,1,0.05
8322,20.1,0.55,1,0.05
8323,20.25,0.6000000000000001,1,0.05
8324,20.1,0.35,1,0.05
8325,20.0,0.25,1,0.05
8326,-8.95,13.25,0,0.05
8327,20.25,0.6000000000000001,1,0.05
8328,20.25,1.2,1,0.05
8329,20.65,2.4999999999999996,1,0.05
8330,20.35,0.8000000000000002,1,0.05
8331,20.2,0.55,1,0.05
8332,20.25,0.6000000000000001,1,0.05
8333,-8.95,13.249999999999998,0,0.05
8334,20.3,1.05,1,0.05
8335,20.7,2.649999999999999,1,0.05
8336,20.2,0.55,1,0.05
8337,20.85,-17.150000000000002,1,0.05
8338,-8.75,13.549999999999999,0,0.05
8339,20.3,1.1500000000000001,1,0.05
8340,20.1,-19.9,1,0.05
8341,20.25,0.9000000000000001,1,0.05
8342,20.9,3.1499999999999986,1,0.05
8343,20.2,0.45,1,0.05
8344,20.1,0.25,1,0.05
8345,20.5,1.3499999999999999,1,0.05
8346,20.1,0.35,1,0.05
8347,20.05,0.2,1,0.05
8348,20.2,1.2500000000000002,1,0.05
8349,20.2,0.6500000000000001,1,0.05
8350,20.5,1.2500000000000002,1,0.05
8351,20.2,0.45,1,0.05
8352,20.3,0.7500000000000001,1,0.05
8353,20.25,0.5000000000000001,1,0.05
8354,20.65,1.9999999999999998,1,0.05
8355,20.15,0.2,1,0.05
8356,19.95,1.3000000000000005,1,0.05
8357,20.45,1.4000000000000001,1,0.05
8358,20.1,0.9500000000000002,1,0.05
8359,20.2,0.45,1,0.05
8360,20.1,0.15000000000000002,1,0.05
8361,20.25,1.0,1,0.05
8362,20.1,0.45,1,0.05
8363,20.85,2.2999999999999994,1,0.05
8364,20.15,1.1000000000000003,1,0.05
8365,20.2,0.55,1,0.05
8366,19.9,0.85,1,0.05
8367,20.25,0.6000000000000001,1,0.05
8368,20.1,0.15000000000000002,1,0.05
8369,20.25,0.9000000000000001,1,0.05
8370,20.85,2.499999999999999,1,0.05
8371,20.1,0.25,1,0.05
8372,20.4,-18.7,1,0.05
8373,20.25,0.8000000000000002,1,0.05
8374,-8.85,13.349999999999998,0,0.05
8375,20.05,0.39999999999999997,1,0.05
8376,20.0,1.0500000000000003,1,0.05
8377,20.15,0.6000000000000001,1,0.05
8378,20.25,0.6000000000000001,1,0.05
8379,20.15,0.6000000000000001,1,0.05
8380,20.05,0.0,1,0.05
8381,20.2,0.45,1,0.05
8382,20.1,0.25,1,0.05
8383,20.1,0.35,1,0.05
8384,20.15,0.3,1,0.05
8385,20.1,0.25,1,0.05
8386,20.1,0.25,1,0.05
8387,20.15,0.2,1,0.05
8388,20.0,0.8500000000000002,1,0.05
8389,20.1,0.35,1,0.05
8390,20.3,1.0500000000000003,1,0.05
8391,20.15,0.3,1,0.05
8392,20.2,0.6500000000000001,1,0.05
8393,20.45,2.099999999999999,1,0.05
8394,20.2,0.45,1,0.05
8395,20.4,1.2500000000000002,1,0.05
8396,20.2,0.8500000000000001,1,0.05
8397,20.1,-19.7,1,0.05
8398,20.15,0.3,1,0.05
8399,20.15,0.7000000000000001,1,0.05
8400,20.4,1.8499999999999996,1,0.05
8401,20.3,0.7500000000000001,1,0.05
8402,20.1,0.35,1,0.05
8403,20.45,1.2,1,0.05
8404,20.1,0.25,1,0.05
8405,20.0,1.2500000000000002,1,0.05
8406,20.1,1.3500000000000003,1,0.05
8407,20.05,0.9000000000000002,1,0.05
8408,20.2,0.45,1,0.05
8409,20.25,0.6000000000000001,1,0.05
8410,20.25,0.5000000000000001,1,0.05
8411,20.45,1.4000000000000001,1,0.05
8412,20.15,0.3,1,0.05
8413,20.1,0.35,1,0.05
8414,19.9,0.7500000000000002,1,0.05
8415,20.3,0.9500000000000002,1,0.05
8416,20.05,1.3000000000000005,1,0.05
8417,20.15,0.6000000000000001,1,0.05
8418,20.15,0.2,1,0.05
8419,20.3,1.0500000000000003,1,0.05
8420,20.2,0.45,1,0.05
8421,20.25,0.8000000000000002,1,0.05
8422,20.05,0.6000000000000001,1,0.05
8423,20.2,0.8500000000000001,1,0.05
8424,-8.85,13.45,0,0.05
8425,20.15,0.2,1,0.05
8426,20.15,0.3,1,0.05
8427,20.1,0.15000000000000002,1,0.05
8428,20.15,0.7000000000000001,1,0.05
8429,20.45,1.5999999999999999,1,0.05
8430,20.15,0.3,1,0.05
8431,20.15,1.0000000000000002,1,0.05
8432,20.3,0.7500000000000001,1,0.05
8433,20.1,0.45,1,0.05
8434,20.3,1.1500000000000001,1,0.05
8435,-9.049999999999999,13.249999999999998,0,0.05
8436,19.95,0.7000000000000002,1,0.05
8437,20.2,0.8500000000000002,1,0.05
8438,20.2,0.45,1,0.05
8439,20.3,0.7500000000000001,1,0.05
8440,20.05,0.10000000000000002,1,0.05
8441,19.95,1.1000000000000003,1,0.05
8442,20.1,0.15000000000000002,1,0.05
8443,20.15,0.2,1,0.05
8444,20.3,1.35,1,0.05
8445,20.0,0.9500000000000002,1,0.05
8446,-8.95,13.249999999999998,0,0.05
8447,20.1,0.8500000000000002,1,0.05
8448,20.2,-19.6,1,0.05
8449,20.2,-19.6,1,0.05
8450,20.15,0.3,1,0.05
8451,20.1,0.55,1,0.05
8452,20.05,0.2,1,0.05
8453,20.1,0.25,1,0.05
8454,20.85,2.5999999999999988,1,0.05
8455,20.1,0.35,1,0.05
8456,20.0,0.25,1,0.05
8457,20.45,1.6000000000000003,1,0.05
8458,20.15,2.0000000000000004,1,0.05
8459,20.15,0.3,1,0.05
8460,20.2,0.9500000000000002,1,0.05
8461,20.15,0.6000000000000001,1,0.05
8462,19.95,0.3,1,0.05
8463,20.1,0.25,1,0.05
8464,20.15,0.5000000000000001,1,0.05
8465,20.9,2.649999999999999,1,0.05
8466,20.05,0.2,1,0.05
8467,20.2,0.45,1,0.05
8468,20.15,1.0000000000000002,1,0.05
8469,20.75,2.099999999999999,1,0.05
8470,20.5,1.6500000000000004,1,0.05
8471,20.1,-19.3,1,0.05
8472,19.95,0.39999999999999997,1,0.05
8473,-9.049999999999999,13.25,0,0.05
8474,20.5,1.8499999999999999,1,0.05
8475,20.15,0.3,1,0.05
8476,20.45,1.1000000000000003,1,0.05
8477,20.3,-19.2,1,0.05
8478,20.35,1.3,1,0.05
8479,20.25,0.5000000000000001,1,0.05
8480,20.4,1.4500000000000002,1,0.05
8481,20.3,1.5500000000000007,1,0.05
8482,21.05,2.9999999999999987,1,0.05
8483,20.0,0.25,1,0.05
8484,-8.95,13.349999999999998,0,0.05
8485,20.1,0.25,1,0.05
8486,20.5,1.55,1,0.05
8487,21.2,3.4499999999999984,1,0.05
8488,20.15,0.2,1,0.05
8489,20.1,0.15000000000000002,1,0.05
8490,20.1,0.7500000000000001,1,0.05
8491,20.4,1.45,1,0.05
8492,20.2,-19.6,1,0.05
8493,20.2,0.9500000000000002,1,0.05
8494,19.9,0.35,1,0.05
8495,21.05,3.199999999999999,1,0.05
8496,20.15,0.3,1,0.05
8497,20.3,0.9500000000000002,1,0.05
8498,-9.35,12.95,0,0.05
8499,20.15,0.3,1,0.05
8500,20.2,0.5500000000000002,1,0.05
8501,20.15,-19.75,1,0.05
8502,20.15,0.3,1,0.05
8503,20.05,1.3000000000000005,1,0.05
8504,20.15,0.3,1,0.05
8505,-8.85,13.45,0,0.05
8506,20.2,0.55,1,0.05
8507,20.2,0.45,1,0.05
8508,20.1,0.25,1,0.05
8509,20.85,2.699999999999999,1,0.05
8510,20.05,0.2,1,0.05
8511,20.25,0.5000000000000001,1,0.05
8512,20.6,1.8499999999999999,1,0.05
8513,20.15,0.3,1,0.05
8514,20.15,1.0000000000000002,1,0.05
8515,20.5,1.55,1,0.05
8516,20.1,1.05,1,0.05
8517,20.05,0.9000000000000002,1,0.05
8518,20.05,0.5,1,0.05
8519,20.35,0.9000000000000001,1,0.05
8520,20.15,0.5,1,0.05
8521,20.5,1.4500000000000004,1,0.05
8522,20.25,0.8000000000000002,1,0.05
8523,20.0,0.45,1,0.05
8524,20.05,0.5,1,0.05
8525,20.65,2.3000000000000003,1,0.05
8526,20.15,-19.75,1,0.05
8527,20.15,0.3,1,0.05
8528,20.25,0.5000000000000001,1,0.05
8529,20.1,0.7500000000000002,1,0.05
8530,20.15,1.1000000000000003,1,0.05
8531,20.7,2.249999999999999,1,0.05
8532,20.1,0.35,1,0.05
8533,20.8,2.1499999999999995,1,0.05
8534,20.25,0.6000000000000001,1,0.05
8535,20.8,2.249999999999999,1,0.05
8536,20.15,0.3,1,0.05
8537,20.15,0.2,1,0.05
8538,20.5,1.7499999999999998,1,0.05
8539,20.1,0.15000000000000002,1,0.05
8540,20.55,1.4000000000000001,1,0.05
8541,20.25,1.2,1,0.05
8542,20.15,1.0000000000000002,1,0.05
8543,-8.85,13.45,0,0.05
8544,20.05,0.2,1,0.05
8545,20.1,0.35,1,0.05
8546,20.0,1.05,1,0.05
8547,20.15,1.1000000000000003,1,0.05
8548,-8.75,13.549999999999999,0,0.05
8549,20.25,0.6000000000000001,1,0.05
8550,20.1,0.15000000000000002,1,0.05
8551,20.3,0.7500000000000001,1,0.05
8552,20.05,-19.65,1,0.05
8553,20.35,1.4000000000000001,1,0.05
8554,20.25,0.6000000000000001,1,0.05
8555,20.3,1.3500000000000003,1,0.05
8556,20.2,0.45,1,0.05
8557,20.1,0.9500000000000002,1,0.05
8558,20.2,0.55,1,0.05
8559,20.2,0.45,1,0.05
8560,20.4,2.0499999999999994,1,0.05
8561,20.2,0.55,1,0.05
8562,20.05,0.2,1,0.05
8563,20.25,1.2000000000000004,1,0.05
8564,20.5,1.55,1,0.05
8565,20.25,0.6000000000000001,1,0.05
8566,20.0,0.8500000000000002,1,0.05
8567,20.0,0.44999999999999996,1,0.05
8568,21.2,3.4499999999999984,1,0.05
8569,20.05,0.2,1,0.05
8570,20.15,0.7000000000000001,1,0.05
8571,20.15,1.0000000000000002,1,0.05
8572,20.0,0.25,1,0.05
8573,20.1,0.55,1,0.05
8574,20.1,-19.6,1,0.05
8575,-8.85,13.45,0,0.05
8576,20.15,0.6000000000000001,1,0.05
8577,20.25,0.5000000000000001,1,0.05
8578,20.0,0.45,1,0.05
8579,20.1,0.35,1,0.05
8580,20.55,1.7999999999999996,1,0.05
8581,20.1,0.25,1,0.05
8582,20.0,0.25,1,0.05
8583,20.05,0.3,1,0.05
8584,20.1,0.25,1,0.05
8585,19.95,-19.75,1,0.05
8586,20.2,0.45,1,0.05
8587,20.1,0.25,1,0.05
8588,20.1,0.15000000000000002,1,0.05
8589,20.65,2.499999999999999,1,0.05
8590,20.15,1.0000000000000002,1,0.05
8591,-8.95,13.349999999999998,0,0.05
8592,20.05,0.39999999999999997,1,0.05
8593,20.1,-19.9,1,0.05
8594,20.1,0.25,1,0.05
8595,20.15,0.2,1,0.05
8596,20.3,1.1500000000000001,1,0.05
8597,20.75,2.399999999999999,1,0.05
8598,20.25,0.6000000000000001,1,0.05
8599,20.8,2.9499999999999984,1,0.05
8600,-8.95,13.25,0,0.05
8601,20.3,0.6500000000000001,1,0.05
8602,20.45,1.5000000000000007,1,0.05
8603,20.15,0.5000000000000001,1,0.05
8604,20.05,0.5,1,0.05
8605,20.15,0.3,1,0.05
8606,20.15,1.0000000000000002,1,0.05
8607,20.0,0.8500000000000002,1,0.05
8608,20.15,0.3,1,0.05
8609,20.25,0.7000000000000001,1,0.05
8610,20.15,0.6000000000000001,1,0.05
8611,20.05,1.0000000000000002,1,0.05
8612,-9.15,13.149999999999999,0,0.05
8613,20.05,0.3,1,0.05
8614,20.25,1.5000000000000002,1,0.05
8615,20.2,0.45,1,0.05
8616,-8.95,13.249999999999998,0,0.05
8617,20.2,0.6500000000000001,1,0.05
8618,20.1,0.25,1,0.05
8619,20.15,1.0000000000000002,1,0.05
8620,20.25,0.6000000000000001,1,0.05
8621,20.15,0.6000000000000001,1,0.05
8622,20.15,0.3,1,0.05
8623,20.2,0.6500000000000001,1,0.05
8624,20.15,0.7000000000000001,1,0.05
8625,20.85,2.699999999999999,1,0.05
8626,20.25,0.6000000000000001,1,0.05
8627,-8.85,13.45,0,0.05
8628,-10.15,12.35,0,0.05
8629,20.05,0.8000000000000002,1,0.05
8630,20.15,0.6000000000000001,1,0.05
8631,20.2,0.9500000000000002,1,0.05
8632,20.2,0.9500000000000002,1,0.05
8633,20.2,0.45,1,0.05
8634,20.05,1.0000000000000002,1,0.05
8635,20.15,0.6000000000000001,1,0.05
8636,20.2,1.05,1,0.05
8637,20.15,0.5,1,0.05
8638,20.1,-19.1,1,0.05
8639,20.25,0.8000000000000002,1,0.05
8640,20.2,1.05,1,0.05
8641,20.15,0.9000000000000001,1,0.05
8642,20.15,1.0000000000000002,1,0.05
8643,-8.95,13.349999999999998,0,0.05
8644,20.1,0.35000000000000003,1,0.05
8645,20.2,0.45,1,0.05
8646,-8.95,13.349999999999998,0,0.05
8647,20.3,1.1500000000000001,1,0.05
8648,20.15,0.7000000000000001,1,0.05
8649,20.25,0.6000000000000001,1,0.05
8650,20.2,0.6500000000000001,1,0.05
8651,20.05,0.4,1,0.05
8652,20.1,0.15000000000000002,1,0.05
8653,20.2,0.8500000000000001,1,0.05
8654,20.15,0.2,1,0.05
8655,20.15,0.7000000000000001,1,0.05
8656,20.15,0.9000000000000001,1,0.05
8657,-8.95,13.25,0,0.05
8658,19.85,0.49999999999999994,1,0.05
8659,20.3,0.9500000000000002,1,0.05
8660,20.1,0.7500000000000001,1,0.05
8661,20.05,1.0000000000000002,1,0.05
8662,20.15,1.1000000000000003,1,0.05
8663,20.1,1.3500000000000003,1,0.05
8664,20.9,2.4499999999999993,1,0.05
8665,20.15,0.5000000000000001,1,0.05
8666,-8.85,13.349999999999998,0,0.05
8667,20.05,0.2,1,0.05
8668,20.25,0.5000000000000001,1,0.05
8669,20.2,0.45,1,0.05
8670,20.35,0.8000000000000002,1,0.05
8671,20.05,0.49999999999999994,1,0.05
8672,20.25,0.5000000000000001,1,0.05
8673,20.45,1.9000000000000001,1,0.05
8674,-8.95,13.249999999999998,0,0.05
8675,20.15,0.2,1,0.05
8676,20.25,0.5000000000000001,1,0.05
8677,20.55,2.3999999999999995,1,0.05
8678,20.1,0.15000000000000002,1,0.05
8679,20.15,0.6000000000000001,1,0.05
8680,20.45,1.4000000000000001,1,0.05
8681,20.75,2.099999999999999,1,0.05
8682,20.05,0.5,1,0.05
8683,20.2,0.55,1,0.05
8684,20.8,-17.400000000000002,1,0.05
8685,19.85,0.0,1,0.05
8686,20.1,0.55,1,0.05
8687,20.35,1.4000000000000001,1,0.05
8688,20.3,0.7500000000000001,1,0.05
8689,20.1,0.15000000000000002,1,0.05
8690,20.25,0.7000000000000001,1,0.05
8691,20.2,1.5500000000000005,1,0.05
8692,20.1,0.35,1,0.05
8693,20.25,0.5000000000000001,1,0.05
8694,20.05,0.6000000000000001,1,0.05
8695,20.15,1.7000000000000004,1,0.05
8696,20.15,1.1000000000000003,1,0.05
8697,20.15,0.7000000000000001,1,0.05
8698,-8.85,13.45,0,0.05
8699,20.2,0.6500000000000001,1,0.05
8700,20.35,0.8000000000000002,1,0.05
8701,20.2,0.6500000000000001,1,0.05
8702,20.15,1.2000000000000004,1,0.05
8703,20.1,0.8500000000000002,1,0.05
8704,20.15,0.2,1,0.05
8705,20.2,0.55,1,0.05
8706,20.1,0.25,1,0.05
8707,20.1,0.15000000000000002,1,0.05
8708,20.15,0.9000000000000001,1,0.05
8709,20.15,1.1000000000000003,1,0.05
8710,20.1,1.6500000000000006,1,0.05
8711,20.5,2.3499999999999996,1,0.05
8712,20.25,0.5000000000000001,1,0.05
8713,20.1,0.35,1,0.05
8714,20.2,0.55,1,0.05
8715,20.2,0.6500000000000001,1,0.05
8716,20.15,0.7000000000000002,1,0.05
8717,20.25,0.8000000000000002,1,0.05
8718,20.3,1.1500000000000001,1,0.05
8719,20.1,0.15000000000000002,1,0.05
8720,20.45,1.4000000000000001,1,0.05
8721,-8.75,13.549999999999999,0,0.05
8722,20.1,1.05,1,0.05
8723,20.0,0.45,1,0.05
8724,20.05,0.2,1,0.05
8725,20.15,1.1000000000000003,1,0.05
8726,-8.75,13.45,0,0.05
8727,20.1,0.35,1,0.05
8728,20.2,1.2500000000000002,1,0.05
8729,20.2,0.45,1,0.05
8730,20.25,0.6000000000000001,1,0.05
8731,20.15,0.3,1,0.05
8732,20.5,1.55,1,0.05
8733,21.0,2.949999999999999,1,0.05
8734,20.25,0.5000000000000001,1,0.05
8735,20.1,0.35,1,0.05
8736,-9.049999999999999,13.249999999999998,0,0.05
8737,20.05,1.0000000000000002,1,0.05
8738,20.2,0.45,1,0.05
8739,20.1,0.35,1,0.05
8740,20.1,0.6500000000000001,1,0.05
8741,20.25,0.8000000000000002,1,0.05
8742,20.3,0.7500000000000001,1,0.05
8743,20.3,0.7500000000000001,1,0.05
8744,-9.15,13.149999999999999,0,0.05
8745,20.2,1.4500000000000004,1,0.05
8746,20.45,1.5000000000000002,1,0.05
8747,20.2,1.6500000000000001,1,0.05
8748,20.15,0.3,1,0.05
8749,20.0,1.05,1,0.05
8750,20.1,0.25,1,0.05
8751,20.15,1.1000000000000003,1,0.05
8752,20.3,-18.5,1,0.05
8753,20.15,0.3,1,0.05
8754,20.0,0.44999999999999996,1,0.05
8755,20.25,1.2000000000000004,1,0.05
8756,20.25,0.9000000000000001,1,0.05
8757,20.2,0.9500000000000002,1,0.05
8758,-8.85,13.349999999999998,0,0.05
8759,20.25,0.5000000000000001,1,0.05
8760,20.1,0.15000000000000002,1,0.05
8761,20.1,0.25,1,0.05
8762,20.1,0.55,1,0.05
8763,20.25,0.7000000000000001,1,0.05
8764,20.2,0.45,1,0.05
8765,-8.75,13.549999999999999,0,0.05
8766,20.1,0.35,1,0.05
8767,20.1,0.9500000000000002,1,0.05
8768,20.35,1.5,1,0.05
8769,20.1,0.55,1,0.05
8770,20.25,0.5000000000000001,1,0.05
8771,20.25,0.5000000000000001,1,0.05
8772,20.3,-19.3,1,0.05
8773,20.35,1.3,1,0.05
8774,20.25,0.6000000000000001,1,0.05
8775,20.0,0.25,1,0.05
8776,20.0,0.55,1,0.05
8777,20.15,0.4,1,0.05
8778,20.1,0.15000000000000002,1,0.05
8779,20.1,0.25,1,0.05
8780,20.55,1.7,1,0.05
8781,20.25,0.5000000000000001,1,0.05
8782,20.75,2.1999999999999993,1,0.05
8783,-8.95,13.349999999999998,0,0.05
8784,20.2,0.45,1,0.05
8785,20.3,1.1500000000000001,1,0.05
8786,20.25,0.6000000000000001,1,0.05
8787,20.35,1.7,1,0.05
8788,20.45,1.3,1,0.05
8789,20.3,1.55,1,0.05
8790,20.45,1.5999999999999999,1,0.05
8791,20.25,0.6000000000000001,1,0.05
8792,20.15,1.0000000000000002,1,0.05
8793,20.15,0.7000000000000001,1,0.05
8794,20.25,0.5000000000000001,1,0.05
8795,20.25,1.5000000000000002,1,0.05
8796,20.1,0.6500000000000001,1,0.05
8797,20.15,0.7000000000000001,1,0.05
8798,20.35,1.5000000000000002,1,0.05
8799,20.0,1.05,1,0.05
8800,20.25,0.8000000000000002,1,0.05
8801,20.25,0.7000000000000001,1,0.05
8802,20.05,1.0000000000000002,1,0.05
8803,20.2,0.9500000000000002,1,0.05
8804,20.05,0.2,1,0.05
8805,20.2,0.6500000000000001,1,0.05
8806,20.2,0.9500000000000002,1,0.05
8807,20.15,1.1000000000000003,1,0.05
8808,20.2,0.45,1,0.05
8809,20.15,0.3,1,0.05
8810,20.1,0.6500000000000001,1,0.05
8811,20.2,0.55,1,0.05
8812,20.6,1.55,1,0.05
8813,20.55,1.4999999999999998,1,0.05
8814,20.25,0.6000000000000001,1,0.05
8815,20.3,1.1500000000000001,1,0.05
8816,20.1,0.25,1,0.05
8817,20.4,-19.0,1,0.05
8818,20.3,1.35,1,0.05
8819,20.25,0.6000000000000001,1,0.05
8820,20.15,0.3,1,0.05
8821,20.2,0.6500000000000001,1,0.05
8822,20.15,0.9000000000000001,1,0.05
8823,20.45,1.4000000000000001,1,0.05
8824,20.4,1.25,1,0.05
8825,20.15,0.3,1,0.05
8826,20.15,0.2,1,0.05
8827,20.1,0.15000000000000002,1,0.05
8828,20.15,0.6000000000000001,1,0.05
8829,20.15,1.1000000000000003,1,0.05
8830,19.9,0.5499999999999999,1,0.05
8831,20.0,0.6500000000000001,1,0.05
8832,20.1,0.6500000000000001,1,0.05
8833,-8.95,13.349999999999998,0,0.05
8834,-9.25,13.149999999999999,0,0.05
8835,20.45,1.4000000000000001,1,0.05
8836,20.25,0.5000000000000001,1,0.05
8837,20.0,0.6500000000000001,1,0.05
8838,20.6,2.0499999999999994,1,0.05
8839,20.15,1.2,1,0.05
8840,20.25,0.6000000000000001,1,0.05
8841,20.25,0.5000000000000001,1,0.05
8842,20.65,2.1999999999999997,1,0.05
8843,20.05,1.4000000000000001,1,0.05
8844,20.05,0.2,1,0.05
8845,20.1,0.25,1,0.05
8846,20.15,0.3,1,0.05
8847,20.3,0.7500000000000001,1,0.05
8848,20.25,1.1000000000000003,1,0.05
8849,20.1,0.05,1,0.05
8850,20.25,0.7000000000000001,1,0.05
8851,20.1,0.15000000000000002,1,0.05
8852,20.5,1.55,1,0.05
8853,20.35,0.9000000000000001,1,0.05
8854,20.65,1.7,1,0.05
8855,20.4,-18.7,1,0.05
8856,20.3,-19.3,1,0.05
8857,20.25,1.4000000000000001,1,0.05
8858,20.0,0.15000000000000002,1,0.05
8859,20.1,0.35,1,0.05
8860,-8.95,13.349999999999998,0,0.05
8861,20.15,0.6000000000000001,1,0.05
8862,20.1,0.35,1,0.05
8863,20.1,0.6500000000000001,1,0.05
8864,20.15,0.9000000000000002,1,0.05
8865,20.45,1.6,1,0.05
8866,20.1,0.25,1,0.05
8867,20.1,0.55,1,0.05
8868,20.75,2.6999999999999993,1,0.05
8869,20.1,0.15000000000000002,1,0.05
8870,20.15,1.0000000000000002,1,0.05
8871,20.1,-19.9,1,0.05
8872,20.1,0.9500000000000002,1,0.05
8873,20.5,1.6500000000000001,1,0.05
8874,20.2,1.05,1,0.05
8875,20.25,0.9000000000000001,1,0.05
8876,20.15,0.5000000000000001,1,0.05
8877,20.2,0.6500000000000001,1,0.05
8878,19.95,0.3,1,0.05
8879,20.05,0.8000000000000002,1,0.05
8880,20.2,0.6500000000000001,1,0.05
8881,20.15,0.3,1,0.05
8882,-9.049999999999999,13.249999999999998,0,0.05
8883,20.25,0.7000000000000001,1,0.05
8884,20.2,0.45,1,0.05
8885,20.35,1.0000000000000002,1,0.05
8886,20.15,0.3,1,0.05
8887,20.15,0.3,1,0.05
8888,21.15,3.2999999999999985,1,0.05
8889,20.15,0.9000000000000001,1,0.05
8890,20.2,0.5500000000000002,1,0.05
8891,20.2,0.6500000000000001,1,0.05
8892,20.95,3.0999999999999988,1,0.05
8893,20.5,-18.4,1,0.05
8894,20.6,1.6499999999999997,1,0.05
8895,20.15,0.3,1,0.05
8896,-9.15,13.149999999999999,0,0.05
8897,20.2,0.6500000000000001,1,0.05
8898,19.9,0.5499999999999999,1,0.05
8899,20.15,0.6000000000000001,1,0.05
8900,-9.15,13.049999999999999,0,0.05
8901,20.1,0.9500000000000002,1,0.05
8902,20.2,0.8500000000000002,1,0.05
8903,20.1,1.1500000000000001,1,0.05
8904,20.2,0.6500000000000001,1,0.05
8905,-9.049999999999999,13.25,0,0.05
8906,-9.15,13.049999999999999,0,0.05
8907,20.1,0.25,1,0.05
8908,20.2,1.4500000000000004,1,0.05
8909,20.25,0.6000000000000001,1,0.05
8910,20.2,0.55,1,0.05
8911,20.1,0.15000000000000002,1,0.05
8912,20.25,0.5000000000000001,1,0.05
8913,20.1,0.35,1,0.05
8914,-8.95,13.25,0,0.05
8915,20.05,0.7000000000000002,1,0.05
8916,20.2,0.45,1,0.05
8917,20.2,0.45,1,0.05
8918,-8.95,13.249999999999998,0,0.05
8919,20.2,0.6500000000000001,1,0.05
8920,20.15,-19.75,1,0.05
8921,20.15,0.8000000000000002,1,0.05
8922,20.95,3.0999999999999988,1,0.05
8923,20.5,1.9499999999999997,1,0.05
8924,-8.85,13.349999999999998,0,0.05
8925,20.15,1.1000000000000003,1,0.05
8926,20.1,0.25,1,0.05
8927,20.1,0.6500000000000001,1,0.05
8928,20.2,0.45,1,0.05
8929,20.0,0.25,1,0.05
8930,20.3,0.7500000000000001,1,0.05
8931,-9.049999999999999,13.249999999999998,0,0.05
8932,20.2,0.6500000000000001,1,0.05
8933,20.15,1.1000000000000003,1,0.05
8934,20.2,1.1500000000000004,1,0.05
8935,20.2,0.7500000000000001,1,0.05
8936,20.25,0.6000000000000001,1,0.05
8937,20.15,0.3,1,0.05
8938,20.1,0.9500000000000002,1,0.05
8939,20.15,0.7000000000000001,1,0.05
8940,20.25,0.7000000000000001,1,0.05
8941,20.15,-19.65,1,0.05
8942,20.25,0.5000000000000001,1,0.05
8943,20.05,0.3,1,0.05
8944,20.15,0.3,1,0.05
8945,-8.75,13.549999999999999,0,0.05
8946,20.75,2.8999999999999986,1,0.05
8947,20.3,0.7500000000000001,1,0.05
8948,20.15,0.2,1,0.05
8949,20.3,-19.3,1,0.05
8950,20.2,1.0500000000000003,1,0.05
8951,20.15,0.2,1,0.05
8952,20.2,0.55,1,0.05
8953,20.25,0.6000000000000001,1,0.05
8954,20.05,0.7000000000000002,1,0.05
8955,20.0,0.25,1,0.05
8956,-10.85,11.65,0,0.05
8957,-9.15,13.149999999999999,0,0.05
8958,20.25,0.8000000000000002,1,0.05
8959,20.35,0.8000000000000002,1,0.05
8960,20.15,0.4,1,0.05
8961,20.25,2.2000000000000006,1,0.05
8962,20.2,0.9500000000000002,1,0.05
8963,20.15,1.2,1,0.05
8964,20.25,0.6000000000000001,1,0.05
8965,20.2,0.45,1,0.05
8966,20.05,0.8,1,0.05
8967,20.15,0.3,1,0.05
8968,20.1,0.15000000000000002,1,0.05
8969,20.15,0.5000000000000001,1,0.05
8970,20.25,0.5000000000000001,1,0.05
8971,20.45,1.5000000000000007,1,0.05
8972,19.85,0.6,1,0.05
8973,20.15,0.7000000000000002,1,0.05
8974,20.1,0.25,1,0.05
8975,19.95,1.1000000000000003,1,0.05
8976,20.15,1.1000000000000003,1,0.05
8977,20.15,1.1000000000000003,1,0.05
8978,20.1,0.25,1,0.05
8979,20.15,0.7000000000000001,1,0.05
8980,20.25,0.5000000000000001,1,0.05
8981,20.3,1.1500000000000001,1,0.05
8982,19.95,1.1000000000000003,1,0.05
8983,20.1,0.05,1,0.05
8984,20.15,1.0000000000000002,1,0.05
8985,20.1,0.35,1,0.05
8986,20.05,0.8000000000000002,1,0.05
8987,20.25,0.6000000000000001,1,0.05
8988,20.15,0.2,1,0.05
8989,20.15,0.3,1,0.05
8990,20.25,1.0000000000000002,1,0.05
8991,20.25,0.5000000000000001,1,0.05
8992,20.2,0.45,1,0.05
8993,20.2,0.55,1,0.05
8994,20.1,0.6500000000000001,1,0.05
8995,20.0,1.05,1,0.05
8996,20.1,0.25,1,0.05
8997,20.15,0.2,1,0.05
8998,20.1,0.15000000000000002,1,0.05
8999,20.25,0.5000000000000001,1,0.05
9000,20.0,1.05,1,0.05
9001,20.2,0.45,1,0.05
9002,20.15,0.2,1,0.05
9003,20.2,0.6500000000000001,1,0.05
9004,20.25,0.6000000000000001,1,0.05
9005,20.15,0.7000000000000001,1,0.05
9006,20.15,1.1000000000000003,1,0.05
9007,20.15,-19.75,1,0.05
9008,20.2,1.05,1,0.05
9009,20.0,-19.8,1,0.05
9010,20.15,-19.75,1,0.05
9011,20.15,0.3,1,0.05
9012,20.3,0.7500000000000001,1,0.05
9013,20.0,1.05,1,0.05
9014,20.1,-19.5,1,0.05
9015,20.05,1.4000000000000004,1,0.05
9016,20.15,0.4,1,0.05
9017,20.3,1.7499999999999998,1,0.05
9018,20.0,0.25,1,0.05
9019,20.2,0.55,1,0.05
9020,20.3,1.55,1,0.05
9021,20.25,0.5000000000000001,1,0.05
9022,-9.45,12.75,0,0.05
9023,20.15,0.3,1,0.05
9024,-8.95,13.349999999999998,0,0.05
9025,20.15,1.1000000000000003,1,0.05
9026,20.05,0.3,1,0.05
9027,20.3,0.9500000000000002,1,0.05
9028,20.3,0.9500000000000002,1,0.05
9029,20.1,0.35,1,0.05
9030,20.3,0.7500000000000001,1,0.05
9031,20.3,0.9500000000000002,1,0.05
9032,20.15,0.4,1,0.05
9033,20.4,1.4500000000000002,1,0.05
9034,20.2,0.55,1,0.05
9035,20.25,1.1000000000000003,1,0.05
9036,20.2,0.55,1,0.05
9037,-9.15,13.049999999999999,0,0.05
9038,20.3,1.6500000000000006,1,0.05
9039,20.2,0.6500000000000001,1,0.05
9040,20.1,0.15000000000000002,1,0.05
9041,20.3,1.1500000000000001,1,0.05
9042,20.15,0.3,1,0.05
9043,20.6,-18.1,1,0.05
9044,20.15,0.9000000000000001,1,0.05
9045,19.9,0.35,1,0.05
9046,20.05,0.7000000000000001,1,0.05
9047,20.1,0.7500000000000002,1,0.05
9048,20.1,0.45,1,0.05
9049,20.2,1.75,1,0.05
9050,20.1,0.55,1,0.05
9051,20.1,0.9500000000000002,1,0.05
9052,20.15,0.3,1,0.05
9053,20.15,0.3,1,0.05
9054,20.25,1.2000000000000004,1,0.05
9055,20.2,0.9500000000000002,1,0.05
9056,20.15,1.1,1,0.05
9057,20.2,0.45,1,0.05
9058,20.0,0.25000000000000006,1,0.05
9059,20.1,0.45,1,0.05
9060,21.1,3.3499999999999988,1,0.05
9061,20.1,0.35,1,0.05
9062,20.45,1.2,1,0.05
9063,20.15,0.6000000000000001,1,0.05
9064,20.1,0.55,1,0.05
9065,19.95,0.3,1,0.05
9066,20.25,0.5000000000000001,1,0.05
9067,20.25,1.2000000000000004,1,0.05
9068,20.15,1.1000000000000003,1,0.05
9069,20.25,0.5000000000000001,1,0.05
9070,20.05,0.2,1,0.05
9071,20.25,0.5000000000000001,1,0.05
9072,20.25,0.5000000000000001,1,0.05
9073,20.2,1.0500000000000003,1,0.05
9074,20.1,0.9500000000000002,1,0.05
9075,20.15,-19.15,1,0.05
9076,20.15,0.2,1,0.05
9077,20.25,0.5000000000000001,1,0.05
9078,20.1,0.15000000000000002,1,0.05
9079,20.0,0.25,1,0.05
9080,20.35,0.8000000000000002,1,0.05
9081,20.05,0.2,1,0.05
9082,20.2,0.55,1,0.05
9083,20.25,1.2000000000000004,1,0.05
9084,20.15,1.2000000000000002,1,0.05
9085,20.05,0.5,1,0.05
9086,20.05,0.30000000000000004,1,0.05
9087,20.6,2.1499999999999995,1,0.05
9088,20.1,0.35,1,0.05
9089,20.05,0.2,1,0.05
9090,20.3,0.8500000000000002,1,0.05
9091,20.1,0.15000000000000002,1,0.05
9092,20.05,0.2,1,0.05
9093,20.1,0.15000000000000002,1,0.05
9094,20.2,0.45,1,0.05
9095,20.2,0.45,1,0.05
9096,20.25,0.5000000000000001,1,0.05
9097,20.1,0.25,1,0.05
9098,20.15,0.3,1,0.05
9099,20.1,0.55,1,0.05
9100,20.2,0.55,1,0.05
9101,20.2,1.05,1,0.05
9102,20.0,0.25,1,0.05
9103,20.1,0.55,1,0.05
9104,20.15,0.3,1,0.05
9105,20.15,0.3,1,0.05
9106,20.4,1.2500000000000002,1,0.05
9107,20.55,-18.45,1,0.05
9108,20.7,2.349999999999999,1,0.05
9109,20.25,0.5000000000000001,1,0.05
9110,20.1,0.35,1,0.05
9111,20.05,0.39999999999999997,1,0.05
9112,20.2,0.6500000000000001,1,0.05
9113,20.45,1.4000000000000001,1,0.05
9114,20.15,1.3,1,0.05
9115,21.0,2.8499999999999988,1,0.05
9116,20.85,2.399999999999999,1,0.05
9117,20.2,1.1500000000000001,1,0.05
9118,20.1,0.25,1,0.05
9119,20.2,0.9500000000000002,1,0.05
9120,20.15,0.6000000000000001,1,0.05
9121,20.15,0.3,1,0.05
9122,19.95,0.49999999999999994,1,0.05
9123,20.0,-19.6,1,0.05
9124,20.35,0.8000000000000002,1,0.05
9125,20.35,1.3000000000000003,1,0.05
9126,20.15,0.3,1,0.05
9127,20.9,2.7499999999999987,1,0.05
9128,20.3,1.85,1,0.05
9129,20.1,0.35,1,0.05
9130,20.05,0.2,1,0.05
9131,20.2,0.45,1,0.05
9132,20.15,1.5000000000000002,1,0.05
9133,20.3,0.9500000000000002,1,0.05
9134,20.15,1.0000000000000002,1,0.05
9135,20.25,0.9000000000000001,1,0.05
9136,20.15,0.3,1,0.05
9137,20.25,0.5000000000000001,1,0.05
9138,20.15,0.2,1,0.05
9139,20.0,0.6500000000000001,1,0.05
9140,20.25,0.6000000000000001,1,0.05
9141,20.05,0.3,1,0.05
9142,20.1,0.15000000000000002,1,0.05
9143,20.45,1.9999999999999998,1,0.05
9144,20.25,0.7000000000000001,1,0.05
9145,20.15,0.3,1,0.05
9146,20.0,0.25,1,0.05
9147,-8.75,13.549999999999999,0,0.05
9148,20.25,0.5000000000000001,1,0.05
9149,20.35,1.0000000000000002,1,0.05
9150,20.15,0.5,1,0.05
9151,-8.75,13.45,0,0.05
9152,20.0,-18.8,1,0.05
9153,20.15,1.1000000000000003,1,0.05
9154,20.1,0.25,1,0.05
9155,20.15,0.2,1,0.05
9156,20.05,0.4,1,0.05
9157,20.25,1.2,1,0.05
9158,20.1,0.9500000000000002,1,0.05
9159,20.25,0.6000000000000001,1,0.05
9160,20.2,0.45,1,0.05
9161,-8.75,13.549999999999999,0,0.05
9162,20.15,0.9000000000000001,1,0.05
9163,20.0,0.44999999999999996,1,0.05
9164,-8.95,13.249999999999998,0,0.05
9165,20.25,0.7000000000000001,1,0.05
9166,20.2,-19.6,1,0.05
9167,20.25,0.5000000000000001,1,0.05
9168,20.2,0.45,1,0.05
9169,20.15,1.0000000000000002,1,0.05
9170,20.55,2.4999999999999987,1,0.05
9171,20.1,0.25,1,0.05
9172,20.2,-19.6,1,0.05
9173,-8.95,13.249999999999998,0,0.05
9174,-8.95,13.249999999999998,0,0.05
9175,20.2,0.45,1,0.05
9176,20.2,0.45,1,0.05
9177,20.15,-19.35,1,0.05
9178,20.05,0.39999999999999997,1,0.05
9179,20.1,-19.9,1,0.05
9180,20.25,0.5000000000000001,1,0.05
9181,20.15,1.1000000000000003,1,0.05
9182,20.1,0.15000000000000002,1,0.05
9183,20.0,1.0500000000000003,1,0.05
9184,20.25,0.5000000000000001,1,0.05
9185,20.25,0.5000000000000001,1,0.05
9186,20.15,0.3,1,0.05
9187,20.2,0.55,1,0.05
9188,20.2,0.9500000000000002,1,0.05
9189,20.15,0.2,1,0.05
9190,20.1,0.35,1,0.05
9191,20.25,0.6000000000000001,1,0.05
9192,20.1,0.35,1,0.05
9193,20.1,0.25,1,0.05
9194,20.1,0.8500000000000001,1,0.05
9195,20.15,1.0000000000000002,1,0.05
9196,20.8,2.349999999999999,1,0.05
9197,20.15,0.7000000000000001,1,0.05
9198,20.3,1.1500000000000001,1,0.05
9199,20.15,0.3,1,0.05
9200,20.1,0.25,1,0.05
9201,20.1,0.35,1,0.05
9202,20.25,0.9000000000000001,1,0.05
9203,20.15,0.6000000000000001,1,0.05
9204,20.2,1.4500000000000004,1,0.05
9205,20.05,0.8000000000000002,1,0.05
9206,20.2,0.55,1,0.05
9207,20.15,0.9000000000000001,1,0.05
9208,20.75,2.099999999999999,1,0.05
9209,-9.25,13.049999999999999,0,0.05
9210,20.0,0.25,1,0.05
9211,20.05,1.1000000000000003,1,0.05
9212,20.2,-19.6,1,0.05
9213,20.15,0.9000000000000001,1,0.05
9214,20.3,1.4500000000000004,1,0.05
9215,20.1,0.25,1,0.05
9216,-8.95,13.349999999999998,0,0.05
9217,20.25,2.1999999999999997,1,0.05
9218,20.2,0.45,1,0.05
9219,19.95,0.5,1,0.05
9220,20.15,0.2,1,0.05
9221,-9.049999999999999,13.25,0,0.05
9222,20.2,0.55,1,0.05
9223,20.15,1.1000000000000003,1,0.05
9224,20.15,1.4000000000000001,1,0.05
9225,20.05,0.2,1,0.05
9226,20.3,1.5499999999999998,1,0.05
9227,-8.95,13.349999999999998,0,0.05
9228,-8.85,13.349999999999998,0,0.05
9229,20.2,1.25,1,0.05
9230,20.05,0.3,1,0.05
9231,20.45,1.1000000000000003,1,0.05
9232,20.75,2.2999999999999994,1,0.05
9233,20.1,0.35,1,0.05
9234,20.05,0.2,1,0.05
9235,20.25,1.1000000000000003,1,0.05
9236,-8.95,13.349999999999998,0,0.05
9237,20.3,0.8500000000000001,1,0.05
9238,20.4,1.05,1,0.05
9239,20.2,2.349999999999999,1,0.05
9240,20.5,1.5499999999999998,1,0.05
9241,20.15,0.6000000000000001,1,0.05
9242,20.1,0.35,1,0.05
9243,20.35,1.1000000000000003,1,0.05
9244,20.15,0.3,1,0.05
9245,20.85,2.7999999999999985,1,0.05
9246,21.05,3.1999999999999984,1,0.05
9247,20.15,0.6000000000000001,1,0.05
9248,-8.95,13.249999999999998,0,0.05
9249,19.95,0.7000000000000001,1,0.05
9250,20.5,1.45,1,0.05
9251,20.15,0.5,1,0.05
9252,20.1,0.55,1,0.05
9253,20.1,0.35,1,0.05
9254,20.15,0.30000000000000004,1,0.05
9255,20.15,0.3,1,0.05
9256,-8.75,13.45,0,0.05
9257,20.4,1.05,1,0.05
9258,20.05,0.7000000000000001,1,0.05
9259,20.0,0.25,1,0.05
9260,20.15,0.6000000000000001,1,0.05
9261,-8.85,13.45,0,0.05
9262,20.55,1.8999999999999997,1,0.05
9263,20.2,0.45,1,0.05
9264,20.25,0.8000000000000002,1,0.05
9265,20.15,1.0000000000000002,1,0.05
9266,20.3,1.35,1,0.05
9267,20.05,0.3,1,0.05
9268,20.2,0.9500000000000002,1,0.05
9269,20.15,0.7000000000000001,1,0.05
9270,20.15,0.3,1,0.05
9271,20.2,0.6500000000000001,1,0.05
9272,20.25,1.0000000000000002,1,0.05
9273,20.45,1.4999999999999998,1,0.05
9274,20.15,1.1000000000000003,1,0.05
9275,20.15,-19.15,1,0.05
9276,20.15,0.3,1,0.05
9277,20.15,0.7000000000000001,1,0.05
9278,20.2,0.6500000000000001,1,0.05
9279,-8.85,13.45,0,0.05
9280,20.05,0.2,1,0.05
9281,20.0,-19.8,1,0.05
9282,20.45,1.7,1,0.05
9283,19.95,0.10000000000000002,1,0.05
9284,20.05,0.2,1,0.05
9285,20.35,1.2,1,0.05
9286,20.1,0.35000000000000003,1,0.05
9287,20.25,1.6000000000000003,1,0.05
9288,20.05,0.4,1,0.05
9289,20.15,0.9000000000000001,1,0.05
9290,20.15,1.0000000000000002,1,0.05
9291,20.25,0.8000000000000002,1,0.05
9292,20.15,0.7000000000000001,1,0.05
9293,20.15,0.3,1,0.05
9294,20.15,1.1000000000000003,1,0.05
9295,20.15,0.7000000000000002,1,0.05
9296,20.0,1.1500000000000001,1,0.05
9297,20.1,0.9500000000000002,1,0.05
9298,20.1,0.35,1,0.05
9299,20.5,1.6500000000000001,1,0.05
9300,20.1,0.55,1,0.05
9301,20.6,2.05,1,0.05
9302,20.25,0.6000000000000001,1,0.05
9303,20.05,0.2,1,0.05
9304,20.1,0.35,1,0.05
9305,20.25,0.8000000000000002,1,0.05
9306,20.1,0.6500000000000001,1,0.05
9307,20.15,0.7000000000000001,1,0.05
9308,19.9,-18.7,1,0.05
9309,-8.95,13.349999999999998,0,0.05
9310,20.15,0.6000000000000001,1,0.05
9311,20.2,0.45,1,0.05
9312,20.25,1.4000000000000001,1,0.05
9313,20.6,2.2499999999999996,1,0.05
9314,20.15,0.9000000000000001,1,0.05
9315,-8.75,13.549999999999999,0,0.05
9316,20.15,1.1000000000000003,1,0.05
9317,20.0,0.25,1,0.05
9318,-8.85,13.45,0,0.05
9319,20.2,0.9500000000000002,1,0.05
9320,20.15,0.3,1,0.05
9321,20.15,0.6000000000000001,1,0.05
9322,20.2,0.45,1,0.05
9323,20.25,0.5000000000000001,1,0.05
9324,20.25,0.5000000000000001,1,0.05
9325,20.15,0.6000000000000001,1,0.05
9326,20.15,1.0000000000000002,1,0.05
9327,20.25,1.2000000000000004,1,0.05
9328,20.7,2.249999999999999,1,0.05
9329,20.35,1.0000000000000002,1,0.05
9330,20.25,0.7000000000000001,1,0.05
9331,20.15,0.5000000000000001,1,0.05
9332,20.2,0.6500000000000001,1,0.05
9333,20.25,0.7000000000000001,1,0.05
9334,20.1,0.25,1,0.05
9335,20.15,0.8,1,0.05
9336,20.1,0.25,1,0.05
9337,20.0,-19.6,1,0.05
9338,-8.95,13.349999999999998,0,0.05
9339,20.25,0.5000000000000001,1,0.05
9340,20.2,0.8500000000000001,1,0.05
9341,20.3,0.7500000000000001,1,0.05
9342,20.2,0.45,1,0.05
9343,20.2,0.6500000000000001,1,0.05
9344,20.1,1.0500000000000003,1,0.05
9345,20.05,0.4,1,0.05
9346,20.2,0.6500000000000001,1,0.05
9347,20.1,0.35,1,0.05
9348,20.25,0.5000000000000001,1,0.05
9349,20.05,1.1000000000000003,1,0.05
9350,19.8,1.05,1,0.05
9351,20.2,0.55,1,0.05
9352,20.1,0.35,1,0.05
9353,20.6,2.05,1,0.05
9354,20.35,1.4999999999999998,1,0.05
9355,20.2,0.45,1,0.05
9356,20.2,1.05,1,0.05
9357,20.15,0.3,1,0.05
9358,20.25,0.5000000000000001,1,0.05
9359,20.3,0.9500000000000002,1,0.05
9360,20.05,0.10000000000000002,1,0.05
9361,20.1,1.2500000000000002,1,0.05
9362,20.15,0.7000000000000001,1,0.05
9363,20.3,0.7500000000000001,1,0.05
9364,20.2,1.0500000000000003,1,0.05
9365,20.25,0.5000000000000001,1,0.05
9366,20.2,0.6500000000000001,1,0.05
9367,20.5,1.45,1,0.05
9368,20.25,0.6000000000000001,1,0.05
9369,20.1,0.25,1,0.05
9370,20.2,0.55,1,0.05
9371,20.1,0.15000000000000002,1,0.05
9372,20.15,1.1000000000000003,1,0.05
9373,20.2,0.45000000000000007,1,0.05
9374,20.25,1.2000000000000004,1,0.05
9375,20.25,0.6000000000000001,1,0.05
9376,20.2,0.5500000000000002,1,0.05
9377,20.05,0.5,1,0.05
9378,20.0,0.25,1,0.05
9379,20.25,0.5000000000000001,1,0.05
9380,20.0,0.25,1,0.05
9381,20.1,0.35,1,0.05
9382,20.2,0.45,1,0.05
9383,20.5,1.55,1,0.05
9384,20.1,0.55,1,0.05
9385,20.1,-19.9,1,0.05
9386,20.35,1.0000000000000002,1,0.05
9387,19.95,0.7000000000000002,1,0.05
9388,20.1,0.35,1,0.05
9389,-8.95,13.249999999999998,0,0.05
9390,20.25,0.5000000000000001,1,0.05
9391,20.15,1.0000000000000002,1,0.05
9392,20.15,1.0000000000000002,1,0.05
9393,20.3,1.0500000000000003,1,0.05
9394,-8.75,13.45,0,0.05
9395,20.4,1.45,1,0.05
9396,20.15,1.1000000000000003,1,0.05
9397,19.95,0.49999999999999994,1,0.05
9398,20.1,0.7500000000000001,1,0.05
9399,20.1,0.35,1,0.05
9400,20.15,0.5000000000000001,1,0.05
9401,20.05,0.39999999999999997,1,0.05
9402,20.1,0.45,1,0.05
9403,20.8,3.049999999999999,1,0.05
9404,20.9,2.949999999999999,1,0.05
9405,20.2,1.0500000000000003,1,0.05
9406,20.15,1.0000000000000002,1,0.05
9407,20.25,0.8000000000000002,1,0.05
9408,20.15,1.0000000000000002,1,0.05
9409,20.1,0.05,1,0.05
9410,20.1,0.25,1,0.05
9411,20.2,0.45,1,0.05
9412,20.75,-17.85,1,0.05
9413,20.15,0.7000000000000001,1,0.05
9414,20.2,0.6500000000000001,1,0.05
9415,20.95,2.799999999999999,1,0.05
9416,-8.75,13.549999999999999,0,0.05
9417,-8.95,13.25,0,0.05
9418,20.2,0.45,1,0.05
9419,20.55,1.6,1,0.05
9420,20.55,1.7999999999999996,1,0.05
9421,20.15,0.6000000000000001,1,0.05
9422,20.15,0.2,1,0.05
9423,20.2,0.6500000000000001,1,0.05
9424,20.8,2.1499999999999995,1,0.05
9425,20.25,0.6000000000000001,1,0.05
9426,20.1,0.55,1,0.05
9427,-8.75,13.45,0,0.05
9428,20.15,1.3000000000000005,1,0.05
9429,20.25,1.2000000000000004,1,0.05
9430,20.15,1.2000000000000002,1,0.05
9431,20.6,1.8499999999999999,1,0.05
9432,20.0,-19.9,1,0.05
9433,20.15,0.3,1,0.05
9434,20.25,0.5000000000000001,1,0.05
9435,20.05,0.8000000000000002,1,0.05
9436,20.15,0.4,1,0.05
9437,20.15,0.2,1,0.05
9438,20.15,0.7000000000000001,1,0.05
9439,20.2,0.55,1,0.05
9440,20.75,2.2999999999999994,1,0.05
9441,20.8,2.349999999999999,1,0.05
9442,20.6,2.0499999999999994,1,0.05
9443,20.1,0.35,1,0.05
9444,20.2,0.6500000000000001,1,0.05
9445,20.8,2.549999999999999,1,0.05
9446,20.1,0.6500000000000001,1,0.05
9447,20.15,1.0000000000000002,1,0.05
9448,20.1,0.15000000000000002,1,0.05
9449,-9.25,13.049999999999999,0,0.05
9450,20.15,0.6000000000000001,1,0.05
9451,20.4,1.3499999999999999,1,0.05
9452,20.1,0.35,1,0.05
9453,20.2,0.6500000000000001,1,0.05
9454,20.15,0.3,1,0.05
9455,20.15,0.9000000000000001,1,0.05
9456,20.15,0.3,1,0.05
9457,20.25,0.5000000000000001,1,0.05
9458,20.15,0.3,1,0.05
9459,20.15,1.1000000000000003,1,0.05
9460,20.15,0.4,1,0.05
9461,20.35,1.0,1,0.05
9462,20.2,0.6500000000000001,1,0.05
9463,20.15,0.5,1,0.05
9464,-8.75,13.549999999999999,0,0.05
9465,20.1,1.1500000000000001,1,0.05
9466,-8.95,13.349999999999998,0,0.05
9467,20.25,1.2000000000000004,1,0.05
9468,20.45,1.5999999999999999,1,0.05
9469,-9.35,12.95,0,0.05
9470,20.5,1.7499999999999998,1,0.05
9471,20.25,0.5000000000000001,1,0.05
9472,20.1,0.05,1,0.05
9473,-8.95,13.35,0,0.05
9474,-9.049999999999999,13.249999999999998,0,0.05
9475,20.25,0.6000000000000001,1,0.05
9476,20.1,0.25,1,0.05
9477,20.15,0.3,1,0.05
9478,20.2,0.7500000000000002,1,0.05
9479,20.1,0.35,1,0.05
9480,20.15,0.6000000000000001,1,0.05
9481,20.2,0.55,1,0.05
9482,20.15,0.2,1,0.05
9483,21.0,3.149999999999999,1,0.05
9484,20.15,0.2,1,0.05
9485,20.15,1.0000000000000002,1,0.05
9486,20.1,0.15000000000000002,1,0.05
9487,20.25,1.2000000000000004,1,0.05
9488,20.25,1.2000000000000004,1,0.05
9489,-8.85,13.45,0,0.05
9490,20.2,0.9500000000000002,1,0.05
9491,20.5,1.2500000000000002,1,0.05
9492,20.45,1.4,1,0.05
9493,20.0,1.05,1,0.05
9494,20.9,2.549999999999999,1,0.05
9495,20.25,0.5000000000000001,1,0.05
9496,20.25,0.6000000000000001,1,0.05
9497,20.1,0.45000000000000007,1,0.05
9498,20.25,0.5000000000000001,1,0.05
9499,20.2,0.45000000000000007,1,0.05
9500,20.25,0.5000000000000001,1,0.05
9501,20.15,0.5000000000000001,1,0.05
9502,19.9,0.35,1,0.05
9503,20.1,0.15000000000000002,1,0.05
9504,20.25,1.2000000000000004,1,0.05
9505,20.95,2.799999999999999,1,0.05
9506,20.45,1.3000000000000003,1,0.05
9507,20.15,0.9000000000000001,1,0.05
9508,20.25,0.6000000000000001,1,0.05
9509,20.2,0.7500000000000002,1,0.05
9510,20.1,0.35,1,0.05
9511,20.15,0.9000000000000001,1,0.05
9512,20.05,1.0000000000000002,1,0.05
9513,20.15,1.1000000000000003,1,0.05
9514,20.2,0.45,1,0.05
9515,20.25,1.2000000000000004,1,0.05
9516,20.0,0.25,1,0.05
9517,19.9,0.35,1,0.05
9518,20.25,0.6000000000000001,1,0.05
9519,20.2,0.9500000000000002,1,0.05
9520,20.1,0.35000000000000003,1,0.05
9521,20.15,0.3,1,0.05
9522,20.65,2.599999999999999,1,0.05
9523,20.1,0.45,1,0.05
9524,20.65,2.3000000000000003,1,0.05
9525,20.1,0.15000000000000002,1,0.05
9526,20.2,0.9500000000000002,1,0.05
9527,20.1,0.35,1,0.05
9528,20.15,0.2,1,0.05
9529,20.05,0.2,1,0.05
9530,20.15,0.2,1,0.05
9531,20.1,0.6500000000000001,1,0.05
9532,20.1,0.35000000000000003,1,0.05
9533,20.2,0.9500000000000002,1,0.05
9534,20.15,0.3,1,0.05
9535,21.0,3.049999999999999,1,0.05
9536,20.05,-19.75,1,0.05
9537,20.0,0.25,1,0.05
9538,20.7,2.549999999999999,1,0.05
9539,20.1,0.35,1,0.05
9540,20.2,0.45,1,0.05
9541,20.05,0.8000000000000002,1,0.05
9542,20.3,1.1500000000000001,1,0.05
9543,19.95,0.3,1,0.05
9544,20.1,0.25,1,0.05
9545,20.25,0.5000000000000001,1,0.05
9546,20.25,0.5000000000000001,1,0.05
9547,-8.95,13.249999999999998,0,0.05
9548,20.7,2.1499999999999995,1,0.05
9549,20.0,1.45,1,0.05
9550,20.15,0.6000000000000001,1,0.05
9551,20.15,0.7000000000000001,1,0.05
9552,20.15,0.8000000000000002,1,0.05
9553,20.0,0.25,1,0.05
9554,20.2,0.45,1,0.05
9555,19.9,0.35,1,0.05
9556,20.1,0.15000000000000002,1,0.05
9557,20.1,0.7500000000000001,1,0.05
9558,20.35,1.4000000000000001,1,0.05
9559,20.25,0.5000000000000001,1,0.05
9560,20.25,0.5000000000000001,1,0.05
9561,20.2,0.45,1,0.05
9562,20.1,0.55,1,0.05
9563,20.85,2.599999999999999,1,0.05
9564,20.7,2.1499999999999995,1,0.05
9565,20.15,0.5000000000000001,1,0.05
9566,20.0,0.44999999999999996,1,0.05
9567,20.2,0.55,1,0.05
9568,20.2,0.6500000000000001,1,0.05
9569,20.1,0.35,1,0.05
9570,20.25,1.2,1,0.05
9571,-8.85,13.45,0,0.05
9572,20.35,0.9000000000000001,1,0.05
9573,20.75,2.1999999999999993,1,0.05
9574,20.15,0.7000000000000001,1,0.05
9575,-9.95,12.25,0,0.05
9576,20.1,0.7500000000000001,1,0.05
9577,20.2,0.35000000000000003,1,0.05
9578,20.45,1.3000000000000003,1,0.05
9579,20.15,0.9000000000000001,1,0.05
9580,20.8,2.549999999999999,1,0.05
9581,20.2,0.45,1,0.05
9582,20.05,1.0000000000000002,1,0.05
9583,20.5,1.55,1,0.05
9584,20.15,0.3,1,0.05
9585,20.15,-18.95,1,0.05
9586,20.25,0.5000000000000001,1,0.05
9587,20.15,-18.85,1,0.05
9588,20.25,0.5000000000000001,1,0.05
9589,20.2,0.55,1,0.05
9590,20.1,0.25,1,0.05
9591,20.7,-17.7,1,0.05
9592,20.25,0.5000000000000001,1,0.05
9593,20.8,2.4499999999999993,1,0.05
9594,20.1,0.55,1,0.05
9595,20.5,2.149999999999999,1,0.05
9596,20.1,0.25,1,0.05
9597,20.2,0.45,1,0.05
9598,20.1,0.15000000000000002,1,0.05
9599,20.2,0.6500000000000001,1,0.05
9600,20.05,1.2000000000000004,1,0.05
9601,20.25,1.5000000000000002,1,0.05
9602,20.1,0.55,1,0.05
9603,20.1,0.55,1,0.05
9604,20.15,0.7000000000000001,1,0.05
9605,20.65,1.9999999999999998,1,0.05
9606,20.2,0.35000000000000003,1,0.05
9607,20.15,1.3000000000000003,1,0.05
9608,20.5,1.6499999999999997,1,0.05
9609,20.1,0.25,1,0.05
9610,20.3,1.9500000000000006,1,0.05
9611,-9.25,13.049999999999999,0,0.05
9612,20.2,0.45,1,0.05
9613,20.65,1.7,1,0.05
9614,20.2,0.9500000000000002,1,0.05
9615,20.9,-17.6,1,0.05
9616,20.2,0.8500000000000002,1,0.05
9617,20.5,1.55,1,0.05
9618,20.25,0.8000000000000002,1,0.05
9619,20.25,0.5000000000000001,1,0.05
9620,20.35,1.1000000000000003,1,0.05
9621,20.3,0.7500000000000001,1,0.05
9622,19.95,0.39999999999999997,1,0.05
9623,20.1,0.25,1,0.05
9624,20.1,0.35,1,0.05
9625,19.95,0.8000000000000002,1,0.05
9626,-8.75,13.549999999999999,0,0.05
9627,20.1,0.25,1,0.05
9628,20.45,1.4000000000000001,1,0.05
9629,20.15,0.3,1,0.05
9630,19.85,1.2000000000000004,1,0.05
9631,20.25,0.7000000000000001,1,0.05
9632,20.05,0.2,1,0.05
9633,-8.95,13.249999999999998,0,0.05
9634,20.2,0.6500000000000001,1,0.05
9635,-8.75,13.549999999999999,0,0.05
9636,20.65,2.299999999999999,1,0.05
9637,-8.75,13.549999999999999,0,0.05
9638,20.1,0.9500000000000002,1,0.05
9639,20.15,0.2,1,0.05
9640,20.1,0.35,1,0.05
9641,-8.95,13.249999999999998,0,0.05
9642,20.15,0.5,1,0.05
9643,20.4,1.05,1,0.05
9644,20.2,0.9500000000000002,1,0.05
9645,20.05,0.7000000000000001,1,0.05
9646,20.5,1.55,1,0.05
9647,20.15,0.5,1,0.05
9648,19.95,0.39999999999999997,1,0.05
9649,20.2,1.8500000000000008,1,0.05
9650,20.3,0.9500000000000002,1,0.05
9651,-9.049999999999999,13.25,0,0.05
9652,20.25,0.8000000000000002,1,0.05
9653,20.35,0.8000000000000002,1,0.05
9654,20.2,0.45,1,0.05
9655,20.15,0.2,1,0.05
9656,20.15,0.7000000000000001,1,0.05
9657,20.1,0.7500000000000001,1,0.05
9658,20.05,0.2,1,0.05
9659,20.1,0.25,1,0.05
9660,19.9,0.5499999999999999,1,0.05
9661,20.0,0.05,1,0.05
9662,-9.15,13.149999999999999,0,0.05
9663,20.15,1.0000000000000002,1,0.05
9664,20.2,1.05,1,0.05
9665,20.2,0.35000000000000003,1,0.05
9666,20.3,0.7500000000000001,1,0.05
9667,20.15,1.1000000000000003,1,0.05
9668,20.1,0.55,1,0.05
9669,20.2,1.1500000000000001,1,0.05
9670,20.05,0.7000000000000002,1,0.05
9671,20.2,0.45,1,0.05
9672,20.1,0.55,1,0.05
9673,20.15,0.4,1,0.05
9674,20.15,0.3,1,0.05
9675,19.85,0.6,1,0.05
9676,20.1,0.15000000000000002,1,0.05
9677,20.25,0.6000000000000001,1,0.05
9678,-8.95,13.249999999999998,0,0.05
9679,21.0,3.049999999999999,1,0.05
9680,20.3,0.7500000000000001,1,0.05
9681,20.25,1.2000000000000004,1,0.05
9682,20.3,0.7500000000000001,1,0.05
9683,19.95,0.49999999999999994,1,0.05
9684,20.25,0.5000000000000001,1,0.05
9685,20.1,0.7500000000000001,1,0.05
9686,20.15,0.3,1,0.05
9687,20.2,0.45,1,0.05
9688,20.1,0.15000000000000002,1,0.05
9689,20.35,-18.85,1,0.05
9690,20.2,0.45,1,0.05
9691,20.35,0.9000000000000001,1,0.05
9692,20.3,0.7500000000000001,1,0.05
9693,20.75,1.9999999999999998,1,0.05
9694,20.05,1.2000000000000004,1,0.05
9695,20.1,0.7500000000000001,1,0.05
9696,20.1,1.1500000000000001,1,0.05
9697,20.3,0.7500000000000001,1,0.05
9698,20.2,0.45,1,0.05
9699,20.15,0.2,1,0.05
9700,20.35,1.1,1,0.05
9701,20.05,0.39999999999999997,1,0.05
9702,20.2,0.7500000000000001,1,0.05
9703,20.1,0.05,1,0.05
9704,20.15,0.9000000000000001,1,0.05
9705,20.1,0.25,1,0.05
9706,20.15,1.1000000000000003,1,0.05
9707,20.3,1.55,1,0.05
9708,20.15,0.3,1,0.05
9709,20.15,0.6000000000000001,1,0.05
9710,20.4,1.2500000000000002,1,0.05
9711,20.25,1.1000000000000003,1,0.05
9712,20.15,1.4000000000000001,1,0.05
9713,20.45,1.6000000000000003,1,0.05
9714,20.35,1.1000000000000003,1,0.05
9715,20.15,0.9000000000000001,1,0.05
9716,20.2,0.45,1,0.05
9717,20.15,0.6000000000000001,1,0.05
9718,20.7,2.05,1,0.05
9719,20.1,0.35,1,0.05
9720,20.15,0.6000000000000001,1,0.05
9721,-8.95,13.349999999999998,0,0.05
9722,20.3,0.7500000000000001,1,0.05
9723,20.15,1.1000000000000003,1,0.05
9724,20.15,0.6000000000000001,1,0.05
9725,20.2,0.55,1,0.05
9726,20.15,-19.75,1,0.05
9727,20.2,0.9500000000000002,1,0.05
9728,20.85,2.2999999999999994,1,0.05
9729,20.2,0.9500000000000002,1,0.05
9730,20.55,1.5999999999999999,1,0.05
9731,20.15,0.30000000000000004,1,0.05
9732,20.15,0.3,1,0.05
9733,20.0,0.25,1,0.05
9734,20.05,0.2,1,0.05
9735,20.4,1.6499999999999997,1,0.05
9736,20.15,1.1000000000000003,1,0.05
9737,20.0,0.85,1,0.05
9738,20.2,0.5500000000000002,1,0.05
9739,20.1,0.25,1,0.05
9740,20.0,0.8500000000000002,1,0.05
9741,20.15,0.9000000000000001,1,0.05
9742,19.9,0.35000000000000003,1,0.05
9743,20.1,0.55,1,0.05
9744,20.2,0.9500000000000003,1,0.05
9745,20.25,0.6000000000000001,1,0.05
9746,20.35,1.4000000000000001,1,0.05
9747,20.15,1.1000000000000003,1,0.05
9748,20.6,2.1499999999999995,1,0.05
9749,20.1,0.15000000000000002,1,0.05
9750,20.2,0.55,1,0.05
9751,20.15,0.6000000000000001,1,0.05
9752,20.15,0.3,1,0.05
9753,20.1,0.6500000000000001,1,0.05
9754,20.1,0.35,1,0.05
9755,20.15,0.3,1,0.05
9756,20.5,1.4500000000000004,1,0.05
9757,20.15,0.2,1,0.05
9758,20.15,1.1000000000000003,1,0.05
9759,20.1,0.15000000000000002,1,0.05
9760,19.9,0.45,1,0.05
9761,20.15,0.6000000000000001,1,0.05
9762,-9.049999999999999,13.249999999999998,0,0.05
9763,20.15,0.2,1,0.05
9764,20.1,0.25,1,0.05
9765,20.15,0.6000000000000001,1,0.05
9766,20.05,0.8000000000000002,1,0.05
9767,20.3,0.7500000000000001,1,0.05
9768,20.1,0.55,1,0.05
9769,20.0,0.25000000000000006,1,0.05
9770,20.2,0.45,1,0.05
9771,20.35,1.3,1,0.05
9772,20.15,0.6000000000000001,1,0.05
9773,20.3,0.7500000000000001,1,0.05
9774,20.1,0.35,1,0.05
9775,20.15,0.7000000000000001,1,0.05
9776,20.1,0.25,1,0.05
9777,20.25,1.4000000000000001,1,0.05
9778,20.15,0.3,1,0.05
9779,20.2,1.05,1,0.05
9780,20.2,0.9500000000000002,1,0.05
9781,20.0,0.8500000000000003,1,0.05
9782,-9.35,13.049999999999999,0,0.05
9783,20.3,1.1500000000000001,1,0.05
9784,20.8,2.449999999999999,1,0.05
9785,20.3,0.8500000000000002,1,0.05
9786,20.6,-18.0,1,0.05
9787,20.75,2.699999999999999,1,0.05
9788,20.5,1.55,1,0.05
9789,20.05,0.2,1,0.05
9790,20.3,0.9500000000000002,1,0.05
9791,20.35,0.9000000000000001,1,0.05
9792,20.1,0.35,1,0.05
9793,20.1,0.55,1,0.05
9794,20.15,0.7000000000000001,1,0.05
9795,20.65,2.7999999999999985,1,0.05
9796,20.3,0.9500000000000002,1,0.05
9797,20.15,0.3,1,0.05
9798,20.15,0.3,1,0.05
9799,20.15,0.7000000000000001,1,0.05
9800,-8.85,13.349999999999998,0,0.05
9801,20.25,1.2000000000000004,1,0.05
9802,-8.75,13.549999999999999,0,0.05
9803,20.25,1.0000000000000002,1,0.05
9804,20.25,1.2000000000000004,1,0.05
9805,21.1,3.1499999999999986,1,0.05
9806,-8.85,13.45,0,0.05
9807,20.3,0.7500000000000001,1,0.05
9808,20.25,0.5000000000000001,1,0.05
9809,20.15,0.6000000000000001,1,0.05
9810,20.2,0.6500000000000001,1,0.05
9811,20.25,0.5000000000000001,1,0.05
9812,20.2,0.5500000000000002,1,0.05
9813,20.15,1.0000000000000002,1,0.05
9814,20.2,0.45,1,0.05
9815,20.1,0.25,1,0.05
9816,20.2,0.55,1,0.05
9817,20.15,0.9000000000000001,1,0.05
9818,20.35,0.9000000000000001,1,0.05
9819,20.2,0.45,1,0.05
9820,20.15,0.3,1,0.05
9821,20.2,1.45,1,0.05
9822,20.25,0.6000000000000001,1,0.05
9823,20.0,0.25,1,0.05
9824,20.15,0.9000000000000002,1,0.05
9825,20.15,0.3,1,0.05
9826,20.15,0.5,1,0.05
9827,20.1,0.15000000000000002,1,0.05
9828,20.5,1.7500000000000002,1,0.05
9829,20.15,0.2,1,0.05
9830,20.0,-19.8,1,0.05
9831,20.2,0.9500000000000002,1,0.05
9832,20.15,1.1000000000000003,1,0.05
9833,20.1,0.35,1,0.05
9834,20.15,0.3,1,0.05
9835,20.2,1.05,1,0.05
9836,20.3,0.7500000000000001,1,0.05
9837,20.6,1.8499999999999999,1,0.05
9838,20.25,0.5000000000000001,1,0.05
9839,20.05,1.0000000000000002,1,0.05
9840,20.2,0.45,1,0.05
9841,20.2,0.45,1,0.05
9842,20.0,0.6500000000000001,1,0.05
9843,20.1,0.6500000000000001,1,0.05
9844,20.25,0.5000000000000001,1,0.05
9845,-8.75,13.549999999999999,0,0.05
9846,20.1,0.25,1,0.05
9847,20.2,0.6500000000000001,1,0.05
9848,20.2,0.45,1,0.05
9849,20.55,1.5999999999999999,1,0.05
9850,20.0,0.25,1,0.05
9851,20.2,0.45,1,0.05
9852,20.1,0.25,1,0.05
9853,20.15,0.6000000000000001,1,0.05
9854,20.1,0.15000000000000002,1,0.05
9855,20.2,0.45,1,0.05
9856,20.75,2.899999999999999,1,0.05
9857,20.25,0.5000000000000001,1,0.05
9858,20.1,0.25,1,0.05
9859,20.05,0.2,1,0.05
9860,20.2,1.05,1,0.05
9861,20.1,0.05,1,0.05
9862,-8.75,13.549999999999999,0,0.05
9863,20.15,1.0000000000000002,1,0.05
9864,20.1,1.1500000000000001,1,0.05
9865,-9.049999999999999,13.249999999999998,0,0.05
9866,20.35,0.8000000000000002,1,0.05
9867,20.0,0.44999999999999996,1,0.05
9868,20.0,0.05,1,0.05
9869,20.05,1.0000000000000002,1,0.05
9870,20.25,0.5000000000000001,1,0.05
9871,20.05,0.3,1,0.05
9872,20.15,0.2,1,0.05
9873,20.1,0.35,1,0.05
9874,20.5,1.4500000000000004,1,0.05
9875,20.3,0.7500000000000001,1,0.05
9876,20.0,0.25,1,0.05
9877,20.3,0.9500000000000002,1,0.05
9878,20.1,0.9500000000000002,1,0.05
9879,20.1,0.15000000000000002,1,0.05
9880,20.05,0.2,1,0.05
9881,20.15,0.2,1,0.05
9882,20.05,0.4,1,0.05
9883,20.1,0.25,1,0.05
9884,-8.95,13.349999999999998,0,0.05
9885,20.15,1.0000000000000002,1,0.05
9886,20.8,2.5499999999999994,1,0.05
9887,20.5,1.8499999999999999,1,0.05
9888,20.15,0.6000000000000001,1,0.05
9889,20.7,1.9499999999999995,1,0.05
9890,20.45,1.4000000000000001,1,0.05
9891,20.15,0.8000000000000002,1,0.05
9892,20.15,0.2,1,0.05
9893,20.1,0.25,1,0.05
9894,20.15,0.3,1,0.05
9895,20.4,1.1500000000000001,1,0.05
9896,20.15,0.2,1,0.05
9897,20.05,0.7000000000000001,1,0.05
9898,20.15,0.3,1,0.05
9899,20.65,-17.85,1,0.05
9900,20.05,0.2,1,0.05
9901,20.15,0.9000000000000002,1,0.05
9902,20.1,0.9500000000000002,1,0.05
9903,20.35,1.5000000000000002,1,0.05
9904,20.4,1.2500000000000002,1,0.05
9905,20.25,0.5000000000000001,1,0.05
9906,20.1,0.55,1,0.05
9907,20.25,0.5000000000000001,1,0.05
9908,20.15,0.3,1,0.05
9909,20.2,1.05,1,0.05
9910,20.15,0.3,1,0.05
9911,20.05,1.4000000000000001,1,0.05
9912,20.15,1.1000000000000003,1,0.05
9913,20.15,0.2,1,0.05
9914,20.15,1.1000000000000003,1,0.05
9915,20.25,0.8000000000000002,1,0.05
9916,20.15,0.2,1,0.05
9917,20.05,0.2,1,0.05
9918,20.25,0.5000000000000001,1,0.05
9919,20.65,1.7999999999999996,1,0.05
9920,20.1,-19.5,1,0.05
9921,20.3,0.7500000000000001,1,0.05
9922,20.2,0.6500000000000001,1,0.05
9923,20.2,-19.2,1,0.05
9924,20.15,0.6000000000000001,1,0.05
9925,20.25,0.5000000000000001,1,0.05
9926,20.45,-17.75,1,0.05
9927,20.15,0.3,1,0.05
9928,20.2,0.7500000000000001,1,0.05
9929,20.05,0.49999999999999994,1,0.05
9930,-9.049999999999999,13.249999999999998,0,0.05
9931,20.05,1.0000000000000002,1,0.05
9932,20.3,0.9500000000000002,1,0.05
9933,20.1,1.1500000000000001,1,0.05
9934,20.2,1.1500000000000001,1,0.05
9935,20.4,1.1500000000000001,1,0.05
9936,20.15,0.6000000000000001,1,0.05
9937,20.15,1.0000000000000002,1,0.05
9938,20.15,0.3,1,0.05
9939,20.2,0.6500000000000001,1,0.05
9940,19.95,0.5000000000000001,1,0.05
9941,-9.049999999999999,13.149999999999999,0,0.05
9942,20.15,-19.55,1,0.05
9943,20.2,1.0500000000000003,1,0.05
9944,20.15,0.7000000000000001,1,0.05
9945,20.1,0.25,1,0.05
9946,20.15,0.3,1,0.05
9947,20.25,0.5000000000000001,1,0.05
9948,20.65,2.1999999999999997,1,0.05
9949,20.5,1.55,1,0.05
9950,-8.75,13.45,0,0.05
9951,20.6,1.6499999999999997,1,0.05
9952,20.25,1.0,1,0.05
9953,-8.95,13.249999999999998,0,0.05
9954,20.65,-18.05,1,0.05
9955,20.25,0.5000000000000001,1,0.05
9956,21.0,3.2499999999999987,1,0.05
9957,-8.95,13.349999999999998,0,0.05
9958,20.2,0.8500000000000002,1,0.05
9959,20.25,0.5000000000000001,1,0.05
9960,20.35,1.4999999999999998,1,0.05
9961,20.2,0.55,1,0.05
9962,20.25,1.2000000000000004,1,0.05
9963,20.15,0.3,1,0.05
9964,20.15,0.5000000000000001,1,0.05
9965,20.15,1.0000000000000002,1,0.05
9966,20.1,0.25,1,0.05
9967,20.4,-18.8,1,0.05
9968,20.2,0.55,1,0.05
9969,20.25,0.6000000000000001,1,0.05
9970,20.1,0.9500000000000002,1,0.05
9971,20.2,0.9500000000000002,1,0.05
9972,20.1,0.5500000000000002,1,0.05
9973,20.05,0.0,1,0.05
9974,20.2,1.05,1,0.05
9975,20.4,1.25,1,0.05
9976,20.7,2.249999999999999,1,0.05
9977,20.15,0.2,1,0.05
9978,20.2,0.6500000000000001,1,0.05
9979,20.2,1.3500000000000003,1,0.05
9980,-9.049999999999999,13.349999999999998,0,0.05
9981,20.15,0.3,1,0.05
9982,-9.95,12.45,0,0.05
9983,20.15,0.9000000000000002,1,0.05
9984,20.1,0.8500000000000002,1,0.05
9985,20.25,0.6000000000000001,1,0.05
9986,21.05,2.9999999999999987,1,0.05
9987,20.15,0.3,1,0.05
9988,20.75,2.1999999999999993,1,0.05
9989,20.4,1.1500000000000001,1,0.05
9990,20.05,0.0,1,0.05
9991,-8.85,13.349999999999998,0,0.05
9992,20.4,1.8499999999999999,1,0.05
9993,20.1,0.35000000000000003,1,0.05
9994,20.2,0.45,1,0.05
9995,20.15,1.1000000000000003,1,0.05
9996,19.9,0.55,1,0.05
9997,20.05,-19.85,1,0.05
9998,20.1,0.35,1,0.05
9999,-10.35,11.95,0,0.05
10000,20.8,2.649999999999999,1,0.05
10001,20.0,0.35,1,0.05
10002,20.25,0.5000000000000001,1,0.05
10003,20.15,0.2,1,0.05
10004,20.25,0.6000000000000001,1,0.05
10005,20.5,2.5499999999999994,1,0.05
10006,20.1,0.6500000000000001,1,0.05
10007,20.4,2.3499999999999996,1,0.05
10008,20.05,0.39999999999999997,1,0.05
10009,20.1,0.15000000000000002,1,0.05
10010,19.95,0.39999999999999997,1,0.05
10011,20.25,1.1000000000000003,1,0.05
10012,20.05,0.0,1,0.05
10013,20.05,-19.75,1,0.05
10014,20.3,0.8500000000000001,1,0.05
10015,20.1,-19.9,1,0.05
10016,-8.85,13.349999999999998,0,0.05
10017,20.1,0.15000000000000002,1,0.05
10018,20.15,0.2,1,0.05
10019,20.1,0.15000000000000002,1,0.05
10020,20.2,1.0500000000000003,1,0.05
10021,20.55,2.0999999999999996,1,0.05
10022,20.1,0.15000000000000002,1,0.05
10023,20.15,0.6000000000000001,1,0.05
10024,-8.85,13.349999999999998,0,0.05
10025,20.0,0.6500000000000001,1,0.05
10026,20.25,1.0,1,0.05
10027,20.3,0.7500000000000001,1,0.05
10028,20.15,0.9000000000000001,1,0.05
10029,20.1,0.25,1,0.05
10030,20.15,0.3,1,0.05
10031,20.1,0.15000000000000002,1,0.05
10032,20.1,0.25,1,0.05
10033,20.25,0.6000000000000001,1,0.05
10034,20.15,0.7000000000000001,1,0.05
10035,20.2,0.6500000000000001,1,0.05
10036,20.2,0.45,1,0.05
10037,20.25,0.5000000000000001,1,0.05
10038,20.05,0.3,1,0.05
10039,20.05,1.0000000000000002,1,0.05
10040,20.95,3.0999999999999983,1,0.05
10041,20.15,0.3,1,0.05
10042,20.4,1.3499999999999999,1,0.05
10043,20.0,0.25,1,0.05
10044,20.25,0.5000000000000001,1,0.05
10045,20.0,0.35,1,0.05
10046,20.1,0.15000000000000002,1,0.05
10047,20.1,0.25,1,0.05
10048,20.15,0.2,1,0.05
10049,20.15,0.3,1,0.05
10050,20.15,1.5000000000000004,1,0.05
10051,20.0,0.44999999999999996,1,0.05
10052,20.1,0.55,1,0.05
10053,20.2,0.9500000000000002,1,0.05
10054,20.35,-18.95,1,0.05
10055,20.1,0.35,1,0.05
10056,20.15,0.7000000000000001,1,0.05
10057,-9.15,13.149999999999999,0,0.05
10058,20.2,0.6500000000000001,1,0.05
10059,20.05,0.2,1,0.05
10060,-8.85,13.549999999999999,0,0.05
10061,20.15,0.4,1,0.05
10062,20.2,0.9500000000000002,1,0.05
10063,20.1,0.15000000000000002,1,0.05
10064,20.15,0.2,1,0.05
10065,20.15,0.2,1,0.05
10066,19.95,0.6000000000000001,1,0.05
10067,20.2,0.55,1,0.05
10068,20.1,1.0500000000000003,1,0.05
10069,20.05,0.6000000000000001,1,0.05
10070,-8.95,13.45,0,0.05
10071,20.2,0.45,1,0.05
10072,20.15,0.9000000000000001,1,0.05
10073,-9.15,13.149999999999999,0,0.05
10074,20.25,-19.45,1,0.05
10075,20.4,1.65,1,0.05
10076,20.1,0.6500000000000001,1,0.05
10077,20.1,0.25,1,0.05
10078,20.0,0.25,1,0.05
10079,20.2,0.7500000000000002,1,0.05
10080,20.15,0.3,1,0.05
10081,20.1,0.25,1,0.05
10082,20.15,0.3,1,0.05
10083,20.15,0.4,1,0.05
10084,20.15,1.1000000000000003,1,0.05
10085,20.3,1.3499999999999999,1,0.05
10086,20.15,1.1000000000000003,1,0.05
10087,20.4,-18.6,1,0.05
10088,20.1,0.35000000000000003,1,0.05
10089,20.2,1.05,1,0.05
10090,20.1,1.1500000000000004,1,0.05
10091,20.1,0.9500000000000002,1,0.05
10092,20.15,1.1000000000000003,1,0.05
10093,20.0,0.25,1,0.05
10094,20.7,2.949999999999999,1,0.05
10095,20.0,-19.8,1,0.05
10096,20.2,1.1500000000000004,1,0.05
10097,20.3,0.8500000000000001,1,0.05
10098,20.2,1.4500000000000004,1,0.05
10099,20.1,0.55,1,0.05
10100,20.25,0.6000000000000001,1,0.05
10101,20.0,0.55,1,0.05
10102,20.75,2.699999999999999,1,0.05
10103,20.15,1.1000000000000003,1,0.05
10104,20.2,0.45,1,0.05
10105,20.1,0.25,1,0.05
10106,20.65,1.7,1,0.05
10107,20.2,0.45,1,0.05
10108,20.15,0.3,1,0.05
10109,20.2,0.45,1,0.05
10110,19.95,0.3,1,0.05
10111,20.1,0.35,1,0.05
10112,20.4,1.4500000000000004,1,0.05
10113,20.1,0.7500000000000001,1,0.05
10114,20.1,0.35,1,0.05
10115,20.15,0.3,1,0.05
10116,20.25,0.5000000000000001,1,0.05
10117,20.15,0.2,1,0.05
10118,20.1,0.15000000000000002,1,0.05
10119,20.15,0.9000000000000002,1,0.05
10120,20.1,0.35,1,0.05
10121,20.1,0.7500000000000001,1,0.05
10122,20.15,0.3,1,0.05
10123,20.15,1.0000000000000002,1,0.05
10124,20.1,0.45,1,0.05
10125,20.15,0.5000000000000001,1,0.05
10126,20.2,0.9500000000000002,1,0.05
10127,-9.15,13.049999999999999,0,0.05
10128,20.05,1.2,1,0.05
10129,20.1,0.15000000000000002,1,0.05
10130,20.15,0.5000000000000001,1,0.05
10131,-8.95,13.349999999999998,0,0.05
10132,20.25,0.5000000000000001,1,0.05
10133,20.3,1.3500000000000003,1,0.05
10134,20.35,0.9000000000000001,1,0.05
10135,20.25,0.7000000000000001,1,0.05
10136,20.2,0.6500000000000001,1,0.05
10137,20.1,1.1500000000000004,1,0.05
10138,20.1,1.05,1,0.05
10139,20.0,0.25,1,0.05
10140,20.15,0.2,1,0.05
10141,20.1,1.6500000000000004,1,0.05
10142,20.05,0.39999999999999997,1,0.05
10143,-8.75,13.549999999999999,0,0.05
10144,20.15,0.9000000000000002,1,0.05
10145,20.25,0.6000000000000001,1,0.05
10146,20.0,0.35,1,0.05
10147,20.05,0.3,1,0.05
10148,20.05,0.6000000000000001,1,0.05
10149,20.2,0.45,1,0.05
10150,20.15,0.7000000000000001,1,0.05
10151,-8.95,13.349999999999998,0,0.05
10152,20.25,0.5000000000000001,1,0.05
10153,20.15,-19.05,1,0.05
10154,-8.75,13.549999999999999,0,0.05
10155,20.05,0.10000000000000002,1,0.05
10156,20.4,1.3499999999999999,1,0.05
10157,20.15,0.9000000000000002,1,0.05
10158,20.1,0.15000000000000002,1,0.05
10159,20.0,0.25,1,0.05
10160,20.05,-19.75,1,0.05
10161,-8.75,13.549999999999999,0,0.05
10162,20.15,1.1000000000000003,1,0.05
10163,20.2,0.9500000000000002,1,0.05
10164,20.25,0.5000000000000001,1,0.05
10165,20.0,0.15000000000000002,1,0.05
10166,20.05,0.3,1,0.05
10167,-8.75,13.45,0,0.05
10168,20.15,0.2,1,0.05
10169,20.15,0.3,1,0.05
10170,20.4,0.9500000000000002,1,0.05
10171,20.15,1.2000000000000004,1,0.05
10172,20.15,0.5,1,0.05
10173,-8.95,13.25,0,0.05
10174,20.4,2.5499999999999985,1,0.05
10175,20.15,0.9000000000000001,1,0.05
10176,20.15,1.1000000000000003,1,0.05
10177,20.25,0.8000000000000002,1,0.05
10178,20.1,0.35,1,0.05
10179,20.05,0.8000000000000002,1,0.05
10180,20.1,0.6500000000000001,1,0.05
10181,20.05,1.1000000000000003,1,0.05
10182,20.1,0.55,1,0.05
10183,20.15,0.7000000000000001,1,0.05
10184,20.3,1.1500000000000001,1,0.05
10185,20.25,0.5000000000000001,1,0.05
10186,20.2,0.9500000000000002,1,0.05
10187,20.25,0.5000000000000001,1,0.05
10188,20.3,1.3499999999999999,1,0.05
10189,20.05,0.4,1,0.05
10190,20.2,0.8500000000000001,1,0.05
10191,20.1,1.1500000000000001,1,0.05
10192,20.35,-18.55,1,0.05
10193,20.2,0.6500000000000001,1,0.05
10194,20.0,0.45,1,0.05
10195,20.1,0.25,1,0.05
10196,20.1,0.25,1,0.05
10197,20.35,1.2,1,0.05
10198,20.15,0.6000000000000001,1,0.05
10199,20.35,1.2000000000000004,1,0.05
10200,20.1,1.05,1,0.05
10201,20.15,0.2,1,0.05
10202,20.15,0.3,1,0.05
10203,-8.75,13.549999999999999,0,0.05
10204,20.2,0.6500000000000001,1,0.05
10205,20.0,0.8500000000000001,1,0.05
10206,20.1,0.35,1,0.05
10207,20.15,0.3,1,0.05
10208,20.15,0.3,1,0.05
10209,20.2,0.45,1,0.05
10210,20.15,0.3,1,0.05
10211,20.45,2.1999999999999993,1,0.05
10212,20.05,0.2,1,0.05
10213,-8.75,13.549999999999999,0,0.05
10214,20.1,0.15000000000000002,1,0.05
10215,20.1,0.25,1,0.05
10216,20.2,0.35,1,0.05
10217,20.25,0.6000000000000001,1,0.05
10218,20.15,0.3,1,0.05
10219,20.2,1.05,1,0.05
10220,20.15,0.6000000000000001,1,0.05
10221,20.05,0.39999999999999997,1,0.05
10222,20.9,2.9499999999999984,1,0.05
10223,20.15,0.6000000000000001,1,0.05
10224,-9.15,13.149999999999999,0,0.05
10225,20.25,1.2,1,0.05
10226,20.05,0.6000000000000001,1,0.05
10227,20.2,0.45,1,0.05
10228,20.15,0.3,1,0.05
10229,20.2,-19.7,1,0.05
10230,20.25,0.6000000000000001,1,0.05
10231,20.1,0.15000000000000002,1,0.05
10232,20.2,0.55,1,0.05
10233,20.1,0.15000000000000002,1,0.05
10234,20.15,1.1000000000000003,1,0.05
10235,20.75,2.699999999999999,1,0.05
10236,20.1,0.25,1,0.05
10237,20.15,0.3,1,0.05
10238,20.05,0.3,1,0.05
10239,-9.25,13.049999999999999,0,0.05
10240,20.25,0.6000000000000001,1,0.05
10241,-8.75,13.549999999999999,0,0.05
10242,20.15,0.3,1,0.05
10243,20.2,0.45,1,0.05
10244,20.25,0.5000000000000001,1,0.05
10245,20.25,0.6000000000000001,1,0.05
10246,21.0,-16.900000000000002,1,0.05
10247,20.1,0.9500000000000002,1,0.05
10248,20.15,1.1000000000000003,1,0.05
10249,20.2,0.6500000000000001,1,0.05
10250,20.15,0.5,1,0.05
10251,20.15,0.3,1,0.05
10252,20.2,0.9500000000000002,1,0.05
10253,20.9,2.649999999999999,1,0.05
10254,20.25,0.5000000000000001,1,0.05
10255,20.15,1.1000000000000003,1,0.05
10256,20.2,0.45,1,0.05
10257,20.15,0.2,1,0.05
10258,20.1,0.45,1,0.05
10259,20.1,0.9500000000000003,1,0.05
10260,19.9,0.15000000000000002,1,0.05
10261,20.05,0.0,1,0.05
10262,20.1,0.35,1,0.05
10263,20.15,0.3,1,0.05
10264,20.1,0.35,1,0.05
10265,20.15,0.6000000000000001,1,0.05
10266,20.2,0.45,1,0.05
10267,20.1,0.9500000000000002,1,0.05
10268,20.1,0.9500000000000002,1,0.05
10269,20.0,0.45,1,0.05
10270,20.15,0.3,1,0.05
10271,-9.049999999999999,13.149999999999999,0,0.05
10272,20.25,0.5000000000000001,1,0.05
10273,20.25,0.5000000000000001,1,0.05
10274,20.25,0.9000000000000001,1,0.05
10275,-9.25,13.149999999999999,0,0.05
10276,20.15,1.1000000000000003,1,0.05
10277,20.15,0.6000000000000001,1,0.05
10278,20.05,0.2,1,0.05
10279,20.1,-19.3,1,0.05
10280,20.2,0.6500000000000001,1,0.05
10281,20.05,1.5000000000000002,1,0.05
10282,20.1,0.15000000000000002,1,0.05
10283,20.05,0.7000000000000001,1,0.05
10284,20.1,0.45,1,0.05
10285,20.35,1.1,1,0.05
10286,-9.049999999999999,13.249999999999998,0,0.05
10287,20.15,0.3,1,0.05
10288,20.15,0.6000000000000001,1,0.05
10289,20.25,0.5000000000000001,1,0.05
10290,20.05,0.8000000000000002,1,0.05
10291,20.25,0.9000000000000001,1,0.05
10292,20.4,1.6500000000000001,1,0.05
10293,20.3,-18.9,1,0.05
10294,20.05,0.2,1,0.05
10295,20.1,0.25,1,0.05
10296,20.15,0.7000000000000001,1,0.05
10297,20.15,0.3,1,0.05
10298,20.1,0.9500000000000002,1,0.05
10299,-9.25,13.049999999999999,0,0.05
10300,20.05,0.4,1,0.05
10301,20.35,1.5000000000000002,1,0.05
10302,20.6,2.1499999999999995,1,0.05
10303,20.15,0.3,1,0.05
10304,20.25,1.2000000000000004,1,0.05
10305,20.2,0.35000000000000003,1,0.05
10306,20.3,0.7500000000000001,1,0.05
10307,20.15,0.7000000000000001,1,0.05
10308,20.1,0.15000000000000002,1,0.05
10309,20.2,0.8500000000000001,1,0.05
10310,20.15,0.5000000000000001,1,0.05
10311,20.1,0.7500000000000001,1,0.05
10312,20.15,0.6000000000000001,1,0.05
10313,20.5,-18.8,1,0.05
10314,20.0,0.35,1,0.05
10315,20.1,0.9500000000000002,1,0.05
10316,20.1,0.25,1,0.05
10317,20.15,0.6000000000000001,1,0.05
10318,20.3,0.9500000000000002,1,0.05
10319,20.2,0.45,1,0.05
10320,-9.049999999999999,13.249999999999998,0,0.05
10321,20.4,1.05,1,0.05
10322,20.15,1.1000000000000003,1,0.05
10323,20.2,0.9500000000000002,1,0.05
10324,-9.049999999999999,13.149999999999999,0,0.05
10325,20.25,0.6000000000000001,1,0.05
10326,20.2,0.55,1,0.05
10327,20.1,0.15000000000000002,1,0.05
10328,20.15,0.2,1,0.05
10329,20.15,0.5000000000000001,1,0.05
10330,20.6,1.8499999999999999,1,0.05
10331,20.35,1.3,1,0.05
10332,20.15,0.8000000000000003,1,0.05
10333,20.4,1.2500000000000002,1,0.05
10334,20.05,0.6000000000000001,1,0.05
10335,-9.25,12.95,0,0.05
10336,20.7,-18.2,1,0.05
10337,20.3,0.7500000000000001,1,0.05
10338,20.2,0.45,1,0.05
10339,20.5,1.55,1,0.05
10340,20.15,0.3,1,0.05
10341,20.15,1.2000000000000002,1,0.05
10342,20.1,0.15000000000000002,1,0.05
10343,20.25,0.5000000000000001,1,0.05
10344,20.15,0.5000000000000001,1,0.05
10345,-9.049999999999999,13.149999999999999,0,0.05
10346,20.8,-17.5,1,0.05
10347,20.55,1.7999999999999998,1,0.05
10348,19.85,1.1000000000000003,1,0.05
10349,20.15,0.7000000000000001,1,0.05
10350,20.15,0.5000000000000001,1,0.05
10351,19.9,0.7500000000000002,1,0.05
10352,20.2,0.6500000000000001,1,0.05
10353,20.15,0.3,1,0.05
10354,20.15,0.3,1,0.05
10355,19.75,0.49999999999999994,1,0.05
10356,20.05,0.30000000000000004,1,0.05
10357,20.1,0.35,1,0.05
10358,20.15,0.3,1,0.05
10359,19.95,0.5,1,0.05
10360,-9.45,12.95,0,0.05
10361,20.25,0.6000000000000001,1,0.05
10362,20.05,0.8000000000000002,1,0.05
10363,20.15,0.3,1,0.05
10364,20.15,0.6000000000000001,1,0.05
10365,-8.95,13.249999999999998,0,0.05
10366,20.1,0.15000000000000002,1,0.05
10367,20.25,0.6000000000000001,1,0.05
10368,20.05,0.3,1,0.05
10369,20.2,1.05,1,0.05
10370,20.25,0.7000000000000001,1,0.05
10371,20.25,0.5000000000000001,1,0.05
10372,-8.95,13.25,0,0.05
10373,20.15,0.3,1,0.05
10374,20.4,1.05,1,0.05
10375,20.45,1.7,1,0.05
10376,19.9,0.25,1,0.05
10377,20.05,0.2,1,0.05
10378,20.35,1.3,1,0.05
10379,20.2,0.55,1,0.05
10380,20.05,0.39999999999999997,1,0.05
10381,-9.049999999999999,13.249999999999998,0,0.05
10382,21.0,2.8499999999999988,1,0.05
10383,20.15,0.2,1,0.05
10384,20.35,0.8000000000000002,1,0.05
10385,20.35,1.1000000000000003,1,0.05
10386,20.15,0.2,1,0.05
10387,20.15,0.5000000000000001,1,0.05
10388,20.2,0.6500000000000001,1,0.05
10389,19.75,0.3,1,0.05
10390,20.15,0.3,1,0.05
10391,20.15,0.6000000000000001,1,0.05
10392,20.15,0.7000000000000001,1,0.05
10393,20.2,1.2500000000000002,1,0.05
10394,20.1,0.15000000000000002,1,0.05
10395,20.1,0.7500000000000001,1,0.05
10396,20.15,0.9000000000000001,1,0.05
10397,20.3,0.7500000000000001,1,0.05
10398,20.2,-19.2,1,0.05
10399,20.1,0.35000000000000003,1,0.05
10400,20.2,0.35000000000000003,1,0.05
10401,20.05,1.3,1,0.05
10402,20.25,0.5000000000000001,1,0.05
10403,20.25,0.5000000000000001,1,0.05
10404,-8.75,13.549999999999999,0,0.05
10405,20.15,1.1000000000000003,1,0.05
10406,20.2,0.45,1,0.05
10407,20.35,1.9000000000000001,1,0.05
10408,20.25,1.2000000000000002,1,0.05
10409,20.4,-19.0,1,0.05
10410,20.0,0.25,1,0.05
10411,20.4,2.0499999999999994,1,0.05
10412,20.05,1.8000000000000005,1,0.05
10413,20.25,0.5000000000000001,1,0.05
10414,20.15,0.3,1,0.05
10415,20.15,0.2,1,0.05
10416,20.2,0.45,1,0.05
10417,20.35,1.1000000000000003,1,0.05
10418,20.15,0.3,1,0.05
10419,20.2,0.55,1,0.05
10420,20.4,1.3499999999999999,1,0.05
10421,-9.049999999999999,13.25,0,0.05
10422,20.35,1.3,1,0.05
10423,20.05,0.2,1,0.05
10424,20.25,1.1000000000000003,1,0.05
10425,20.15,0.2,1,0.05
10426,20.2,0.55,1,0.05
10427,20.1,0.55,1,0.05
10428,20.15,0.3,1,0.05
10429,20.25,0.6000000000000001,1,0.05
10430,20.1,0.6500000000000001,1,0.05
10431,20.15,0.2,1,0.05
10432,20.0,0.45,1,0.05
10433,-9.15,13.049999999999999,0,0.05
10434,20.15,0.2,1,0.05
10435,20.0,0.35,1,0.05
10436,20.3,1.5500000000000005,1,0.05
10437,20.2,0.45,1,0.05
10438,-9.15,13.249999999999998,0,0.05
10439,20.2,0.45,1,0.05
10440,20.1,0.35,1,0.05
10441,20.25,0.5000000000000001,1,0.05
10442,20.5,1.4500000000000004,1,0.05
10443,20.1,0.55,1,0.05
10444,20.2,0.55,1,0.05
10445,20.15,0.7000000000000001,1,0.05
10446,20.15,0.6000000000000001,1,0.05
10447,20.15,0.6000000000000001,1,0.05
10448,20.1,0.35,1,0.05
10449,20.15,0.2,1,0.05
10450,20.1,0.15000000000000002,1,0.05
10451,20.15,0.6000000000000001,1,0.05
10452,20.05,0.3,1,0.05
10453,20.15,0.3,1,0.05
10454,20.25,0.6000000000000001,1,0.05
10455,20.0,0.35,1,0.05
10456,20.2,0.55,1,0.05
10457,20.2,0.55,1,0.05
10458,20.2,0.6500000000000001,1,0.05
10459,20.1,0.35,1,0.05
10460,20.4,0.9500000000000002,1,0.05
10461,20.05,0.3,1,0.05
10462,20.15,0.3,1,0.05
10463,21.05,2.9999999999999987,1,0.05
10464,20.2,0.6500000000000001,1,0.05
10465,20.0,0.6500000000000001,1,0.05
10466,20.2,0.6500000000000001,1,0.05
10467,20.2,0.7500000000000002,1,0.05
10468,20.1,0.25,1,0.05
10469,-8.95,13.349999999999998,0,0.05
10470,-8.95,13.249999999999998,0,0.05
10471,20.2,0.55,1,0.05
10472,20.4,2.0500000000000003,1,0.05
10473,20.1,0.25,1,0.05
10474,20.6,1.9499999999999995,1,0.05
10475,20.25,0.5000000000000001,1,0.05
10476,20.5,-18.1,1,0.05
10477,20.1,0.55,1,0.05
10478,20.25,0.9000000000000001,1,0.05
10479,20.1,0.15000000000000002,1,0.05
10480,20.0,0.44999999999999996,1,0.05
10481,20.3,0.7500000000000001,1,0.05
10482,20.15,0.6000000000000001,1,0.05
10483,20.95,2.699999999999999,1,0.05
10484,20.2,0.45,1,0.05
10485,-8.95,13.349999999999998,0,0.05
10486,20.2,0.8500000000000001,1,0.05
10487,20.1,0.15000000000000002,1,0.05
10488,20.7,2.0499999999999994,1,0.05
10489,20.2,0.55,1,0.05
10490,20.0,0.25,1,0.05
10491,20.15,0.2,1,0.05
10492,20.3,1.05,1,0.05
10493,20.1,0.15000000000000002,1,0.05
10494,20.25,0.9000000000000001,1,0.05
10495,20.1,0.55,1,0.05
10496,20.25,0.6000000000000001,1,0.05
10497,20.2,0.8500000000000002,1,0.05
10498,20.2,0.35000000000000003,1,0.05
10499,20.55,1.7,1,0.05
10500,-9.25,13.049999999999999,0,0.05
10501,20.15,0.6000000000000001,1,0.05
10502,20.15,0.3,1,0.05
10503,20.2,0.8500000000000002,1,0.05
10504,20.45,1.1000000000000003,1,0.05
10505,20.1,0.35,1,0.05
10506,20.1,0.25,1,0.05
10507,20.1,0.35,1,0.05
10508,19.95,0.3,1,0.05
10509,20.1,0.25,1,0.05
10510,20.35,2.0999999999999996,1,0.05
10511,20.2,0.45,1,0.05
10512,20.1,0.05,1,0.05
10513,20.1,0.25,1,0.05
10514,-9.049999999999999,13.249999999999998,0,0.05
10515,20.1,0.35,1,0.05
10516,20.1,0.15000000000000002,1,0.05
10517,20.1,0.35,1,0.05
10518,20.6,2.249999999999999,1,0.05
10519,20.1,0.15000000000000002,1,0.05
10520,20.45,1.4000000000000001,1,0.05
10521,20.15,0.2,1,0.05
10522,20.15,0.2,1,0.05
10523,20.2,0.45,1,0.05
10524,20.05,0.3,1,0.05
10525,20.15,0.3,1,0.05
10526,20.95,3.0999999999999988,1,0.05
10527,20.15,0.3,1,0.05
10528,20.7,2.3499999999999996,1,0.05
10529,20.35,-19.05,1,0.05
10530,20.2,0.6500000000000001,1,0.05
10531,20.05,1.5000000000000002,1,0.05
10532,20.05,0.4,1,0.05
10533,20.25,0.6000000000000001,1,0.05
10534,20.15,0.3,1,0.05
10535,20.15,0.3,1,0.05
10536,20.2,0.55,1,0.05
10537,20.55,1.4999999999999998,1,0.05
10538,20.1,0.15000000000000002,1,0.05
10539,21.0,2.8499999999999988,1,0.05
10540,20.05,0.2,1,0.05
10541,20.1,0.35,1,0.05
10542,20.15,0.3,1,0.05
10543,20.1,0.15000000000000002,1,0.05
10544,20.45,1.3,1,0.05
10545,-9.049999999999999,13.249999999999998,0,0.05
10546,20.2,0.7500000000000001,1,0.05
10547,20.15,0.5000000000000001,1,0.05
10548,20.1,0.35,1,0.05
10549,20.45,1.2,1,0.05
10550,20.2,0.35000000000000003,1,0.05
10551,20.1,0.25,1,0.05
10552,20.15,0.3,1,0.05
10553,20.0,0.6500000000000001,1,0.05
10554,-8.75,13.549999999999999,0,0.05
10555,20.15,0.3,1,0.05
10556,20.15,0.2,1,0.05
10557,20.1,0.25,1,0.05
10558,-9.35,12.95,0,0.05
10559,20.2,0.45,1,0.05
10560,20.25,0.8000000000000002,1,0.05
10561,20.2,0.35000000000000003,1,0.05
10562,20.2,0.45,1,0.05
10563,20.4,1.3499999999999999,1,0.05
10564,-8.85,13.349999999999998,0,0.05
10565,20.05,0.2,1,0.05
10566,20.3,0.7500000000000001,1,0.05
10567,20.2,0.8500000000000002,1,0.05
10568,20.4,1.4500000000000002,1,0.05
10569,20.2,0.6500000000000001,1,0.05
10570,20.45,1.1000000000000003,1,0.05
10571,20.05,0.2,1,0.05
10572,20.5,1.3499999999999999,1,0.05
10573,20.1,0.15000000000000002,1,0.05
10574,20.25,0.6000000000000001,1,0.05
10575,20.1,0.15000000000000002,1,0.05
10576,20.25,0.6000000000000001,1,0.05
10577,20.1,0.35,1,0.05
10578,20.05,0.2,1,0.05
10579,20.15,0.2,1,0.05
10580,20.2,0.45,1,0.05
10581,20.1,0.35,1,0.05
10582,20.4,-18.6,1,0.05
10583,20.2,0.45,1,0.05
10584,20.25,0.6000000000000001,1,0.05
10585,20.05,0.10000000000000002,1,0.05
10586,20.2,0.45000000000000007,1,0.05
10587,20.15,0.2,1,0.05
10588,20.1,0.25,1,0.05
10589,20.1,0.25,1,0.05
10590,20.15,0.2,1,0.05
10591,20.15,0.7000000000000001,1,0.05
10592,20.5,1.45,1,0.05
10593,20.1,0.15000000000000002,1,0.05
10594,20.1,0.55,1,0.05
10595,20.1,0.6500000000000001,1,0.05
10596,20.0,0.25,1,0.05
10597,20.05,0.39999999999999997,1,0.05
10598,20.15,0.3,1,0.05
10599,20.4,1.05,1,0.05
10600,20.1,0.15000000000000002,1,0.05
10601,20.05,0.2,1,0.05
10602,20.05,0.10000000000000002,1,0.05
10603,20.2,0.55,1,0.05
10604,20.0,0.25,1,0.05
10605,20.15,0.2,1,0.05
10606,20.25,0.6000000000000001,1,0.05
10607,20.5,-18.5,1,0.05
10608,20.3,1.3499999999999999,1,0.05
10609,21.0,2.8499999999999988,1,0.05
10610,20.35,1.0,1,0.05
10611,20.1,-19.9,1,0.05
10612,20.15,0.4,1,0.05
10613,20.15,0.7000000000000001,1,0.05
10614,20.15,0.3,1,0.05
10615,20.1,0.25000000000000006,1,0.05
10616,21.05,3.199999999999999,1,0.05
10617,20.0,0.25,1,0.05
10618,20.15,1.8999999999999997,1,0.05
10619,20.5,1.4500000000000004,1,0.05
10620,-8.75,13.45,0,0.05
10621,20.5,-17.900000000000002,1,0.05
10622,20.35,1.1,1,0.05
10623,20.15,0.3,1,0.05
10624,20.05,0.6000000000000001,1,0.05
10625,-8.75,13.45,0,0.05
10626,20.6,2.5499999999999994,1,0.05
10627,20.5,1.55,1,0.05
10628,20.5,1.55,1,0.05
10629,20.3,0.7500000000000001,1,0.05
10630,20.1,0.35,1,0.05
10631,20.1,0.15000000000000002,1,0.05
10632,20.1,0.25,1,0.05
10633,20.25,-19.25,1,0.05
10634,20.15,0.3,1,0.05
10635,20.1,0.25,1,0.05
10636,20.3,0.9500000000000002,1,0.05
10637,20.5,1.55,1,0.05
10638,20.15,0.3,1,0.05
10639,20.1,0.35,1,0.05
10640,19.9,0.25,1,0.05
10641,20.1,0.15000000000000002,1,0.05
10642,20.1,0.15000000000000002,1,0.05
10643,20.05,0.0,1,0.05
10644,20.1,0.15000000000000002,1,0.05
10645,20.25,0.5000000000000001,1,0.05
10646,20.1,0.6500000000000001,1,0.05
10647,20.25,0.8000000000000002,1,0.05
10648,20.3,0.7500000000000001,1,0.05
10649,-8.75,13.549999999999999,0,0.05
10650,21.05,2.899999999999999,1,0.05
10651,20.05,0.7000000000000001,1,0.05
10652,20.45,1.4000000000000001,1,0.05
10653,20.05,0.3,1,0.05
10654,20.35,1.7000000000000002,1,0.05
10655,-8.95,13.25,0,0.05
10656,20.1,0.25,1,0.05
10657,20.25,0.7000000000000001,1,0.05
10658,20.25,0.6000000000000001,1,0.05
10659,20.25,0.6000000000000001,1,0.05
10660,20.25,0.6000000000000001,1,0.05
10661,20.3,0.6500000000000001,1,0.05
10662,20.0,0.25,1,0.05
10663,20.25,0.7000000000000002,1,0.05
10664,20.2,0.45,1,0.05
10665,20.25,0.5000000000000001,1,0.05
10666,20.15,0.9000000000000002,1,0.05
10667,20.2,0.45000000000000007,1,0.05
10668,20.1,0.25,1,0.05
10669,20.35,0.9000000000000001,1,0.05
10670,20.15,0.2,1,0.05
10671,20.3,0.7500000000000001,1,0.05
10672,-8.85,13.45,0,0.05
10673,20.45,1.3000000000000005,1,0.05
10674,20.25,0.8000000000000002,1,0.05
10675,20.15,0.6000000000000001,1,0.05
10676,20.1,0.25,1,0.05
10677,20.0,0.25,1,0.05
10678,20.25,0.6000000000000001,1,0.05
10679,20.15,0.2,1,0.05
10680,20.3,-19.1,1,0.05
10681,20.15,0.7000000000000001,1,0.05
10682,20.25,0.5000000000000001,1,0.05
10683,20.3,1.3500000000000003,1,0.05
10684,20.5,1.55,1,0.05
10685,20.2,0.55,1,0.05
10686,-8.75,13.549999999999999,0,0.05
10687,20.25,0.8000000000000002,1,0.05
10688,-9.15,13.049999999999999,0,0.05
10689,20.05,0.2,1,0.05
10690,20.15,0.3,1,0.05
10691,20.1,0.6500000000000001,1,0.05
10692,20.6,1.8499999999999999,1,0.05
10693,20.15,0.2,1,0.05
10694,20.15,0.5000000000000001,1,0.05
10695,20.1,0.25,1,0.05
10696,21.05,-17.150000000000002,1,0.05
10697,20.1,0.25,1,0.05
10698,20.2,0.6500000000000001,1,0.05
10699,20.2,0.55,1,0.05
10700,20.65,1.7999999999999996,1,0.05
10701,20.25,0.6000000000000001,1,0.05
10702,20.1,0.35,1,0.05
10703,20.75,2.399999999999999,1,0.05
10704,20.05,0.3,1,0.05
10705,20.35,0.9000000000000001,1,0.05
10706,20.2,0.55,1,0.05
10707,20.15,0.3,1,0.05
10708,20.05,0.2,1,0.05
10709,20.25,0.5000000000000001,1,0.05
10710,20.15,0.2,1,0.05
10711,-9.049999999999999,13.249999999999998,0,0.05
10712,20.15,0.3,1,0.05
10713,20.25,1.8000000000000005,1,0.05
10714,20.1,0.35,1,0.05
10715,20.2,0.45000000000000007,1,0.05
10716,20.15,0.2,1,0.05
10717,20.45,1.3,1,0.05
10718,20.0,0.35,1,0.05
10719,20.05,0.39999999999999997,1,0.05
10720,20.45,1.1000000000000003,1,0.05
10721,20.05,0.3,1,0.05
10722,20.05,-19.65,1,0.05
10723,20.2,0.55,1,0.05
10724,20.2,0.6500000000000001,1,0.05
10725,20.1,0.35,1,0.05
10726,20.15,0.2,1,0.05
10727,20.05,0.30000000000000004,1,0.05
10728,20.2,0.45,1,0.05
10729,20.25,0.5000000000000001,1,0.05
10730,21.0,3.2499999999999987,1,0.05
10731,-9.15,13.049999999999999,0,0.05
10732,20.2,0.55,1,0.05
10733,20.05,0.2,1,0.05
10734,20.1,0.25,1,0.05
10735,20.3,2.3499999999999996,1,0.05
10736,20.35,1.2,1,0.05
10737,20.05,0.2,1,0.05
10738,20.2,0.45,1,0.05
10739,20.25,0.5000000000000001,1,0.05
10740,20.15,-19.75,1,0.05
10741,20.1,0.25000000000000006,1,0.05
10742,-8.95,13.349999999999998,0,0.05
10743,20.1,0.35,1,0.05
10744,20.15,0.3,1,0.05
10745,20.25,0.6000000000000001,1,0.05
10746,-9.35,12.95,0,0.05
10747,20.3,0.7500000000000001,1,0.05
10748,21.0,2.749999999999999,1,0.05
10749,20.2,0.55,1,0.05
10750,20.1,0.35,1,0.05
10751,20.15,0.3,1,0.05
10752,20.15,0.6000000000000001,1,0.05
10753,20.05,-19.75,1,0.05
10754,20.1,0.35,1,0.05
10755,20.1,0.35,1,0.05
10756,20.15,0.2,1,0.05
10757,20.1,0.35,1,0.05
10758,20.05,0.2,1,0.05
10759,20.15,0.2,1,0.05
10760,20.25,0.5000000000000001,1,0.05
10761,20.05,0.8,1,0.05
10762,20.2,0.6500000000000001,1,0.05
10763,20.0,0.45,1,0.05
10764,-8.85,13.349999999999998,0,0.05
10765,20.1,0.15000000000000002,1,0.05
10766,-9.049999999999999,13.249999999999998,0,0.05
10767,20.1,0.25,1,0.05
10768,20.15,0.5000000000000001,1,0.05
10769,20.2,0.35000000000000003,1,0.05
10770,20.15,0.3,1,0.05
10771,20.3,0.9500000000000002,1,0.05
10772,20.25,0.6000000000000001,1,0.05
10773,20.15,0.3,1,0.05
10774,20.15,0.7000000000000001,1,0.05
10775,20.25,0.6000000000000001,1,0.05
10776,20.25,0.6000000000000001,1,0.05
10777,20.2,0.55,1,0.05
10778,20.0,0.7500000000000001,1,0.05
10779,20.25,0.8000000000000002,1,0.05
10780,20.75,2.599999999999999,1,0.05
10781,20.15,0.3,1,0.05
10782,20.1,0.25,1,0.05
10783,20.3,0.8500000000000001,1,0.05
10784,20.15,0.3,1,0.05
10785,20.1,0.35,1,0.05
10786,20.15,0.2,1,0.05
10787,20.1,0.15000000000000002,1,0.05
10788,20.05,0.2,1,0.05
10789,20.05,0.2,1,0.05
10790,20.3,-19.3,1,0.05
10791,20.15,0.2,1,0.05
10792,20.15,0.7000000000000001,1,0.05
10793,20.45,1.2,1,0.05
10794,20.15,0.3,1,0.05
10795,20.4,1.2500000000000002,1,0.05
10796,20.05,0.3,1,0.05
10797,20.2,0.55,1,0.05
10798,20.25,0.5000000000000001,1,0.05
10799,20.15,0.2,1,0.05
10800,20.2,0.6500000000000001,1,0.05
10801,20.1,0.25,1,0.05
10802,20.25,0.8000000000000002,1,0.05
10803,20.2,0.45,1,0.05
10804,20.15,0.6000000000000001,1,0.05
10805,20.05,0.2,1,0.05
10806,20.25,0.5000000000000001,1,0.05
10807,20.55,1.8999999999999997,1,0.05
10808,20.25,0.6000000000000001,1,0.05
10809,-8.75,13.549999999999999,0,0.05
10810,20.4,1.4500000000000002,1,0.05
10811,20.1,0.35,1,0.05
10812,-8.75,13.549999999999999,0,0.05
10813,20.15,0.3,1,0.05
10814,20.3,0.7500000000000001,1,0.05
10815,20.15,0.5000000000000001,1,0.05
10816,20.05,0.7000000000000001,1,0.05
10817,20.25,0.5000000000000001,1,0.05
10818,20.35,1.4000000000000001,1,0.05
10819,20.7,2.349999999999999,1,0.05
10820,20.1,0.25,1,0.05
10821,20.9,2.549999999999999,1,0.05
10822,20.2,0.55,1,0.05
10823,20.25,0.5000000000000001,1,0.05
10824,20.1,0.35,1,0.05
10825,20.3,1.0500000000000003,1,0.05
10826,20.4,1.05,1,0.05
10827,21.1,-16.8,1,0.05
10828,20.15,0.2,1,0.05
10829,-10.15,12.15,0,0.05
10830,20.1,0.35,1,0.05
10831,20.15,0.2,1,0.05
10832,20.2,0.55,1,0.05
10833,20.3,0.7500000000000001,1,0.05
10834,20.2,0.45,1,0.05
10835,20.15,0.3,1,0.05
10836,20.4,1.6500000000000004,1,0.05
10837,20.5,1.6500000000000001,1,0.05
10838,20.4,1.05,1,0.05
10839,20.15,0.3,1,0.05
10840,20.15,0.3,1,0.05
10841,20.8,-17.7,1,0.05
10842,20.1,0.15000000000000002,1,0.05
10843,20.15,0.6000000000000001,1,0.05
10844,20.15,0.2,1,0.05
10845,20.1,0.6500000000000001,1,0.05
10846,20.15,0.5,1,0.05
10847,20.1,0.25,1,0.05
10848,20.3,0.9500000000000002,1,0.05
10849,20.25,0.5000000000000001,1,0.05
10850,20.0,0.05,1,0.05
10851,20.25,0.6000000000000001,1,0.05
10852,20.15,0.2,1,0.05
10853,-8.75,13.549999999999999,0,0.05
10854,20.1,0.25,1,0.05
10855,20.05,0.2,1,0.05
10856,20.05,0.2,1,0.05
10857,20.2,0.45,1,0.05
10858,20.1,0.15000000000000002,1,0.05
10859,20.1,0.25,1,0.05
10860,20.2,0.6500000000000001,1,0.05
10861,20.2,0.9500000000000002,1,0.05
10862,20.4,1.05,1,0.05
10863,20.1,0.15000000000000002,1,0.05
10864,20.15,0.2,1,0.05
10865,20.05,0.2,1,0.05
10866,20.2,0.45,1,0.05
10867,20.0,0.25,1,0.05
10868,20.15,-19.35,1,0.05
10869,20.05,0.2,1,0.05
10870,20.1,0.35,1,0.05
10871,20.1,0.35,1,0.05
10872,20.2,0.45,1,0.05
10873,20.7,-18.1,1,0.05
10874,20.2,0.45,1,0.05
10875,20.2,0.6500000000000001,1,0.05
10876,20.2,0.55,1,0.05
10877,20.15,0.2,1,0.05
10878,20.1,0.15000000000000002,1,0.05
10879,20.15,-19.55,1,0.05
10880,-11.05,11.25,0,0.05
10881,20.1,0.25,1,0.05
10882,20.1,0.35000000000000003,1,0.05
10883,20.25,0.9000000000000002,1,0.05
10884,20.1,0.15000000000000002,1,0.05
10885,20.15,0.3,1,0.05
10886,20.25,0.6000000000000001,1,0.05
10887,20.3,0.7500000000000001,1,0.05
10888,20.1,0.55,1,0.05
10889,20.15,0.6000000000000001,1,0.05
10890,-8.95,13.249999999999998,0,0.05
10891,20.1,0.55,1,0.05
10892,20.25,0.5000000000000001,1,0.05
10893,20.1,-19.7,1,0.05
10894,20.1,0.8500000000000001,1,0.05
10895,20.1,0.55,1,0.05
10896,20.45,1.2,1,0.05
10897,20.0,0.25,1,0.05
10898,20.05,0.2,1,0.05
10899,20.1,0.25,1,0.05
10900,20.1,0.35,1,0.05
10901,20.25,0.6000000000000001,1,0.05
10902,20.2,-19.4,1,0.05
10903,20.1,0.25,1,0.05
10904,-9.049999999999999,13.149999999999999,0,0.05
10905,20.5,1.55,1,0.05
10906,20.4,1.1500000000000001,1,0.05
10907,20.1,0.35,1,0.05
10908,-8.95,13.349999999999998,0,0.05
10909,20.1,0.45,1,0.05
10910,20.25,0.5000000000000001,1,0.05
10911,20.15,0.2,1,0.05
10912,20.15,0.3,1,0.05
10913,20.7,-17.8,1,0.05
10914,20.05,0.4,1,0.05
10915,20.25,1.5000000000000002,1,0.05
10916,20.1,0.25,1,0.05
10917,20.05,0.30000000000000004,1,0.05
10918,20.2,-19.6,1,0.05
10919,20.7,1.8499999999999999,1,0.05
10920,20.15,0.2,1,0.05
10921,20.0,0.25,1,0.05
10922,20.25,0.6000000000000001,1,0.05
10923,19.95,0.3,1,0.05
10924,20.1,0.25,1,0.05
10925,20.15,0.3,1,0.05
10926,20.25,0.6000000000000001,1,0.05
10927,21.0,3.049999999999999,1,0.05
10928,20.15,0.5000000000000001,1,0.05
10929,20.5,1.55,1,0.05
10930,20.15,0.3,1,0.05
10931,20.15,0.2,1,0.05
10932,20.1,0.05,1,0.05
10933,20.05,0.39999999999999997,1,0.05
10934,20.1,0.15000000000000002,1,0.05
10935,20.6,1.55,1,0.05
10936,20.4,1.6500000000000004,1,0.05
10937,21.1,3.049999999999999,1,0.05
10938,20.1,0.15000000000000002,1,0.05
10939,20.05,0.2,1,0.05
10940,20.2,0.7500000000000001,1,0.05
10941,20.0,1.0500000000000003,1,0.05
10942,20.05,0.2,1,0.05
10943,20.45,1.4000000000000001,1,0.05
10944,20.15,0.5000000000000001,1,0.05
10945,20.4,0.9500000000000002,1,0.05
10946,20.15,0.3,1,0.05
10947,20.05,0.2,1,0.05
10948,-8.75,13.549999999999999,0,0.05
10949,19.8,0.44999999999999996,1,0.05
10950,-9.049999999999999,13.149999999999999,0,0.05
10951,20.2,0.6500000000000001,1,0.05
10952,-8.95,13.349999999999998,0,0.05
10953,-8.75,13.549999999999999,0,0.05
10954,20.5,1.55,1,0.05
10955,20.1,0.05,1,0.05
10956,20.1,0.25,1,0.05
10957,20.2,0.55,1,0.05
10958,20.05,0.2,1,0.05
10959,20.2,0.7500000000000001,1,0.05
10960,20.2,0.45,1,0.05
10961,20.15,0.5000000000000001,1,0.05
10962,20.15,0.7000000000000001,1,0.05
10963,20.0,0.25,1,0.05
10964,20.0,0.35,1,0.05
10965,20.25,0.5000000000000001,1,0.05
10966,20.05,0.3,1,0.05
10967,20.45,1.4000000000000001,1,0.05
10968,20.2,0.45,1,0.05
10969,20.1,0.35,1,0.05
10970,20.2,0.45,1,0.05
10971,20.35,1.0000000000000002,1,0.05
10972,20.1,0.15000000000000002,1,0.05
10973,-8.95,13.349999999999998,0,0.05
10974,20.7,1.9499999999999995,1,0.05
10975,20.4,1.05,1,0.05
10976,20.15,0.2,1,0.05
10977,20.15,0.5000000000000001,1,0.05
10978,20.1,-19.9,1,0.05
10979,20.15,0.6000000000000001,1,0.05
10980,20.25,-19.25,1,0.05
10981,20.2,0.45,1,0.05
10982,20.2,-19.6,1,0.05
10983,20.0,0.25,1,0.05
10984,20.1,0.25,1,0.05
10985,-8.95,13.349999999999998,0,0.05
10986,20.1,0.25,1,0.05
10987,20.25,0.7000000000000001,1,0.05
10988,20.35,1.0,1,0.05
10989,20.15,0.6000000000000001,1,0.05
10990,20.15,0.3,1,0.05
10991,20.3,1.7500000000000007,1,0.05
10992,20.25,0.6000000000000001,1,0.05
10993,20.0,0.05,1,0.05
10994,20.15,0.3,1,0.05
10995,-9.25,13.049999999999999,0,0.05
10996,20.35,1.1,1,0.05
10997,20.15,0.3,1,0.05
10998,20.3,0.7500000000000001,1,0.05
10999,20.25,0.5000000000000001,1,0.05
11000,20.3,0.7500000000000001,1,0.05
11001,20.1,0.35,1,0.05
11002,20.1,0.15000000000000002,1,0.05
11003,20.15,0.3,1,0.05
11004,20.4,1.05,1,0.05
11005,-9.049999999999999,13.149999999999999,0,0.05
11006,20.05,0.2,1,0.05
11007,20.1,0.25,1,0.05
11008,-8.95,13.349999999999998,0,0.05
11009,20.15,0.3,1,0.05
11010,20.0,0.25,1,0.05
11011,20.1,0.25,1,0.05
11012,-8.75,13.549999999999999,0,0.05
11013,20.55,1.4999999999999998,1,0.05
11014,-9.15,13.149999999999999,0,0.05
11015,-8.95,13.249999999999998,0,0.05
11016,20.1,1.1500000000000004,1,0.05
11017,20.1,0.35,1,0.05
11018,20.15,0.4,1,0.05
11019,20.15,0.5000000000000001,1,0.05
11020,20.15,0.7000000000000001,1,0.05
11021,-8.85,13.349999999999998,0,0.05
11022,20.3,0.9500000000000002,1,0.05
11023,20.25,0.5000000000000001,1,0.05
11024,20.25,1.2,1,0.05
11025,20.15,0.7000000000000001,1,0.05
11026,20.25,0.5000000000000001,1,0.05
11027,20.15,0.3,1,0.05
11028,19.95,0.3,1,0.05
11029,20.25,0.6000000000000001,1,0.05
11030,20.2,0.45,1,0.05
11031,20.1,0.15000000000000002,1,0.05
11032,20.0,0.05,1,0.05
11033,20.55,1.9,1,0.05
11034,21.05,2.9999999999999987,1,0.05
11035,20.25,-19.55,1,0.05
11036,20.25,0.8000000000000002,1,0.05
11037,20.1,0.55,1,0.05
11038,20.05,0.2,1,0.05
11039,20.1,0.55,1,0.05
11040,20.5,1.6499999999999997,1,0.05
11041,20.25,0.6000000000000001,1,0.05
11042,20.15,0.30000000000000004,1,0.05
11043,20.15,0.3,1,0.05
11044,20.2,0.6500000000000001,1,0.05
11045,20.0,0.25,1,0.05
11046,20.1,0.25,1,0.05
11047,20.2,0.45000000000000007,1,0.05
11048,20.05,1.2000000000000002,1,0.05
11049,20.4,2.05,1,0.05
11050,20.0,0.25,1,0.05
11051,20.25,0.5000000000000001,1,0.05
11052,20.4,1.2500000000000002,1,0.05
11053,20.1,0.35,1,0.05
11054,20.2,0.35000000000000003,1,0.05
11055,20.1,0.35000000000000003,1,0.05
11056,20.3,1.0500000000000003,1,0.05
11057,20.1,0.25,1,0.05
11058,20.1,0.15000000000000002,1,0.05
11059,20.2,0.55,1,0.05
11060,20.05,0.3,1,0.05
11061,20.15,0.2,1,0.05
11062,20.15,0.3,1,0.05
11063,20.1,0.25,1,0.05
11064,20.1,0.25,1,0.05
11065,20.2,1.05,1,0.05
11066,20.15,0.7000000000000001,1,0.05
11067,20.25,0.8000000000000002,1,0.05
11068,-8.95,13.549999999999999,0,0.05
11069,20.4,2.05,1,0.05
11070,20.2,0.45,1,0.05
11071,20.2,0.45,1,0.05
11072,20.15,-19.85,1,0.05
11073,20.15,0.3,1,0.05
11074,20.0,0.25,1,0.05
11075,20.0,0.25,1,0.05
11076,20.2,0.6500000000000001,1,0.05
11077,20.1,0.55,1,0.05
11078,-8.85,13.45,0,0.05
11079,20.25,0.5000000000000001,1,0.05
11080,20.1,0.25,1,0.05
11081,20.3,-19.1,1,0.05
11082,20.2,0.45,1,0.05
11083,20.1,0.25,1,0.05
11084,20.2,0.45,1,0.05
11085,20.1,0.25,1,0.05
11086,20.7,1.9499999999999995,1,0.05
11087,20.1,0.15000000000000002,1,0.05
11088,20.1,0.15000000000000002,1,0.05
11089,20.3,1.55,1,0.05
11090,20.15,0.2,1,0.05
11091,20.1,0.35,1,0.05
11092,20.45,1.1000000000000003,1,0.05
11093,20.1,0.25,1,0.05
11094,20.2,0.6500000000000001,1,0.05
11095,20.15,0.2,1,0.05
11096,20.1,0.55,1,0.05
11097,20.2,0.45,1,0.05
11098,20.2,0.6500000000000001,1,0.05
11099,20.1,0.25,1,0.05
11100,20.25,0.6000000000000001,1,0.05
11101,20.2,0.5500000000000002,1,0.05
11102,20.15,0.3,1,0.05
11103,20.15,0.5000000000000001,1,0.05
11104,-8.95,13.349999999999998,0,0.05
11105,20.1,0.15000000000000002,1,0.05
11106,20.25,0.5000000000000001,1,0.05
11107,-9.25,13.049999999999999,0,0.05
11108,20.0,0.8500000000000001,1,0.05
11109,20.1,0.35,1,0.05
11110,20.25,0.9000000000000001,1,0.05
11111,-8.95,13.349999999999998,0,0.05
11112,20.2,0.35000000000000003,1,0.05
11113,20.1,0.35,1,0.05
11114,19.9,0.25,1,0.05
11115,20.05,0.2,1,0.05
11116,20.15,0.2,1,0.05
11117,20.1,0.35,1,0.05
11118,20.15,0.3,1,0.05
11119,-8.95,13.35,0,0.05
11120,20.2,0.6500000000000001,1,0.05
11121,20.1,0.25,1,0.05
11122,20.1,0.25,1,0.05
11123,20.6,1.7499999999999998,1,0.05
11124,20.2,0.45,1,0.05
11125,20.15,0.2,1,0.05
11126,20.2,0.55,1,0.05
11127,20.15,0.2,1,0.05
11128,20.75,1.9999999999999998,1,0.05
11129,-8.85,13.349999999999998,0,0.05
11130,20.45,1.1000000000000003,1,0.05
11131,20.0,0.25,1,0.05
11132,20.15,0.7000000000000001,1,0.05
11133,20.05,0.3,1,0.05
11134,20.25,0.6000000000000001,1,0.05
11135,20.45,1.8,1,0.05
11136,20.0,0.25,1,0.05
11137,20.1,0.35,1,0.05
11138,20.15,0.7000000000000001,1,0.05
11139,-8.85,13.45,0,0.05
11140,20.55,1.4000000000000001,1,0.05
11141,20.15,0.3,1,0.05
11142,20.3,0.9500000000000002,1,0.05
11143,20.5,1.4500000000000004,1,0.05
11144,20.15,0.6000000000000001,1,0.05
11145,20.2,0.45000000000000007,1,0.05
11146,20.15,0.3,1,0.05
11147,20.1,0.25,1,0.05
11148,20.3,1.1500000000000001,1,0.05
11149,-8.85,13.45,0,0.05
11150,20.2,0.45,1,0.05
11151,20.25,0.8000000000000002,1,0.05
11152,20.2,0.45000000000000007,1,0.05
11153,20.25,0.6000000000000001,1,0.05
11154,20.1,0.25,1,0.05
11155,20.2,0.6500000000000001,1,0.05
11156,20.05,0.2,1,0.05
11157,20.3,1.1500000000000004,1,0.05
11158,20.1,0.35000000000000003,1,0.05
11159,20.95,-17.35,1,0.05
11160,20.1,0.35,1,0.05
11161,20.05,0.2,1,0.05
11162,20.1,0.15000000000000002,1,0.05
11163,20.2,0.45,1,0.05
11164,-8.85,13.45,0,0.05
11165,-8.75,13.45,0,0.05
11166,20.15,0.3,1,0.05
11167,20.1,0.15000000000000002,1,0.05
11168,20.15,-19.65,1,0.05
11169,20.1,0.55,1,0.05
11170,20.3,1.5500000000000003,1,0.05
11171,20.15,-19.85,1,0.05
11172,20.2,0.45,1,0.05
11173,20.15,0.3,1,0.05
11174,20.05,0.30000000000000004,1,0.05
11175,20.5,1.55,1,0.05
11176,20.55,1.5999999999999999,1,0.05
11177,20.2,0.55,1,0.05
11178,20.05,0.2,1,0.05
11179,-8.75,13.549999999999999,0,0.05
11180,20.45,1.4000000000000001,1,0.05
11181,20.1,0.15000000000000002,1,0.05
11182,20.1,0.15000000000000002,1,0.05
11183,20.1,0.35,1,0.05
11184,20.2,0.55,1,0.05
11185,20.1,0.25,1,0.05
11186,-8.85,13.45,0,0.05
11187,20.15,0.3,1,0.05
11188,20.15,0.2,1,0.05
11189,20.25,0.7000000000000001,1,0.05
11190,20.1,0.25,1,0.05
11191,20.25,0.9000000000000002,1,0.05
11192,20.0,0.25,1,0.05
11193,20.1,0.25,1,0.05
11194,20.85,2.8999999999999986,1,0.05
11195,20.25,0.5000000000000001,1,0.05
11196,20.15,0.7000000000000001,1,0.05
11197,20.2,0.55,1,0.05
11198,20.1,0.35,1,0.05
11199,20.2,0.45,1,0.05
11200,20.55,2.3000000000000003,1,0.05
11201,20.1,0.15000000000000002,1,0.05
11202,20.2,0.45,1,0.05
11203,20.1,0.25,1,0.05
11204,20.1,0.15000000000000002,1,0.05
11205,20.3,0.7500000000000001,1,0.05
11206,-8.85,13.45,0,0.05
11207,20.1,0.15000000000000002,1,0.05
11208,20.15,0.30000000000000004,1,0.05
11209,20.2,-19.6,1,0.05
11210,20.15,0.3,1,0.05
11211,-8.75,13.549999999999999,0,0.05
11212,20.15,0.2,1,0.05
11213,20.25,0.5000000000000001,1,0.05
11214,20.1,0.25,1,0.05
11215,20.2,0.6500000000000001,1,0.05
11216,20.15,0.2,1,0.05
11217,20.3,1.35,1,0.05
11218,20.2,0.6500000000000001,1,0.05
11219,20.0,0.6500000000000001,1,0.05
11220,20.2,0.8500000000000001,1,0.05
11221,20.25,0.5000000000000001,1,0.05
11222,20.1,0.45,1,0.05
11223,-9.55,12.65,0,0.05
11224,20.1,0.25,1,0.05
11225,20.05,0.2,1,0.05
11226,-8.75,13.549999999999999,0,0.05
11227,20.4,1.05,1,0.05
11228,20.15,0.5000000000000001,1,0.05
11229,20.05,0.2,1,0.05
11230,20.95,3.0999999999999988,1,0.05
11231,20.2,0.8500000000000002,1,0.05
11232,20.15,0.3,1,0.05
11233,20.25,0.5000000000000001,1,0.05
11234,20.05,0.2,1,0.05
11235,20.25,0.6000000000000001,1,0.05
11236,20.25,1.2000000000000004,1,0.05
11237,20.05,0.2,1,0.05
11238,20.1,0.9500000000000002,1,0.05
11239,20.05,0.5,1,0.05
11240,20.2,0.55,1,0.05
11241,20.75,2.499999999999999,1,0.05
11242,20.4,1.45,1,0.05
11243,20.25,0.5000000000000001,1,0.05
11244,20.4,1.3500000000000003,1,0.05
11245,20.05,0.2,1,0.05
11246,20.2,0.45,1,0.05
11247,20.1,0.35,1,0.05
11248,20.2,0.45,1,0.05
11249,20.2,0.45,1,0.05
11250,20.1,0.25,1,0.05
11251,20.15,0.2,1,0.05
11252,20.1,0.35,1,0.05
11253,-8.85,13.349999999999998,0,0.05
11254,20.3,0.9500000000000002,1,0.05
11255,20.1,0.15000000000000002,1,0.05
11256,20.1,0.15000000000000002,1,0.05
11257,-8.75,13.549999999999999,0,0.05
11258,20.4,-18.8,1,0.05
11259,20.1,0.25,1,0.05
11260,20.05,0.2,1,0.05
11261,20.0,0.25,1,0.05
11262,20.15,0.5,1,0.05
11263,20.0,0.25,1,0.05
11264,-9.049999999999999,13.349999999999998,0,0.05
11265,20.15,-19.75,1,0.05
11266,20.0,0.15000000000000002,1,0.05
11267,20.35,1.1000000000000003,1,0.05
11268,20.1,0.25,1,0.05
11269,20.1,0.55,1,0.05
11270,20.05,0.2,1,0.05
11271,20.25,0.7000000000000002,1,0.05
11272,20.15,0.6000000000000001,1,0.05
11273,20.15,0.3,1,0.05
11274,20.2,0.6500000000000001,1,0.05
11275,20.15,0.2,1,0.05
11276,20.2,0.6500000000000001,1,0.05
11277,20.0,0.15000000000000002,1,0.05
11278,20.1,0.25,1,0.05
11279,-8.95,13.349999999999998,0,0.05
11280,20.2,0.35000000000000003,1,0.05
11281,20.55,1.8999999999999997,1,0.05
11282,20.35,1.1000000000000003,1,0.05
11283,20.05,0.39999999999999997,1,0.05
11284,-8.75,13.45,0,0.05
11285,20.15,0.3,1,0.05
11286,20.1,0.35,1,0.05
11287,20.05,0.2,1,0.05
11288,20.1,-19.5,1,0.05
11289,20.15,0.3,1,0.05
11290,20.15,0.30000000000000004,1,0.05
11291,20.1,0.35,1,0.05
11292,20.45,1.5999999999999999,1,0.05
11293,20.05,0.2,1,0.05
11294,20.2,0.6500000000000001,1,0.05
11295,20.05,0.4,1,0.05
11296,19.9,0.25,1,0.05
11297,20.1,0.25,1,0.05
11298,-9.35,12.95,0,0.05
11299,20.05,0.39999999999999997,1,0.05
11300,20.25,-19.05,1,0.05
11301,20.0,0.35,1,0.05
11302,20.0,0.25,1,0.05
11303,20.15,0.2,1,0.05
11304,20.2,0.55,1,0.05
11305,-8.95,13.349999999999998,0,0.05
11306,20.3,0.7500000000000001,1,0.05
11307,20.15,0.3,1,0.05
11308,20.1,-19.6,1,0.05
11309,20.0,0.25,1,0.05
11310,20.0,0.6500000000000001,1,0.05
11311,20.0,0.44999999999999996,1,0.05
11312,20.4,1.2500000000000002,1,0.05
11313,20.2,0.55,1,0.05
11314,20.1,0.35,1,0.05
11315,20.25,0.5000000000000001,1,0.05
11316,20.15,0.2,1,0.05
11317,20.55,-18.25,1,0.05
11318,20.85,2.999999999999999,1,0.05
11319,20.25,0.5000000000000001,1,0.05
11320,-8.95,13.25,0,0.05
11321,20.2,0.8500000000000002,1,0.05
11322,20.3,-18.8,1,0.05
11323,-8.95,13.249999999999998,0,0.05
11324,20.0,0.35,1,0.05
11325,20.0,0.55,1,0.05
11326,20.15,1.7,1,0.05
11327,20.15,0.2,1,0.05
11328,20.2,0.45,1,0.05
11329,20.15,0.6000000000000001,1,0.05
11330,20.1,0.9500000000000002,1,0.05
11331,20.15,0.5000000000000001,1,0.05
11332,20.0,0.25,1,0.05
11333,20.1,0.35,1,0.05
11334,20.1,0.25,1,0.05
11335,20.1,0.35,1,0.05
11336,21.0,3.1499999999999986,1,0.05
11337,20.2,0.45,1,0.05
11338,20.15,0.4,1,0.05
11339,20.15,0.2,1,0.05
11340,19.95,0.49999999999999994,1,0.05
11341,20.1,0.15000000000000002,1,0.05
11342,20.1,0.35,1,0.05
11343,20.3,0.7500000000000001,1,0.05
11344,20.05,0.2,1,0.05
11345,20.1,0.35,1,0.05
11346,20.55,1.9999999999999998,1,0.05
11347,20.15,0.7000000000000001,1,0.05
11348,19.95,0.3,1,0.05
11349,19.95,0.3,1,0.05
11350,20.6,2.349999999999999,1,0.05
11351,20.2,0.45000000000000007,1,0.05
11352,20.2,0.7500000000000001,1,0.05
11353,20.2,0.45,1,0.05
11354,20.35,1.2,1,0.05
11355,20.35,-18.95,1,0.05
11356,20.15,0.6000000000000001,1,0.05
11357,20.9,-16.900000000000002,1,0.05
11358,20.1,0.15000000000000002,1,0.05
11359,20.2,0.6500000000000001,1,0.05
11360,20.2,0.35000000000000003,1,0.05
11361,20.1,0.35,1,0.05
11362,20.05,0.3,1,0.05
11363,20.1,0.25,1,0.05
11364,20.3,0.6500000000000001,1,0.05
11365,-8.75,13.549999999999999,0,0.05
11366,20.05,0.3,1,0.05
11367,20.2,0.35000000000000003,1,0.05
11368,20.25,0.6000000000000001,1,0.05
11369,20.25,2.1,1,0.05
11370,20.15,0.6000000000000001,1,0.05
11371,19.9,1.3499999999999999,1,0.05
11372,19.95,0.2,1,0.05
11373,20.35,1.1000000000000003,1,0.05
11374,20.15,0.3,1,0.05
11375,20.25,0.6000000000000001,1,0.05
11376,20.15,0.3,1,0.05
11377,20.2,-19.1,1,0.05
11378,20.05,0.39999999999999997,1,0.05
11379,-9.049999999999999,13.149999999999999,0,0.05
11380,20.1,0.55,1,0.05
11381,20.05,0.6000000000000001,1,0.05
11382,20.1,0.35,1,0.05
11383,20.45,1.4,1,0.05
11384,20.6,-17.6,1,0.05
11385,20.2,0.45,1,0.05
11386,20.05,0.2,1,0.05
11387,20.25,0.8000000000000002,1,0.05
11388,20.1,0.15000000000000002,1,0.05
11389,20.25,0.5000000000000001,1,0.05
11390,20.0,0.44999999999999996,1,0.05
11391,20.15,0.5,1,0.05
11392,20.25,0.5000000000000001,1,0.05
11393,20.25,0.5000000000000001,1,0.05
11394,20.2,0.6500000000000001,1,0.05
11395,20.2,0.6500000000000001,1,0.05
11396,20.3,0.9500000000000002,1,0.05
11397,20.55,2.099999999999999,1,0.05
11398,20.2,0.55,1,0.05
11399,20.1,0.15000000000000002,1,0.05
11400,20.35,1.3,1,0.05
11401,20.25,0.5000000000000001,1,0.05
11402,20.2,0.5500000000000002,1,0.05
11403,20.55,1.7,1,0.05
11404,19.95,0.30000000000000004,1,0.05
11405,20.2,1.1500000000000001,1,0.05
11406,20.25,0.6000000000000001,1,0.05
11407,20.2,0.8500000000000001,1,0.05
11408,20.35,1.0,1,0.05
11409,20.05,0.39999999999999997,1,0.05
11410,20.15,0.5,1,0.05
11411,20.15,0.2,1,0.05
11412,20.85,2.399999999999999,1,0.05
11413,20.1,0.25,1,0.05
11414,20.8,2.549999999999999,1,0.05
11415,20.1,0.35,1,0.05
11416,20.1,0.15000000000000002,1,0.05
11417,20.2,0.55,1,0.05
11418,20.2,0.45,1,0.05
11419,20.2,0.45,1,0.05
11420,20.3,0.7500000000000001,1,0.05
11421,20.2,0.8500000000000001,1,0.05
11422,20.25,0.6000000000000001,1,0.05
11423,20.1,0.25,1,0.05
11424,20.3,1.0500000000000003,1,0.05
11425,20.1,-19.8,1,0.05
11426,20.1,0.25,1,0.05
11427,-8.75,13.45,0,0.05
11428,20.7,1.8499999999999999,1,0.05
11429,20.15,0.6000000000000001,1,0.05
11430,20.15,0.6000000000000001,1,0.05
11431,20.15,0.6000000000000001,1,0.05
11432,-8.95,13.349999999999998,0,0.05
11433,20.15,0.6000000000000001,1,0.05
11434,20.1,0.15000000000000002,1,0.05
11435,20.2,0.45,1,0.05
11436,20.5,-18.3,1,0.05
11437,20.2,0.6500000000000001,1,0.05
11438,-8.95,13.349999999999998,0,0.05
11439,20.15,1.1000000000000003,1,0.05
11440,20.1,0.15000000000000002,1,0.05
11441,20.15,0.7000000000000002,1,0.05
11442,20.1,0.25,1,0.05
11443,20.15,0.4,1,0.05
11444,20.35,1.3,1,0.05
11445,20.1,0.35,1,0.05
11446,20.0,0.55,1,0.05
11447,20.15,0.3,1,0.05
11448,20.8,2.8499999999999988,1,0.05
11449,20.15,0.3,1,0.05
11450,21.1,3.1499999999999986,1,0.05
11451,20.1,0.35,1,0.05
11452,20.5,1.55,1,0.05
11453,20.0,0.8500000000000002,1,0.05
11454,20.15,0.3,1,0.05
11455,20.1,0.15000000000000002,1,0.05
11456,20.1,0.6500000000000001,1,0.05
11457,20.2,0.45,1,0.05
11458,20.25,0.9000000000000001,1,0.05
11459,20.25,0.5000000000000001,1,0.05
11460,20.1,0.35,1,0.05
11461,20.2,0.7500000000000001,1,0.05
11462,20.15,0.2,1,0.05
11463,20.0,0.15000000000000002,1,0.05
11464,20.2,0.6500000000000001,1,0.05
11465,20.75,1.9999999999999998,1,0.05
11466,20.1,0.7500000000000001,1,0.05
11467,20.15,1.0000000000000002,1,0.05
11468,20.25,0.6000000000000001,1,0.05
11469,20.15,0.2,1,0.05
11470,20.1,0.15000000000000002,1,0.05
11471,20.15,0.2,1,0.05
11472,20.5,2.0499999999999994,1,0.05
11473,20.25,0.5000000000000001,1,0.05
11474,-8.75,13.549999999999999,0,0.05
11475,20.35,0.9000000000000001,1,0.05
11476,20.45,1.1000000000000003,1,0.05
11477,20.25,0.7000000000000002,1,0.05
11478,20.75,-17.95,1,0.05
11479,20.2,0.6500000000000001,1,0.05
11480,19.95,0.3,1,0.05
11481,20.5,1.55,1,0.05
11482,20.25,0.9000000000000001,1,0.05
11483,20.1,0.35,1,0.05
11484,20.4,1.3499999999999999,1,0.05
11485,20.25,0.5000000000000001,1,0.05
11486,20.1,0.15000000000000002,1,0.05
11487,20.1,-19.9,1,0.05
11488,20.15,0.6000000000000001,1,0.05
11489,20.85,2.7999999999999985,1,0.05
11490,-9.049999999999999,13.149999999999999,0,0.05
11491,20.0,0.44999999999999996,1,0.05
11492,20.1,0.55,1,0.05
11493,20.15,0.7000000000000001,1,0.05
11494,20.25,0.6000000000000001,1,0.05
11495,20.05,0.3,1,0.05
11496,19.95,0.3,1,0.05
11497,20.2,0.55,1,0.05
11498,-8.95,13.349999999999998,0,0.05
11499,20.2,0.45000000000000007,1,0.05
11500,20.1,0.35,1,0.05
11501,20.15,0.5,1,0.05
11502,20.1,-19.7,1,0.05
11503,20.2,0.35000000000000003,1,0.05
11504,20.35,1.0,1,0.05
11505,20.55,1.7,1,0.05
11506,20.25,0.5000000000000001,1,0.05
11507,20.15,0.7000000000000001,1,0.05
11508,20.0,0.25,1,0.05
11509,20.1,0.25,1,0.05
11510,20.5,1.9499999999999995,1,0.05
11511,20.25,0.6000000000000001,1,0.05
11512,20.05,0.39999999999999997,1,0.05
11513,20.15,0.2,1,0.05
11514,20.1,0.25,1,0.05
11515,-9.15,13.049999999999999,0,0.05
11516,20.05,0.7000000000000002,1,0.05
11517,20.35,1.1000000000000003,1,0.05
11518,20.15,0.5,1,0.05
11519,20.2,0.35000000000000003,1,0.05
11520,19.7,0.7500000000000001,1,0.05
11521,20.1,0.35,1,0.05
11522,20.95,2.899999999999999,1,0.05
11523,20.2,0.45,1,0.05
11524,20.05,0.0,1,0.05
11525,20.1,0.25,1,0.05
11526,20.05,0.2,1,0.05
11527,20.0,0.25,1,0.05
11528,20.15,0.6000000000000001,1,0.05
11529,20.25,0.5000000000000001,1,0.05
11530,20.1,0.35,1,0.05
11531,20.0,0.44999999999999996,1,0.05
11532,20.15,0.2,1,0.05
11533,-8.85,13.45,0,0.05
11534,20.15,0.6000000000000001,1,0.05
11535,19.95,0.39999999999999997,1,0.05
11536,20.15,0.3,1,0.05
11537,20.05,0.2,1,0.05
11538,20.1,0.35,1,0.05
11539,20.25,0.5000000000000001,1,0.05
11540,20.2,0.55,1,0.05
11541,20.2,-19.5,1,0.05
11542,20.25,0.5000000000000001,1,0.05
11543,20.25,1.1000000000000003,1,0.05
11544,20.15,0.6000000000000001,1,0.05
11545,20.3,0.7500000000000001,1,0.05
11546,20.15,0.3,1,0.05
11547,20.45,1.3,1,0.05
11548,20.15,0.3,1,0.05
11549,20.25,0.5000000000000001,1,0.05
11550,20.2,0.55,1,0.05
11551,20.15,0.7000000000000001,1,0.05
11552,20.2,0.8500000000000002,1,0.05
11553,20.5,1.4500000000000004,1,0.05
11554,20.15,0.30000000000000004,1,0.05
11555,20.2,0.45000000000000007,1,0.05
11556,20.3,1.1500000000000001,1,0.05
11557,20.2,0.45,1,0.05
11558,20.15,-19.85,1,0.05
11559,20.4,0.9500000000000002,1,0.05
11560,20.0,0.15000000000000002,1,0.05
11561,20.6,2.249999999999999,1,0.05
11562,20.1,0.35,1,0.05
11563,20.2,0.6500000000000001,1,0.05
11564,20.2,0.8500000000000001,1,0.05
11565,20.2,0.6500000000000001,1,0.05
11566,20.2,1.0500000000000003,1,0.05
11567,20.9,2.549999999999999,1,0.05
11568,19.95,0.9,1,0.05
11569,20.15,0.3,1,0.05
11570,20.2,0.55,1,0.05
11571,20.1,0.15000000000000002,1,0.05
11572,20.15,0.2,1,0.05
11573,20.2,0.6500000000000001,1,0.05
11574,20.3,0.9500000000000002,1,0.05
11575,20.15,0.30000000000000004,1,0.05
11576,20.1,0.15000000000000002,1,0.05
11577,20.25,0.5000000000000001,1,0.05
11578,20.1,0.25000000000000006,1,0.05
11579,20.15,0.3,1,0.05
11580,20.35,1.6000000000000003,1,0.05
11581,20.05,0.2,1,0.05
11582,-8.95,13.25,0,0.05
11583,20.15,0.4,1,0.05
11584,20.4,1.05,1,0.05
11585,20.5,1.4500000000000004,1,0.05
11586,20.15,0.3,1,0.05
11587,20.2,0.6500000000000001,1,0.05
11588,20.15,0.3,1,0.05
11589,20.25,0.6000000000000001,1,0.05
11590,20.2,0.55,1,0.05
11591,20.05,0.4,1,0.05
11592,20.2,0.45000000000000007,1,0.05
11593,20.1,0.25,1,0.05
11594,20.15,0.3,1,0.05
11595,20.15,0.3,1,0.05
11596,20.2,0.55,1,0.05
11597,20.1,0.15000000000000002,1,0.05
11598,20.4,1.4500000000000004,1,0.05
11599,20.25,0.6000000000000001,1,0.05
11600,20.2,0.55,1,0.05
11601,20.15,0.3,1,0.05
11602,21.0,3.2499999999999987,1,0.05
11603,20.15,0.3,1,0.05
11604,20.15,0.6000000000000002,1,0.05
11605,20.25,0.5000000000000001,1,0.05
11606,20.2,0.45,1,0.05
11607,20.1,0.35,1,0.05
11608,20.25,0.5000000000000001,1,0.05
11609,20.15,0.3,1,0.05
11610,-9.25,13.049999999999999,0,0.05
11611,20.1,0.15000000000000002,1,0.05
11612,-8.85,13.45,0,0.05
11613,-8.85,13.45,0,0.05
11614,20.05,0.2,1,0.05
11615,20.2,0.45,1,0.05
11616,20.25,0.5000000000000001,1,0.05
11617,-8.75,13.549999999999999,0,0.05
11618,20.2,0.9500000000000002,1,0.05
11619,20.1,0.25,1,0.05
11620,20.1,0.25,1,0.05
11621,20.15,0.3,1,0.05
11622,20.15,0.2,1,0.05
11623,20.25,0.5000000000000001,1,0.05
11624,20.15,0.6000000000000001,1,0.05
11625,20.2,0.45,1,0.05
11626,20.2,0.45,1,0.05
11627,20.1,0.25,1,0.05
11628,20.2,0.55,1,0.05
11629,19.9,0.35,1,0.05
11630,20.15,0.3,1,0.05
11631,20.35,0.8000000000000002,1,0.05
11632,20.1,0.35,1,0.05
11633,20.15,0.2,1,0.05
11634,20.2,1.55,1,0.05
11635,20.15,0.7000000000000001,1,0.05
11636,20.35,0.8000000000000002,1,0.05
11637,20.2,0.55,1,0.05
11638,20.2,0.9500000000000002,1,0.05
11639,20.1,0.35,1,0.05
11640,20.15,0.2,1,0.05
11641,20.3,0.9500000000000002,1,0.05
11642,20.05,0.2,1,0.05
11643,20.1,0.25,1,0.05
11644,20.45,-18.95,1,0.05
11645,20.1,0.15000000000000002,1,0.05
11646,20.25,0.6000000000000001,1,0.05
11647,20.15,0.3,1,0.05
11648,20.2,0.45,1,0.05
11649,20.1,0.35,1,0.05
11650,20.25,0.5000000000000001,1,0.05
11651,20.15,-19.75,1,0.05
11652,20.05,0.4,1,0.05
11653,20.3,0.8500000000000002,1,0.05
11654,20.3,0.9500000000000002,1,0.05
11655,20.05,0.2,1,0.05
11656,20.1,0.15000000000000002,1,0.05
11657,20.1,0.25,1,0.05
11658,20.2,0.8500000000000001,1,0.05
11659,-8.75,13.549999999999999,0,0.05
11660,20.05,0.39999999999999997,1,0.05
11661,19.95,0.7000000000000002,1,0.05
11662,20.05,0.6000000000000001,1,0.05
11663,20.1,0.15000000000000002,1,0.05
11664,20.25,0.6000000000000001,1,0.05
11665,20.35,1.3000000000000005,1,0.05
11666,20.9,2.7499999999999987,1,0.05
11667,20.2,-19.5,1,0.05
11668,20.15,0.3,1,0.05
11669,20.0,0.35,1,0.05
11670,20.2,0.5500000000000002,1,0.05
11671,20.3,0.7500000000000001,1,0.05
11672,20.75,2.099999999999999,1,0.05
11673,20.15,-19.55,1,0.05
11674,20.1,0.15000000000000002,1,0.05
11675,20.2,0.6500000000000001,1,0.05
11676,20.05,0.2,1,0.05
11677,20.2,0.8500000000000001,1,0.05
11678,-8.95,13.35,0,0.05
11679,20.4,-19.1,1,0.05
11680,20.45,1.4,1,0.05
11681,20.1,0.55,1,0.05
11682,20.15,0.6000000000000001,1,0.05
11683,20.2,0.45,1,0.05
11684,20.2,0.55,1,0.05
11685,20.75,-17.95,1,0.05
11686,19.9,0.35,1,0.05
11687,20.15,0.6000000000000001,1,0.05
11688,20.1,0.35,1,0.05
11689,20.05,0.2,1,0.05
11690,20.25,1.0000000000000002,1,0.05
11691,20.25,1.2,1,0.05
11692,20.1,0.35000000000000003,1,0.05
11693,-8.75,13.549999999999999,0,0.05
11694,20.1,0.15000000000000002,1,0.05
11695,20.1,0.35,1,0.05
11696,20.15,0.3,1,0.05
11697,20.15,0.2,1,0.05
11698,20.2,0.55,1,0.05
11699,20.05,0.39999999999999997,1,0.05
11700,20.15,0.5000000000000001,1,0.05
11701,20.1,0.25,1,0.05
11702,20.1,0.25,1,0.05
11703,20.2,0.8500000000000001,1,0.05
11704,20.9,2.649999999999999,1,0.05
11705,20.45,1.1000000000000003,1,0.05
11706,20.2,0.45,1,0.05
11707,-8.85,13.349999999999998,0,0.05
11708,20.1,0.35,1,0.05
11709,20.4,1.6499999999999997,1,0.05
11710,20.0,0.25,1,0.05
11711,20.15,0.7000000000000001,1,0.05
11712,20.3,-19.1,1,0.05
11713,19.9,0.7500000000000002,1,0.05
11714,20.25,0.6000000000000001,1,0.05
11715,20.15,0.3,1,0.05
11716,20.15,0.6000000000000001,1,0.05
11717,20.15,0.3,1,0.05
11718,20.15,0.6000000000000001,1,0.05
11719,20.7,1.9499999999999995,1,0.05
11720,20.15,0.6000000000000001,1,0.05
11721,20.05,0.2,1,0.05
11722,20.15,0.3,1,0.05
11723,20.1,0.25,1,0.05
11724,20.3,0.7500000000000001,1,0.05
11725,20.15,0.2,1,0.05
11726,20.0,0.44999999999999996,1,0.05
11727,20.1,0.35,1,0.05
11728,20.15,0.3,1,0.05
11729,20.2,0.45,1,0.05
11730,20.25,0.6000000000000001,1,0.05
11731,20.15,0.3,1,0.05
11732,20.1,0.55,1,0.05
11733,20.1,0.25,1,0.05
11734,20.25,0.5000000000000001,1,0.05
11735,-8.75,13.45,0,0.05
11736,20.45,1.2,1,0.05
11737,20.1,0.35,1,0.05
11738,20.55,1.4000000000000001,1,0.05
11739,20.15,0.2,1,0.05
11740,20.15,0.2,1,0.05
11741,20.75,2.099999999999999,1,0.05
11742,20.55,-18.55,1,0.05
11743,20.25,0.5000000000000001,1,0.05
11744,20.2,-18.6,1,0.05
11745,20.25,0.7000000000000001,1,0.05
11746,20.15,0.2,1,0.05
11747,20.1,0.15000000000000002,1,0.05
11748,20.15,0.3,1,0.05
11749,20.05,0.2,1,0.05
11750,20.2,0.45000000000000007,1,0.05
11751,20.05,0.39999999999999997,1,0.05
11752,20.1,0.25,1,0.05
11753,20.05,0.2,1,0.05
11754,20.15,0.3,1,0.05
11755,-8.95,13.349999999999998,0,0.05
11756,20.15,0.6000000000000001,1,0.05
11757,20.0,0.44999999999999996,1,0.05
11758,20.2,-19.5,1,0.05
11759,20.25,0.5000000000000001,1,0.05
11760,20.1,0.25,1,0.05
11761,20.1,0.45,1,0.05
11762,20.2,0.55,1,0.05
11763,-8.75,13.549999999999999,0,0.05
11764,20.15,0.2,1,0.05
11765,20.3,0.7500000000000001,1,0.05
11766,20.1,0.35,1,0.05
11767,20.1,0.15000000000000002,1,0.05
11768,20.45,1.4000000000000001,1,0.05
11769,20.5,1.6500000000000001,1,0.05
11770,20.2,0.55,1,0.05
11771,20.2,0.6500000000000001,1,0.05
11772,20.1,0.15000000000000002,1,0.05
11773,20.15,0.2,1,0.05
11774,20.3,0.7500000000000001,1,0.05
11775,20.15,0.2,1,0.05
11776,20.1,0.15000000000000002,1,0.05
11777,20.25,0.5000000000000001,1,0.05
11778,20.0,0.25,1,0.05
11779,20.0,0.44999999999999996,1,0.05
11780,20.15,0.3,1,0.05
11781,20.7,1.8499999999999999,1,0.05
11782,-8.85,13.45,0,0.05
11783,20.15,0.7000000000000001,1,0.05
11784,20.45,1.8999999999999997,1,0.05
11785,20.0,0.65,1,0.05
11786,20.15,0.2,1,0.05
11787,20.1,0.35,1,0.05
11788,20.1,-19.6,1,0.05
11789,20.1,0.25,1,0.05
11790,20.35,0.9000000000000001,1,0.05
11791,20.35,1.5,1,0.05
11792,20.1,0.25,1,0.05
11793,20.6,-17.6,1,0.05
11794,20.2,0.6500000000000001,1,0.05
11795,19.95,0.3,1,0.05
11796,20.45,1.7999999999999996,1,0.05
11797,20.1,0.35,1,0.05
11798,20.05,0.10000000000000002,1,0.05
11799,20.0,0.25,1,0.05
11800,20.2,0.45,1,0.05
11801,20.95,2.899999999999999,1,0.05
11802,-10.05,12.25,0,0.05
11803,20.15,0.30000000000000004,1,0.05
11804,20.2,0.6500000000000001,1,0.05
11805,20.6,1.9499999999999995,1,0.05
11806,20.3,0.7500000000000001,1,0.05
11807,20.35,1.0000000000000002,1,0.05
11808,20.05,0.2,1,0.05
11809,20.15,0.2,1,0.05
11810,20.25,0.6000000000000001,1,0.05
11811,20.1,0.35,1,0.05
11812,20.05,0.2,1,0.05
11813,20.25,0.5000000000000001,1,0.05
11814,20.8,2.249999999999999,1,0.05
11815,20.2,0.6500000000000001,1,0.05
11816,20.05,0.2,1,0.05
11817,20.1,0.25,1,0.05
11818,20.15,0.3,1,0.05
11819,20.15,0.2,1,0.05
11820,20.1,-19.6,1,0.05
11821,20.4,1.1500000000000001,1,0.05
11822,20.2,0.45000000000000007,1,0.05
11823,20.15,0.3,1,0.05
11824,20.2,0.45,1,0.05
11825,-8.75,13.45,0,0.05
11826,20.1,0.25,1,0.05
11827,20.2,0.45000000000000007,1,0.05
11828,20.1,0.25,1,0.05
11829,-8.95,13.35,0,0.05
11830,20.2,0.45000000000000007,1,0.05
11831,20.0,0.25,1,0.05
11832,20.15,1.3,1,0.05
11833,20.15,0.7000000000000001,1,0.05
11834,20.15,0.2,1,0.05
11835,20.2,0.55,1,0.05
11836,20.35,1.7,1,0.05
11837,20.15,0.6000000000000001,1,0.05
11838,20.05,0.2,1,0.05
11839,20.1,0.35,1,0.05
11840,20.05,0.2,1,0.05
11841,20.05,0.2,1,0.05
11842,20.05,0.2,1,0.05
11843,20.1,0.35,1,0.05
11844,20.05,0.3,1,0.05
11845,20.2,0.55,1,0.05
11846,-8.85,13.45,0,0.05
11847,20.0,0.7500000000000001,1,0.05
11848,20.35,1.3,1,0.05
11849,20.2,0.45,1,0.05
11850,20.35,1.3,1,0.05
11851,20.9,-17.400000000000002,1,0.05
11852,20.05,0.39999999999999997,1,0.05
11853,20.15,0.3,1,0.05
11854,20.05,0.39999999999999997,1,0.05
11855,20.1,0.35,1,0.05
11856,20.1,0.15000000000000002,1,0.05
11857,20.2,0.55,1,0.05
11858,20.15,0.3,1,0.05
11859,20.15,0.7000000000000001,1,0.05
11860,20.1,0.7500000000000001,1,0.05
11861,20.15,0.3,1,0.05
11862,20.15,0.3,1,0.05
11863,20.25,0.5000000000000001,1,0.05
11864,20.15,0.2,1,0.05
11865,20.1,0.25,1,0.05
11866,20.15,0.2,1,0.05
11867,20.1,0.25,1,0.05
11868,20.15,0.6000000000000001,1,0.05
11869,-8.85,13.45,0,0.05
11870,20.5,-18.7,1,0.05
11871,20.15,0.6000000000000001,1,0.05
11872,20.3,1.1500000000000001,1,0.05
11873,20.2,0.6500000000000001,1,0.05
11874,-8.75,13.45,0,0.05
11875,20.15,0.2,1,0.05
11876,20.1,0.55,1,0.05
11877,20.15,0.6000000000000001,1,0.05
11878,20.7,2.949999999999998,1,0.05
11879,20.15,-19.85,1,0.05
11880,20.1,0.25,1,0.05
11881,20.1,0.15000000000000002,1,0.05
11882,20.05,1.0000000000000002,1,0.05
11883,20.05,0.2,1,0.05
11884,20.75,-17.95,1,0.05
11885,20.05,0.39999999999999997,1,0.05
11886,20.45,-18.85,1,0.05
11887,20.1,0.25,1,0.05
11888,20.1,0.25,1,0.05
11889,20.3,1.1500000000000004,1,0.05
11890,20.35,1.2,1,0.05
11891,19.95,0.3,1,0.05
11892,20.2,0.45,1,0.05
11893,20.1,0.15000000000000002,1,0.05
11894,20.4,1.05,1,0.05
11895,20.45,1.4999999999999998,1,0.05
11896,20.2,0.45,1,0.05
11897,20.0,0.25,1,0.05
11898,20.15,0.5,1,0.05
11899,20.65,2.1999999999999993,1,0.05
11900,20.2,0.6500000000000001,1,0.05
11901,20.05,0.3,1,0.05
11902,20.2,0.45,1,0.05
11903,20.25,0.6000000000000001,1,0.05
11904,20.05,0.2,1,0.05
11905,-9.049999999999999,13.149999999999999,0,0.05
11906,20.2,0.6500000000000001,1,0.05
11907,-8.75,13.45,0,0.05
11908,-8.75,13.549999999999999,0,0.05
11909,20.4,0.9500000000000002,1,0.05
11910,20.2,1.05,1,0.05
11911,20.5,2.05,1,0.05
11912,20.1,1.0500000000000003,1,0.05
11913,20.15,0.3,1,0.05
11914,20.1,0.25,1,0.05
11915,20.1,0.35,1,0.05
11916,20.15,0.6000000000000001,1,0.05
11917,20.6,-17.6,1,0.05
11918,20.65,1.7,1,0.05
11919,20.35,1.3,1,0.05
11920,20.1,0.25,1,0.05
11921,20.2,0.45,1,0.05
11922,20.3,0.7500000000000001,1,0.05
11923,19.85,0.39999999999999997,1,0.05
11924,20.15,0.3,1,0.05
11925,20.25,0.6000000000000001,1,0.05
11926,20.1,0.35,1,0.05
11927,20.3,0.7500000000000001,1,0.05
11928,-8.75,13.549999999999999,0,0.05
11929,20.0,0.25,1,0.05
11930,20.2,0.45,1,0.05
11931,20.05,0.7000000000000001,1,0.05
11932,20.45,1.4000000000000001,1,0.05
11933,20.1,0.25,1,0.05
11934,20.1,0.35,1,0.05
11935,20.05,0.2,1,0.05
11936,20.15,0.3,1,0.05
11937,20.05,0.0,1,0.05
11938,20.15,0.6000000000000001,1,0.05
11939,20.0,0.44999999999999996,1,0.05
11940,20.55,1.4999999999999998,1,0.05
11941,20.05,0.2,1,0.05
11942,19.95,0.39999999999999997,1,0.05
11943,20.15,0.7000000000000002,1,0.05
11944,20.1,0.15000000000000002,1,0.05
11945,20.35,0.8000000000000002,1,0.05
11946,20.1,0.25,1,0.05
11947,20.15,0.7000000000000001,1,0.05
11948,20.15,0.3,1,0.05
11949,20.35,1.1000000000000003,1,0.05
11950,20.2,0.6500000000000001,1,0.05
11951,20.05,0.39999999999999997,1,0.05
11952,20.7,2.5499999999999994,1,0.05
11953,20.05,0.5,1,0.05
11954,20.1,0.35,1,0.05
11955,20.1,0.35,1,0.05
11956,20.15,0.6000000000000001,1,0.05
11957,20.8,2.649999999999999,1,0.05
11958,20.2,0.55,1,0.05
11959,20.5,1.55,1,0.05
11960,20.4,1.3499999999999999,1,0.05
11961,20.2,0.6500000000000001,1,0.05
11962,20.25,0.6000000000000001,1,0.05
11963,20.8,2.549999999999999,1,0.05
11964,20.05,0.5,1,0.05
11965,19.9,0.55,1,0.05
11966,20.2,0.9500000000000002,1,0.05
11967,20.25,0.6000000000000001,1,0.05
11968,20.4,1.2500000000000002,1,0.05
11969,20.1,0.55,1,0.05
11970,-9.049999999999999,13.249999999999998,0,0.05
11971,20.1,0.15000000000000002,1,0.05
11972,20.4,1.2500000000000002,1,0.05
11973,20.2,0.45,1,0.05
11974,20.25,0.6000000000000001,1,0.05
11975,20.0,0.25,1,0.05
11976,20.35,1.3,1,0.05
11977,20.1,0.15000000000000002,1,0.05
11978,20.1,0.25,1,0.05
11979,20.2,0.45,1,0.05
11980,20.1,0.35,1,0.05
11981,20.45,1.6000000000000003,1,0.05
11982,20.3,0.9500000000000002,1,0.05
11983,20.2,0.6500000000000001,1,0.05
11984,20.35,1.0,1,0.05
11985,20.1,0.15000000000000002,1,0.05
11986,20.15,0.7000000000000001,1,0.05
11987,20.2,0.45000000000000007,1,0.05
11988,20.4,1.05,1,0.05
11989,20.1,0.25,1,0.05
11990,20.25,0.6000000000000001,1,0.05
11991,20.2,1.3500000000000003,1,0.05
11992,20.15,0.3,1,0.05
11993,20.05,0.5,1,0.05
11994,20.25,0.5000000000000001,1,0.05
11995,20.1,0.15000000000000002,1,0.05
11996,20.25,1.6000000000000003,1,0.05
11997,20.1,0.25,1,0.05
11998,20.1,0.25,1,0.05
11999,20.9,2.549999999999999,1,0.05
12000,20.2,0.35,1,0.05
12001,20.1,0.25,1,0.05
12002,20.15,0.3,1,0.05
12003,-8.95,13.249999999999998,0,0.05
12004,20.25,0.5000000000000001,1,0.05
12005,20.1,0.25,1,0.05
12006,20.15,0.3,1,0.05
12007,20.1,0.25,1,0.05
12008,20.35,0.9000000000000001,1,0.05
12009,20.2,0.8500000000000002,1,0.05
12010,-8.85,13.349999999999998,0,0.05
12011,20.0,0.45,1,0.05
12012,20.3,0.9500000000000002,1,0.05
12013,20.15,0.3,1,0.05
12014,20.15,0.2,1,0.05
12015,20.1,0.25,1,0.05
12016,20.1,0.35,1,0.05
12017,20.5,1.7500000000000002,1,0.05
12018,20.1,0.55,1,0.05
12019,20.2,0.5500000000000002,1,0.05
12020,20.1,0.15000000000000002,1,0.05
12021,20.45,1.4000000000000001,1,0.05
12022,20.25,0.5000000000000001,1,0.05
12023,20.05,0.3,1,0.05
12024,20.1,0.35,1,0.05
12025,20.1,0.35,1,0.05
12026,20.05,0.2,1,0.05
12027,20.1,0.7500000000000001,1,0.05
12028,20.25,0.6000000000000001,1,0.05
12029,20.65,2.199999999999999,1,0.05
12030,20.1,0.25,1,0.05
12031,20.2,-19.7,1,0.05
12032,20.1,0.25,1,0.05
12033,20.15,0.3,1,0.05
12034,20.75,2.2999999999999994,1,0.05
12035,-8.85,13.45,0,0.05
12036,20.2,0.55,1,0.05
12037,20.15,0.7000000000000001,1,0.05
12038,20.15,0.6000000000000001,1,0.05
12039,20.1,-19.6,1,0.05
12040,20.1,0.25,1,0.05
12041,20.1,0.15000000000000002,1,0.05
12042,20.05,0.2,1,0.05
12043,20.1,0.15000000000000002,1,0.05
12044,20.45,1.4000000000000001,1,0.05
12045,-8.85,13.45,0,0.05
12046,20.2,-19.6,1,0.05
12047,20.15,0.3,1,0.05
12048,-8.75,13.549999999999999,0,0.05
12049,20.2,0.45,1,0.05
12050,20.0,0.35,1,0.05
12051,20.1,0.15000000000000002,1,0.05
12052,20.2,0.35000000000000003,1,0.05
12053,20.15,0.2,1,0.05
12054,20.25,0.6000000000000001,1,0.05
12055,20.2,0.6500000000000001,1,0.05
12056,20.1,0.35,1,0.05
12057,20.35,0.9000000000000001,1,0.05
12058,-8.85,13.349999999999998,0,0.05
12059,20.15,0.7000000000000001,1,0.05
12060,20.1,0.35,1,0.05
12061,20.1,0.25,1,0.05
12062,20.1,0.55,1,0.05
12063,20.25,0.5000000000000001,1,0.05
12064,20.3,0.7500000000000001,1,0.05
12065,-8.95,13.25,0,0.05
12066,20.2,0.55,1,0.05
12067,20.65,2.399999999999999,1,0.05
12068,20.15,0.7000000000000001,1,0.05
12069,20.15,0.3,1,0.05
12070,19.9,0.5499999999999999,1,0.05
12071,20.15,0.7000000000000001,1,0.05
12072,20.1,0.35,1,0.05
12073,20.0,0.44999999999999996,1,0.05
12074,20.15,0.2,1,0.05
12075,19.9,0.35,1,0.05
12076,20.1,0.25,1,0.05
12077,20.1,0.15000000000000002,1,0.05
12078,20.1,0.35,1,0.05
12079,20.1,0.55,1,0.05
12080,20.35,0.9000000000000001,1,0.05
12081,20.05,0.3,1,0.05
12082,20.2,0.6500000000000001,1,0.05
12083,20.1,0.15000000000000002,1,0.05
12084,20.3,0.9500000000000002,1,0.05
12085,20.45,1.1000000000000003,1,0.05
12086,20.25,0.5000000000000001,1,0.05
12087,20.15,0.3,1,0.05
12088,20.2,0.45000000000000007,1,0.05
12089,20.15,0.3,1,0.05
12090,20.2,0.6500000000000001,1,0.05
12091,20.1,0.55,1,0.05
12092,20.0,0.44999999999999996,1,0.05
12093,20.25,0.5000000000000001,1,0.05
12094,20.25,1.5000000000000002,1,0.05
12095,20.3,0.9500000000000002,1,0.05
12096,20.45,1.7999999999999996,1,0.05
12097,20.1,0.15000000000000002,1,0.05
12098,-8.95,13.249999999999998,0,0.05
12099,20.1,0.8500000000000002,1,0.05
12100,20.1,0.35,1,0.05
12101,20.25,0.5000000000000001,1,0.05
12102,20.1,0.25,1,0.05
12103,20.15,0.7000000000000001,1,0.05
12104,20.35,1.3,1,0.05
12105,20.2,0.55,1,0.05
12106,20.2,0.45,1,0.05
12107,20.2,0.55,1,0.05
12108,20.1,0.45,1,0.05
12109,20.05,0.2,1,0.05
12110,20.25,0.5000000000000001,1,0.05
12111,20.25,0.5000000000000001,1,0.05
12112,20.05,0.3,1,0.05
12113,20.0,0.6500000000000001,1,0.05
12114,20.05,0.3,1,0.05
12115,20.05,0.39999999999999997,1,0.05
12116,20.15,0.2,1,0.05
12117,20.05,0.2,1,0.05
12118,-9.049999999999999,13.349999999999998,0,0.05
12119,20.2,1.05,1,0.05
12120,20.25,1.0000000000000002,1,0.05
12121,20.6,2.25,1,0.05
12122,20.7,2.1499999999999995,1,0.05
12123,20.1,0.35,1,0.05
12124,20.1,0.35,1,0.05
12125,20.2,0.45,1,0.05
12126,20.1,0.35,1,0.05
12127,20.1,0.7500000000000001,1,0.05
12128,20.25,0.6000000000000001,1,0.05
12129,20.15,0.7000000000000001,1,0.05
12130,20.15,0.2,1,0.05
12131,20.1,0.25,1,0.05
12132,20.2,1.3500000000000003,1,0.05
12133,20.45,-18.95,1,0.05
12134,20.2,0.45,1,0.05
12135,20.3,0.6500000000000001,1,0.05
12136,20.15,0.5,1,0.05
12137,20.1,0.15000000000000002,1,0.05
12138,20.2,0.6500000000000001,1,0.05
12139,20.2,0.6500000000000001,1,0.05
12140,20.1,0.35,1,0.05
12141,20.1,0.35,1,0.05
12142,20.0,0.25,1,0.05
12143,-8.75,13.45,0,0.05
12144,20.1,0.25,1,0.05
12145,20.15,0.7000000000000001,1,0.05
12146,-10.05,12.35,0,0.05
12147,20.25,1.4000000000000001,1,0.05
12148,20.25,0.8000000000000002,1,0.05
12149,20.25,0.5000000000000001,1,0.05
12150,20.25,1.0000000000000002,1,0.05
12151,20.25,0.6000000000000001,1,0.05
12152,20.5,1.4500000000000004,1,0.05
12153,20.15,0.8000000000000002,1,0.05
12154,19.95,0.3,1,0.05
12155,20.15,0.7000000000000001,1,0.05
12156,-8.95,13.349999999999998,0,0.05
12157,20.1,0.25,1,0.05
12158,20.0,0.25,1,0.05
12159,20.2,0.6500000000000001,1,0.05
12160,-8.85,13.45,0,0.05
12161,20.35,1.1000000000000003,1,0.05
12162,20.15,0.3,1,0.05
12163,20.05,0.39999999999999997,1,0.05
12164,20.15,0.2,1,0.05
12165,20.25,0.5000000000000001,1,0.05
12166,20.05,0.39999999999999997,1,0.05
12167,20.2,0.45,1,0.05
12168,20.15,0.6000000000000001,1,0.05
12169,20.05,0.2,1,0.05
12170,20.5,1.4500000000000004,1,0.05
12171,20.05,0.2,1,0.05
12172,20.15,0.3,1,0.05
12173,20.0,0.25,1,0.05
12174,20.2,0.45000000000000007,1,0.05
12175,-8.95,13.249999999999998,0,0.05
12176,20.1,1.05,1,0.05
12177,20.25,0.6000000000000001,1,0.05
12178,20.2,1.05,1,0.05
12179,20.1,0.25,1,0.05
12180,20.2,0.55,1,0.05
12181,20.45,1.3000000000000005,1,0.05
12182,20.3,1.1500000000000001,1,0.05
12183,20.1,0.35,1,0.05
12184,20.15,0.3,1,0.05
12185,-8.95,13.249999999999998,0,0.05
12186,20.15,0.2,1,0.05
12187,20.1,0.25,1,0.05
12188,21.1,3.3499999999999988,1,0.05
12189,20.3,0.6500000000000001,1,0.05
12190,20.35,0.9000000000000001,1,0.05
12191,20.5,-18.8,1,0.05
12192,20.15,0.2,1,0.05
12193,20.05,0.2,1,0.05
12194,20.2,1.95,1,0.05
12195,20.1,0.15000000000000002,1,0.05
12196,-8.85,13.45,0,0.05
12197,20.2,0.45,1,0.05
12198,20.1,1.4500000000000004,1,0.05
12199,20.1,0.25,1,0.05
12200,20.25,0.5000000000000001,1,0.05
12201,20.15,0.2,1,0.05
12202,20.05,0.39999999999999997,1,0.05
12203,20.1,0.35,1,0.05
12204,20.05,0.2,1,0.05
12205,20.15,0.3,1,0.05
12206,20.1,0.35,1,0.05
12207,20.1,0.25,1,0.05
12208,20.25,1.1,1,0.05
12209,20.1,0.25,1,0.05
12210,20.15,0.7000000000000001,1,0.05
12211,20.75,2.099999999999999,1,0.05
12212,20.7,2.1499999999999995,1,0.05
12213,20.15,0.3,1,0.05
12214,21.05,2.899999999999999,1,0.05
12215,20.1,0.15000000000000002,1,0.05
12216,20.05,0.2,1,0.05
12217,20.1,0.15000000000000002,1,0.05
12218,20.3,0.7500000000000001,1,0.05
12219,20.05,0.2,1,0.05
12220,20.1,0.15000000000000002,1,0.05
12221,20.1,0.25,1,0.05
12222,20.25,0.6000000000000001,1,0.05
12223,20.4,1.2500000000000002,1,0.05
12224,-9.45,12.749999999999998,0,0.05
12225,20.1,0.15000000000000002,1,0.05
12226,20.15,0.2,1,0.05
12227,-8.85,13.45,0,0.05
12228,20.15,0.2,1,0.05
12229,20.1,0.35,1,0.05
12230,20.35,-19.15,1,0.05
12231,20.45,1.4999999999999998,1,0.05
12232,20.2,0.45,1,0.05
12233,20.1,0.35000000000000003,1,0.05
12234,20.25,0.6000000000000001,1,0.05
12235,20.2,0.6500000000000001,1,0.05
12236,20.3,0.9500000000000002,1,0.05
12237,20.2,0.55,1,0.05
12238,20.05,0.2,1,0.05
12239,20.55,-17.95,1,0.05
12240,20.2,0.45,1,0.05
12241,20.2,0.6500000000000001,1,0.05
12242,20.2,0.35000000000000003,1,0.05
12243,-8.95,13.349999999999998,0,0.05
12244,20.2,0.45,1,0.05
12245,20.25,0.8000000000000002,1,0.05
12246,-9.049999999999999,13.249999999999998,0,0.05
12247,20.1,0.35,1,0.05
12248,20.3,1.1500000000000004,1,0.05
12249,20.05,0.2,1,0.05
12250,20.2,0.6500000000000001,1,0.05
12251,20.3,1.5500000000000003,1,0.05
12252,20.0,0.35,1,0.05
12253,20.0,0.7500000000000001,1,0.05
12254,20.1,0.35,1,0.05
12255,20.55,1.4999999999999998,1,0.05
12256,20.0,0.55,1,0.05
12257,20.05,0.2,1,0.05
12258,20.7,2.1499999999999995,1,0.05
12259,20.8,-17.200000000000003,1,0.05
12260,20.15,1.1000000000000003,1,0.05
12261,20.05,0.2,1,0.05
12262,20.2,-19.6,1,0.05
12263,20.25,0.5000000000000001,1,0.05
12264,20.2,0.55,1,0.05
12265,20.05,0.2,1,0.05
12266,20.25,0.6000000000000001,1,0.05
12267,20.1,0.25,1,0.05
12268,20.1,0.35000000000000003,1,0.05
12269,20.55,1.6,1,0.05
12270,20.35,0.8000000000000002,1,0.05
12271,-8.95,13.349999999999998,0,0.05
12272,19.95,0.3,1,0.05
12273,20.2,0.7500000000000001,1,0.05
12274,20.3,0.9500000000000002,1,0.05
12275,20.1,0.25,1,0.05
12276,20.1,0.35,1,0.05
12277,20.2,0.45,1,0.05
12278,20.15,0.5,1,0.05
12279,20.2,0.6500000000000001,1,0.05
12280,20.15,0.3,1,0.05
12281,20.65,2.599999999999999,1,0.05
12282,20.1,0.35,1,0.05
12283,20.1,0.25,1,0.05
12284,-8.95,13.249999999999998,0,0.05
12285,20.75,-17.95,1,0.05
12286,20.2,0.6500000000000001,1,0.05
12287,20.2,0.45,1,0.05
12288,20.2,1.4500000000000004,1,0.05
12289,20.15,0.3,1,0.05
12290,20.2,0.6500000000000001,1,0.05
12291,20.2,0.55,1,0.05
12292,-9.049999999999999,13.249999999999998,0,0.05
12293,20.45,1.9000000000000001,1,0.05
12294,20.1,0.15000000000000002,1,0.05
12295,20.0,0.45,1,0.05
12296,-9.25,12.95,0,0.05
12297,20.1,0.05,1,0.05
12298,20.05,0.3,1,0.05
12299,20.2,0.5500000000000002,1,0.05
12300,20.05,0.39999999999999997,1,0.05
12301,20.1,0.35,1,0.05
12302,20.1,0.25,1,0.05
12303,20.1,0.15000000000000002,1,0.05
12304,20.1,0.25,1,0.05
12305,20.15,0.2,1,0.05
12306,20.05,0.2,1,0.05
12307,20.45,-18.85,1,0.05
12308,20.05,0.3,1,0.05
12309,20.1,0.7500000000000001,1,0.05
12310,20.15,0.3,1,0.05
12311,20.45,1.5999999999999999,1,0.05
12312,20.25,1.1000000000000003,1,0.05
12313,20.1,0.15000000000000002,1,0.05
12314,20.2,0.45,1,0.05
12315,20.35,-18.55,1,0.05
12316,20.7,1.8499999999999999,1,0.05
12317,20.05,0.39999999999999997,1,0.05
12318,20.25,0.6000000000000001,1,0.05
12319,20.05,0.8000000000000002,1,0.05
12320,20.1,0.15000000000000002,1,0.05
12321,20.25,0.8000000000000002,1,0.05
12322,20.3,1.1500000000000001,1,0.05
12323,20.5,1.2500000000000002,1,0.05
12324,-8.75,13.549999999999999,0,0.05
12325,20.2,0.8500000000000002,1,0.05
12326,20.1,0.25,1,0.05
12327,20.15,-19.65,1,0.05
12328,20.15,0.3,1,0.05
12329,20.2,0.45,1,0.05
12330,20.2,0.45,1,0.05
12331,19.85,0.6000000000000001,1,0.05
12332,20.45,1.4000000000000001,1,0.05
12333,20.15,0.2,1,0.05
12334,20.25,0.6000000000000001,1,0.05
12335,20.0,0.45,1,0.05
12336,20.2,0.55,1,0.05
12337,20.1,0.9500000000000002,1,0.05
12338,20.45,1.8,1,0.05
12339,20.15,0.2,1,0.05
12340,20.65,2.099999999999999,1,0.05
12341,20.7,2.349999999999999,1,0.05
12342,20.85,2.899999999999999,1,0.05
12343,20.35,-18.75,1,0.05
12344,20.15,0.2,1,0.05
12345,-9.049999999999999,13.249999999999998,0,0.05
12346,20.0,0.25,1,0.05
12347,20.05,0.2,1,0.05
12348,20.1,0.25,1,0.05
12349,19.95,0.49999999999999994,1,0.05
12350,20.1,0.15000000000000002,1,0.05
12351,20.1,0.35,1,0.05
12352,20.6,1.55,1,0.05
12353,20.2,0.8500000000000001,1,0.05
12354,20.1,0.15000000000000002,1,0.05
12355,20.3,0.7500000000000001,1,0.05
12356,20.25,0.5000000000000001,1,0.05
12357,20.15,0.2,1,0.05
12358,20.15,0.2,1,0.05
12359,-8.95,13.349999999999998,0,0.05
12360,20.15,0.7000000000000001,1,0.05
12361,20.15,0.5000000000000001,1,0.05
12362,-8.95,13.349999999999998,0,0.05
12363,20.15,0.5,1,0.05
12364,20.15,0.2,1,0.05
12365,20.15,0.3,1,0.05
12366,20.1,0.25,1,0.05
12367,-9.35,12.95,0,0.05
12368,20.3,1.05,1,0.05
12369,20.1,0.35,1,0.05
12370,20.9,2.4499999999999993,1,0.05
12371,20.1,0.35,1,0.05
12372,20.2,0.45,1,0.05
12373,20.2,-19.4,1,0.05
12374,21.15,3.2999999999999985,1,0.05
12375,20.1,0.35,1,0.05
12376,20.95,3.0999999999999988,1,0.05
12377,20.4,0.9500000000000002,1,0.05
12378,20.6,1.8499999999999999,1,0.05
12379,20.2,0.45,1,0.05
12380,20.3,0.7500000000000001,1,0.05
12381,20.15,1.3,1,0.05
12382,20.1,0.35000000000000003,1,0.05
12383,20.1,0.35,1,0.05
12384,20.55,2.1999999999999997,1,0.05
12385,20.15,0.3,1,0.05
12386,20.8,2.249999999999999,1,0.05
12387,20.25,0.7000000000000002,1,0.05
12388,20.5,1.55,1,0.05
12389,20.25,0.6000000000000001,1,0.05
12390,20.1,-19.6,1,0.05
12391,20.2,0.6500000000000001,1,0.05
12392,20.1,0.25,1,0.05
12393,20.0,0.25,1,0.05
12394,20.1,0.35,1,0.05
12395,20.2,0.45,1,0.05
12396,20.2,0.45,1,0.05
12397,20.05,0.2,1,0.05
12398,20.05,1.0,1,0.05
12399,20.4,1.25,1,0.05
12400,20.2,0.6500000000000001,1,0.05
12401,20.15,0.2,1,0.05
12402,20.1,0.15000000000000002,1,0.05
12403,20.25,0.6000000000000001,1,0.05
12404,20.0,0.25,1,0.05
12405,20.55,-18.15,1,0.05
12406,20.3,0.9500000000000002,1,0.05
12407,20.1,0.55,1,0.05
12408,20.05,0.2,1,0.05
12409,20.1,0.55,1,0.05
12410,20.25,0.6000000000000001,1,0.05
12411,20.15,0.3,1,0.05
12412,20.45,1.4999999999999998,1,0.05
12413,20.6,2.2499999999999996,1,0.05
12414,20.15,0.3,1,0.05
12415,20.3,1.35,1,0.05
12416,20.5,1.55,1,0.05
12417,20.15,0.2,1,0.05
12418,20.5,1.5499999999999998,1,0.05
12419,20.15,0.6000000000000001,1,0.05
12420,20.0,0.35,1,0.05
12421,20.1,0.35,1,0.05
12422,20.1,0.35,1,0.05
12423,20.15,0.2,1,0.05
12424,20.45,2.0,1,0.05
12425,20.1,0.25,1,0.05
12426,20.15,0.3,1,0.05
12427,-8.75,13.549999999999999,0,0.05
12428,20.15,0.7000000000000001,1,0.05
12429,20.2,0.9500000000000003,1,0.05
12430,20.15,0.3,1,0.05
12431,20.5,1.95,1,0.05
12432,20.7,2.1499999999999995,1,0.05
12433,20.25,1.2,1,0.05
12434,20.1,0.25,1,0.05
12435,20.5,1.3499999999999999,1,0.05
12436,20.1,0.15000000000000002,1,0.05
12437,20.7,1.8499999999999999,1,0.05
12438,20.1,0.15000000000000002,1,0.05
12439,20.35,1.1,1,0.05
12440,20.15,0.5000000000000001,1,0.05
12441,20.3,0.6500000000000001,1,0.05
12442,20.05,0.10000000000000002,1,0.05
12443,20.1,0.35,1,0.05
12444,20.2,-19.6,1,0.05
12445,20.15,1.4000000000000001,1,0.05
12446,20.05,0.2,1,0.05
12447,20.2,1.3500000000000003,1,0.05
12448,20.9,2.4499999999999993,1,0.05
12449,20.1,0.35,1,0.05
12450,20.1,0.35,1,0.05
12451,20.1,0.25,1,0.05
12452,20.05,0.0,1,0.05
12453,20.3,0.9500000000000002,1,0.05
12454,20.4,1.1500000000000001,1,0.05
12455,20.1,0.15000000000000002,1,0.05
12456,20.1,0.15000000000000002,1,0.05
12457,20.1,0.35,1,0.05
12458,20.25,0.6000000000000001,1,0.05
12459,20.2,0.6500000000000001,1,0.05
12460,20.15,0.2,1,0.05
12461,20.15,0.5,1,0.05
12462,19.85,0.39999999999999997,1,0.05
12463,20.35,1.2,1,0.05
12464,20.45,1.2,1,0.05
12465,20.1,0.35,1,0.05
12466,20.1,0.15000000000000002,1,0.05
12467,20.45,1.4000000000000001,1,0.05
12468,20.2,0.45,1,0.05
12469,20.2,1.1500000000000004,1,0.05
12470,20.1,0.35,1,0.05
12471,20.5,1.55,1,0.05
12472,20.2,0.35000000000000003,1,0.05
12473,20.05,0.39999999999999997,1,0.05
12474,20.25,0.7000000000000002,1,0.05
12475,20.15,0.2,1,0.05
12476,20.7,2.349999999999999,1,0.05
12477,20.15,0.5000000000000001,1,0.05
12478,20.2,0.45,1,0.05
12479,20.05,0.6000000000000001,1,0.05
12480,-8.75,13.549999999999999,0,0.05
12481,20.5,1.8499999999999999,1,0.05
12482,20.25,1.4000000000000001,1,0.05
12483,20.25,0.5000000000000001,1,0.05
12484,20.1,0.35,1,0.05
12485,20.1,0.35,1,0.05
12486,20.1,0.25,1,0.05
12487,20.15,0.3,1,0.05
12488,20.15,0.2,1,0.05
12489,20.1,0.15000000000000002,1,0.05
12490,20.15,0.7000000000000001,1,0.05
12491,20.8,2.1499999999999995,1,0.05
12492,20.15,0.3,1,0.05
12493,20.1,0.35000000000000003,1,0.05
12494,20.1,0.35,1,0.05
12495,20.05,0.2,1,0.05
12496,20.15,0.5,1,0.05
12497,20.1,0.25,1,0.05
12498,20.25,0.6000000000000001,1,0.05
12499,20.1,0.15000000000000002,1,0.05
12500,20.2,0.35000000000000003,1,0.05
12501,20.2,0.45,1,0.05
12502,20.1,0.15000000000000002,1,0.05
12503,20.05,0.2,1,0.05
12504,20.5,1.8500000000000003,1,0.05
12505,20.2,1.05,1,0.05
12506,20.25,-19.25,1,0.05
12507,20.3,0.7500000000000001,1,0.05
12508,20.1,0.35,1,0.05
12509,20.25,0.9000000000000001,1,0.05
12510,20.1,0.55,1,0.05
12511,20.15,0.3,1,0.05
12512,20.1,0.25,1,0.05
12513,20.1,0.35000000000000003,1,0.05
12514,20.45,1.2,1,0.05
12515,20.1,0.25,1,0.05
12516,20.25,0.6000000000000001,1,0.05
12517,20.15,0.7000000000000001,1,0.05
12518,20.15,0.3,1,0.05
12519,20.3,1.0500000000000003,1,0.05
12520,20.75,-17.35,1,0.05
12521,20.15,-19.75,1,0.05
12522,20.15,1.0000000000000002,1,0.05
12523,20.25,0.6000000000000001,1,0.05
12524,-8.75,13.549999999999999,0,0.05
12525,20.55,1.7999999999999996,1,0.05
12526,20.1,0.35,1,0.05
12527,20.1,0.25,1,0.05
12528,20.45,1.4000000000000001,1,0.05
12529,20.15,0.5000000000000001,1,0.05
12530,20.25,0.7000000000000001,1,0.05
12531,20.15,0.2,1,0.05
12532,20.15,0.3,1,0.05
12533,20.15,0.4,1,0.05
12534,20.1,-19.4,1,0.05
12535,20.15,0.3,1,0.05
12536,-9.049999999999999,13.25,0,0.05
12537,20.1,2.349999999999999,1,0.05
12538,20.25,0.5000000000000001,1,0.05
12539,20.15,0.3,1,0.05
12540,20.2,0.55,1,0.05
12541,20.15,0.2,1,0.05
12542,20.1,0.25,1,0.05
12543,20.15,0.6000000000000001,1,0.05
12544,20.3,0.7500000000000001,1,0.05
12545,20.15,-19.75,1,0.05
12546,20.4,-18.6,1,0.05
12547,20.6,2.4499999999999984,1,0.05
12548,20.1,0.25,1,0.05
12549,20.1,0.55,1,0.05
12550,20.1,0.35,1,0.05
12551,20.35,1.5000000000000002,1,0.05
12552,20.1,0.15000000000000002,1,0.05
12553,20.15,0.7000000000000001,1,0.05
12554,20.15,0.2,1,0.05
12555,20.1,0.35,1,0.05
12556,20.1,0.15000000000000002,1,0.05
12557,20.2,0.7500000000000001,1,0.05
12558,20.15,0.5000000000000001,1,0.05
12559,20.15,0.6000000000000001,1,0.05
12560,20.2,1.1500000000000001,1,0.05
12561,20.15,0.3,1,0.05
12562,20.7,1.9499999999999995,1,0.05
12563,20.15,0.3,1,0.05
12564,-9.45,12.75,0,0.05
12565,20.15,0.7000000000000001,1,0.05
12566,20.2,-19.6,1,0.05
12567,20.4,1.4500000000000004,1,0.05
12568,20.25,0.5000000000000001,1,0.05
12569,19.95,0.5,1,0.05
12570,20.2,0.55,1,0.05
12571,20.15,0.3,1,0.05
12572,20.05,0.2,1,0.05
12573,20.2,0.6500000000000001,1,0.05
12574,20.15,0.4,1,0.05
12575,-8.85,13.45,0,0.05
12576,20.15,0.2,1,0.05
12577,20.1,0.7500000000000001,1,0.05
12578,20.15,0.7000000000000002,1,0.05
12579,20.1,0.35,1,0.05
12580,20.1,0.35,1,0.05
12581,20.15,0.7000000000000002,1,0.05
12582,20.1,0.25,1,0.05
12583,20.15,0.3,1,0.05
12584,20.15,0.5000000000000001,1,0.05
12585,20.1,0.25,1,0.05
12586,20.15,0.5,1,0.05
12587,20.1,0.25,1,0.05
12588,20.5,1.55,1,0.05
12589,-8.95,13.249999999999998,0,0.05
12590,20.1,0.15000000000000002,1,0.05
12591,20.0,0.25,1,0.05
12592,20.1,0.25,1,0.05
12593,-8.95,13.25,0,0.05
12594,20.15,0.2,1,0.05
12595,20.1,0.15000000000000002,1,0.05
12596,20.2,0.45,1,0.05
12597,-9.35,12.95,0,0.05
12598,20.15,0.9000000000000001,1,0.05
12599,20.2,0.6500000000000001,1,0.05
12600,20.05,0.2,1,0.05
12601,20.2,-19.5,1,0.05
12602,20.1,0.25,1,0.05
12603,20.15,0.3,1,0.05
12604,20.7,1.9499999999999995,1,0.05
12605,20.1,0.45,1,0.05
12606,-9.25,13.149999999999999,0,0.05
12607,-8.85,13.349999999999998,0,0.05
12608,20.0,0.45,1,0.05
12609,-10.05,12.15,0,0.05
12610,20.2,0.6500000000000001,1,0.05
12611,20.1,0.35,1,0.05
12612,20.0,0.45,1,0.05
12613,20.2,0.55,1,0.05
12614,20.15,0.2,1,0.05
12615,21.05,-17.150000000000002,1,0.05
12616,20.25,0.5000000000000001,1,0.05
12617,20.0,0.35,1,0.05
12618,20.0,0.44999999999999996,1,0.05
12619,20.25,0.6000000000000001,1,0.05
12620,20.2,0.6500000000000001,1,0.05
12621,20.3,-19.3,1,0.05
12622,20.2,0.45,1,0.05
12623,20.15,0.2,1,0.05
12624,20.05,0.7000000000000001,1,0.05
12625,20.25,0.6000000000000001,1,0.05
12626,20.1,0.25,1,0.05
12627,20.25,0.7000000000000001,1,0.05
12628,20.3,1.55,1,0.05
12629,20.1,0.25,1,0.05
12630,20.15,0.2,1,0.05
12631,20.15,0.2,1,0.05
12632,20.25,0.5000000000000001,1,0.05
12633,20.25,0.5000000000000001,1,0.05
12634,-8.95,13.249999999999998,0,0.05
12635,20.15,0.7000000000000001,1,0.05
12636,20.1,0.25,1,0.05
12637,20.2,0.6500000000000001,1,0.05
12638,20.05,-19.55,1,0.05
12639,20.4,1.2500000000000002,1,0.05
12640,20.15,0.3,1,0.05
12641,20.4,1.05,1,0.05
12642,20.1,0.05,1,0.05
12643,20.15,0.3,1,0.05
12644,20.15,0.6000000000000001,1,0.05
12645,20.2,0.55,1,0.05
12646,20.75,1.9999999999999998,1,0.05
12647,21.0,3.049999999999999,1,0.05
12648,20.1,0.25,1,0.05
12649,20.1,0.15000000000000002,1,0.05
12650,20.1,0.25,1,0.05
12651,20.25,0.6000000000000001,1,0.05
12652,20.2,0.8500000000000002,1,0.05
12653,20.1,0.25,1,0.05
12654,20.75,2.2999999999999994,1,0.05
12655,20.05,0.2,1,0.05
12656,21.05,3.199999999999999,1,0.05
12657,20.0,0.25,1,0.05
12658,20.0,0.25,1,0.05
12659,20.2,0.6500000000000001,1,0.05
12660,20.15,-19.75,1,0.05
12661,20.4,1.75,1,0.05
12662,20.1,0.35,1,0.05
12663,20.15,0.2,1,0.05
12664,20.15,0.2,1,0.05
12665,20.2,-19.4,1,0.05
12666,20.2,1.0500000000000003,1,0.05
12667,20.2,0.35000000000000003,1,0.05
12668,20.1,0.15000000000000002,1,0.05
12669,20.05,0.2,1,0.05
12670,20.05,0.2,1,0.05
12671,20.1,0.35,1,0.05
12672,20.55,2.499999999999999,1,0.05
12673,20.55,1.4000000000000001,1,0.05
12674,20.1,0.55,1,0.05
12675,20.5,1.4500000000000004,1,0.05
12676,20.2,0.45,1,0.05
12677,20.05,0.0,1,0.05
12678,-9.049999999999999,13.249999999999998,0,0.05
12679,19.9,0.35000000000000003,1,0.05
12680,20.1,0.55,1,0.05
12681,20.1,0.25,1,0.05
12682,20.1,0.55,1,0.05
12683,20.1,0.15000000000000002,1,0.05
12684,20.1,0.25,1,0.05
12685,20.1,0.25,1,0.05
12686,20.25,0.5000000000000001,1,0.05
12687,20.25,0.6000000000000001,1,0.05
12688,20.1,0.25,1,0.05
12689,-8.95,13.349999999999998,0,0.05
12690,20.2,0.9500000000000002,1,0.05
12691,20.4,-18.4,1,0.05
12692,20.1,0.25,1,0.05
12693,20.1,0.25,1,0.05
12694,20.1,0.35,1,0.05
12695,20.4,1.25,1,0.05
12696,19.9,-19.2,1,0.05
12697,20.0,0.35,1,0.05
12698,20.1,0.25,1,0.05
12699,20.1,0.05,1,0.05
12700,20.3,1.1500000000000001,1,0.05
12701,20.1,0.15000000000000002,1,0.05
12702,-8.75,13.45,0,0.05
12703,20.25,0.7000000000000001,1,0.05
12704,20.05,0.4,1,0.05
12705,20.1,0.25,1,0.05
12706,20.2,0.45,1,0.05
12707,20.45,2.3999999999999995,1,0.05
12708,20.65,2.1999999999999993,1,0.05
12709,20.05,0.2,1,0.05
12710,20.15,0.2,1,0.05
12711,20.1,0.15000000000000002,1,0.05
12712,20.35,0.9000000000000001,1,0.05
12713,20.05,0.3,1,0.05
12714,20.15,0.3,1,0.05
12715,20.05,0.3,1,0.05
12716,20.15,0.3,1,0.05
12717,20.2,0.35000000000000003,1,0.05
12718,20.1,0.25,1,0.05
12719,20.05,0.2,1,0.05
12720,20.45,1.9999999999999996,1,0.05
12721,20.15,-19.55,1,0.05
12722,20.2,-19.6,1,0.05
12723,20.2,0.45,1,0.05
12724,20.15,0.3,1,0.05
12725,-8.75,13.549999999999999,0,0.05
12726,20.15,0.2,1,0.05
12727,20.1,0.35,1,0.05
12728,20.1,0.15000000000000002,1,0.05
12729,20.65,2.2999999999999994,1,0.05
12730,20.1,0.25,1,0.05
12731,20.1,0.15000000000000002,1,0.05
12732,20.0,0.25,1,0.05
12733,20.1,0.35,1,0.05
12734,-8.95,13.349999999999998,0,0.05
12735,20.25,0.6000000000000001,1,0.05
12736,20.05,0.3,1,0.05
12737,20.1,0.35,1,0.05
12738,20.1,0.35,1,0.05
12739,20.15,0.2,1,0.05
12740,20.2,0.45,1,0.05
12741,20.15,0.2,1,0.05
12742,20.05,0.10000000000000002,1,0.05
12743,-8.75,13.549999999999999,0,0.05
12744,20.2,1.1500000000000004,1,0.05
12745,20.15,0.4,1,0.05
12746,20.15,0.2,1,0.05
12747,20.4,0.9500000000000002,1,0.05
12748,20.2,0.55,1,0.05
12749,20.2,0.6500000000000001,1,0.05
12750,20.2,0.45,1,0.05
12751,20.5,1.55,1,0.05
12752,-8.75,13.45,0,0.05
12753,20.9,2.949999999999999,1,0.05
12754,20.2,0.6500000000000001,1,0.05
12755,20.0,0.25,1,0.05
12756,20.1,0.55,1,0.05
12757,20.15,0.2,1,0.05
12758,20.25,0.6000000000000001,1,0.05
12759,20.1,0.55,1,0.05
12760,20.25,0.6000000000000001,1,0.05
12761,20.15,0.3,1,0.05
12762,20.8,-17.7,1,0.05
12763,20.3,1.55,1,0.05
12764,20.0,0.25,1,0.05
12765,20.3,1.05,1,0.05
12766,20.2,0.7500000000000002,1,0.05
12767,20.25,0.7000000000000001,1,0.05
12768,20.4,1.55,1,0.05
12769,20.05,0.2,1,0.05
12770,20.2,0.5500000000000002,1,0.05
12771,20.1,0.6500000000000001,1,0.05
12772,20.35,1.3,1,0.05
12773,20.1,0.35,1,0.05
12774,20.1,0.35,1,0.05
12775,-8.75,13.549999999999999,0,0.05
12776,20.25,0.6000000000000001,1,0.05
12777,20.3,1.55,1,0.05
12778,20.0,0.35,1,0.05
12779,20.2,0.45,1,0.05
12780,20.05,0.3,1,0.05
12781,20.1,0.25,1,0.05
12782,20.1,0.35,1,0.05
12783,20.15,0.6000000000000001,1,0.05
12784,20.1,0.15000000000000002,1,0.05
12785,20.3,1.1500000000000001,1,0.05
12786,20.3,0.9500000000000002,1,0.05
12787,20.5,1.7499999999999998,1,0.05
12788,20.15,0.30000000000000004,1,0.05
12789,20.05,0.10000000000000002,1,0.05
12790,21.0,3.1499999999999986,1,0.05
12791,20.0,0.44999999999999996,1,0.05
12792,20.35,1.0000000000000002,1,0.05
12793,20.6,1.8499999999999999,1,0.05
12794,20.9,2.649999999999999,1,0.05
12795,20.35,1.5000000000000002,1,0.05
12796,20.2,1.6500000000000001,1,0.05
12797,20.05,0.3,1,0.05
12798,20.8,2.6499999999999986,1,0.05
12799,20.1,0.35,1,0.05
12800,20.45,1.4000000000000001,1,0.05
12801,20.15,0.3,1,0.05
12802,20.25,0.6000000000000001,1,0.05
12803,20.2,0.45,1,0.05
12804,20.25,1.2000000000000004,1,0.05
12805,21.0,3.2499999999999987,1,0.05
12806,20.1,0.35000000000000003,1,0.05
12807,-8.85,13.45,0,0.05
12808,20.15,0.3,1,0.05
12809,20.7,1.9499999999999995,1,0.05
12810,20.15,0.30000000000000004,1,0.05
12811,20.05,0.4,1,0.05
12812,20.15,0.3,1,0.05
12813,20.1,0.25,1,0.05
12814,20.4,1.4500000000000004,1,0.05
12815,20.25,0.5000000000000001,1,0.05
12816,20.25,0.9000000000000001,1,0.05
12817,19.95,0.49999999999999994,1,0.05
12818,-8.75,13.45,0,0.05
12819,20.15,0.2,1,0.05
12820,20.15,0.3,1,0.05
12821,20.1,0.25,1,0.05
12822,20.25,0.5000000000000001,1,0.05
12823,20.1,0.45,1,0.05
12824,-8.95,13.349999999999998,0,0.05
12825,20.1,0.25,1,0.05
12826,20.15,0.3,1,0.05
12827,20.15,0.3,1,0.05
12828,20.95,2.899999999999999,1,0.05
12829,20.0,0.25,1,0.05
12830,20.5,1.55,1,0.05
12831,20.35,0.8000000000000002,1,0.05
12832,20.0,0.25,1,0.05
12833,21.2,3.4499999999999984,1,0.05
12834,20.2,0.45,1,0.05
12835,19.85,0.39999999999999997,1,0.05
12836,20.2,0.55,1,0.05
12837,20.25,0.5000000000000001,1,0.05
12838,20.05,0.8,1,0.05
12839,20.2,0.8500000000000001,1,0.05
12840,20.95,2.699999999999999,1,0.05
12841,20.1,0.25,1,0.05
12842,20.6,1.6499999999999997,1,0.05
12843,20.3,-18.9,1,0.05
12844,20.1,0.25,1,0.05
12845,20.25,0.6000000000000001,1,0.05
12846,20.1,0.35,1,0.05
12847,20.15,0.5,1,0.05
12848,20.2,0.55,1,0.05
12849,21.1,3.3499999999999983,1,0.05
12850,20.15,0.9000000000000001,1,0.05
12851,20.3,0.7500000000000001,1,0.05
12852,20.1,0.25,1,0.05
12853,20.55,-18.55,1,0.05
12854,20.2,0.55,1,0.05
12855,20.2,0.55,1,0.05
12856,20.2,-19.6,1,0.05
12857,20.05,0.8000000000000002,1,0.05
12858,20.05,0.8,1,0.05
12859,20.2,0.45,1,0.05
12860,20.15,0.3,1,0.05
12861,20.1,0.6500000000000001,1,0.05
12862,-8.75,13.45,0,0.05
12863,-9.15,13.049999999999999,0,0.05
12864,20.6,2.0499999999999994,1,0.05
12865,20.0,0.25,1,0.05
12866,20.2,0.6500000000000001,1,0.05
12867,20.15,0.3,1,0.05
12868,-8.95,13.249999999999998,0,0.05
12869,20.9,2.949999999999999,1,0.05
12870,-8.75,13.45,0,0.05
12871,20.05,0.2,1,0.05
12872,20.25,0.5000000000000001,1,0.05
12873,19.85,0.39999999999999997,1,0.05
12874,20.1,0.25,1,0.05
12875,20.15,0.2,1,0.05
12876,20.25,1.0000000000000002,1,0.05
12877,20.35,1.3,1,0.05
12878,20.3,1.55,1,0.05
12879,20.15,0.7000000000000001,1,0.05
12880,20.05,0.2,1,0.05
12881,20.55,1.4999999999999998,1,0.05
12882,20.15,0.5,1,0.05
12883,20.15,0.3,1,0.05
12884,20.3,1.1500000000000001,1,0.05
12885,20.15,0.3,1,0.05
12886,20.6,1.55,1,0.05
12887,20.3,0.7500000000000001,1,0.05
12888,20.2,0.45,1,0.05
12889,20.25,0.5000000000000001,1,0.05
12890,20.1,0.15000000000000002,1,0.05
12891,19.95,0.3,1,0.05
12892,20.35,0.8000000000000002,1,0.05
12893,20.15,0.7000000000000001,1,0.05
12894,20.3,1.45,1,0.05
12895,20.5,1.55,1,0.05
12896,20.1,0.35,1,0.05
12897,20.2,0.45,1,0.05
12898,20.1,0.35,1,0.05
12899,20.15,0.2,1,0.05
12900,20.1,0.25,1,0.05
12901,20.1,0.35,1,0.05
12902,20.15,0.3,1,0.05
12903,20.1,0.15000000000000002,1,0.05
12904,20.1,0.35,1,0.05
12905,20.35,1.3,1,0.05
12906,20.2,0.55,1,0.05
12907,-9.049999999999999,13.249999999999998,0,0.05
12908,20.2,0.45,1,0.05
12909,20.15,0.3,1,0.05
12910,-8.75,13.45,0,0.05
12911,20.2,0.6500000000000001,1,0.05
12912,20.1,0.25,1,0.05
12913,20.15,0.2,1,0.05
12914,20.1,0.35000000000000003,1,0.05
12915,20.05,0.39999999999999997,1,0.05
12916,20.1,0.25,1,0.05
12917,20.15,1.6000000000000003,1,0.05
12918,20.15,0.3,1,0.05
12919,20.3,0.9500000000000002,1,0.05
12920,20.1,0.25,1,0.05
12921,20.5,2.0499999999999994,1,0.05
12922,20.15,0.3,1,0.05
12923,20.2,0.6500000000000001,1,0.05
12924,20.1,0.25,1,0.05
12925,20.1,0.35,1,0.05
12926,20.05,0.2,1,0.05
12927,20.05,0.0,1,0.05
12928,-9.049999999999999,13.249999999999998,0,0.05
12929,20.1,0.15000000000000002,1,0.05
12930,20.25,0.6000000000000001,1,0.05
12931,20.15,0.2,1,0.05
12932,20.2,0.45,1,0.05
12933,20.45,1.4000000000000001,1,0.05
12934,20.1,0.35,1,0.05
12935,20.15,0.3,1,0.05
12936,20.35,1.3,1,0.05
12937,20.3,-19.3,1,0.05
12938,20.8,2.1499999999999995,1,0.05
12939,20.3,0.7500000000000001,1,0.05
12940,19.8,0.45,1,0.05
12941,20.05,0.0,1,0.05
12942,20.0,0.25,1,0.05
12943,20.1,0.35,1,0.05
12944,20.15,0.3,1,0.05
12945,20.3,0.8500000000000002,1,0.05
12946,20.0,0.25,1,0.05
12947,20.3,-19.4,1,0.05
12948,20.15,0.3,1,0.05
12949,20.4,1.45,1,0.05
12950,20.35,1.2,1,0.05
12951,20.1,0.15000000000000002,1,0.05
12952,20.2,0.6500000000000001,1,0.05
12953,20.4,0.9500000000000002,1,0.05
12954,20.2,0.55,1,0.05
12955,20.75,2.1999999999999993,1,0.05
12956,20.1,0.25,1,0.05
12957,20.15,0.2,1,0.05
12958,20.15,0.2,1,0.05
12959,20.15,0.3,1,0.05
12960,20.15,0.6000000000000001,1,0.05
12961,20.1,0.55,1,0.05
12962,20.1,0.25,1,0.05
12963,20.05,0.8,1,0.05
12964,20.1,0.25,1,0.05
12965,20.1,0.25,1,0.05
12966,20.35,0.8000000000000002,1,0.05
12967,20.45,2.0,1,0.05
12968,20.2,0.45,1,0.05
12969,20.05,0.39999999999999997,1,0.05
12970,20.85,2.399999999999999,1,0.05
12971,20.0,0.25,1,0.05
12972,20.15,0.3,1,0.05
12973,20.1,-19.7,1,0.05
12974,20.2,-19.7,1,0.05
12975,20.15,0.3,1,0.05
12976,-8.85,13.45,0,0.05
12977,20.15,0.3,1,0.05
12978,20.1,0.25,1,0.05
12979,20.2,0.45,1,0.05
12980,20.15,0.3,1,0.05
12981,20.1,0.35,1,0.05
12982,20.15,0.6000000000000001,1,0.05
12983,-8.75,13.549999999999999,0,0.05
12984,20.05,0.39999999999999997,1,0.05
12985,20.1,0.7500000000000001,1,0.05
12986,20.05,0.2,1,0.05
12987,20.25,0.5000000000000001,1,0.05
12988,20.15,-19.75,1,0.05
12989,-8.95,13.25,0,0.05
12990,20.05,0.2,1,0.05
12991,20.1,0.25,1,0.05
12992,20.25,0.8000000000000002,1,0.05
12993,20.1,0.15000000000000002,1,0.05
12994,-8.75,13.45,0,0.05
12995,20.6,2.0499999999999994,1,0.05
12996,20.35,1.0000000000000002,1,0.05
12997,20.15,0.6000000000000001,1,0.05
12998,-8.75,13.549999999999999,0,0.05
12999,20.1,0.25,1,0.05
13000,20.15,0.2,1,0.05
13001,20.65,1.9999999999999998,1,0.05
13002,20.35,1.1000000000000003,1,0.05
13003,20.55,-18.65,1,0.05
13004,-9.049999999999999,13.249999999999998,0,0.05
13005,20.3,-19.2,1,0.05
13006,20.2,0.45,1,0.05
13007,20.1,0.25,1,0.05
13008,20.2,0.45,1,0.05
13009,20.1,0.15000000000000002,1,0.05
13010,20.15,0.7000000000000001,1,0.05
13011,20.55,-17.55,1,0.05
13012,20.05,0.39999999999999997,1,0.05
13013,20.15,0.3,1,0.05
13014,20.7,1.9499999999999995,1,0.05
13015,20.15,0.5,1,0.05
13016,20.75,2.2999999999999994,1,0.05
13017,20.2,-19.6,1,0.05
13018,20.1,0.55,1,0.05
13019,20.15,0.2,1,0.05
13020,20.3,0.7500000000000001,1,0.05
13021,-8.85,13.45,0,0.05
13022,-8.95,13.349999999999998,0,0.05
13023,20.15,0.2,1,0.05
13024,20.0,0.25,1,0.05
13025,20.3,0.6500000000000001,1,0.05
13026,20.1,0.35,1,0.05
13027,20.1,0.25,1,0.05
13028,20.3,0.7500000000000001,1,0.05
13029,20.1,0.25,1,0.05
13030,20.1,0.25,1,0.05
13031,20.55,1.7,1,0.05
13032,20.2,0.55,1,0.05
13033,20.2,0.9500000000000002,1,0.05
13034,20.15,0.2,1,0.05
13035,20.0,0.65,1,0.05
13036,20.05,0.2,1,0.05
13037,20.2,0.9500000000000002,1,0.05
13038,20.25,0.5000000000000001,1,0.05
13039,20.0,0.25,1,0.05
13040,19.95,0.39999999999999997,1,0.05
13041,-8.85,13.45,0,0.05
13042,20.2,0.6500000000000001,1,0.05
13043,-8.75,13.45,0,0.05
13044,20.15,0.2,1,0.05
13045,20.15,0.3,1,0.05
13046,20.45,1.5999999999999999,1,0.05
13047,20.1,0.35,1,0.05
13048,20.0,-19.5,1,0.05
13049,20.7,1.9499999999999995,1,0.05
13050,20.25,1.0000000000000002,1,0.05
13051,20.1,0.25,1,0.05
13052,20.15,0.3,1,0.05
13053,20.05,0.2,1,0.05
13054,20.2,0.45,1,0.05
13055,20.15,0.3,1,0.05
13056,20.6,2.0499999999999994,1,0.05
13057,20.2,0.55,1,0.05
13058,20.15,0.3,1,0.05
13059,20.15,0.2,1,0.05
13060,20.15,0.3,1,0.05
13061,20.1,0.15000000000000002,1,0.05
13062,20.1,0.25,1,0.05
13063,20.35,1.7,1,0.05
13064,20.15,0.3,1,0.05
13065,20.1,0.35,1,0.05
13066,20.15,0.3,1,0.05
13067,20.3,0.8500000000000002,1,0.05
13068,20.2,1.45,1,0.05
13069,20.25,0.6000000000000001,1,0.05
13070,20.15,0.3,1,0.05
13071,20.1,0.25,1,0.05
13072,20.8,2.249999999999999,1,0.05
13073,20.05,0.2,1,0.05
13074,20.3,1.05,1,0.05
13075,20.2,0.55,1,0.05
13076,20.1,0.25,1,0.05
13077,20.1,0.55,1,0.05
13078,20.1,0.25,1,0.05
13079,20.15,0.9000000000000001,1,0.05
13080,20.15,0.3,1,0.05
13081,20.45,2.0,1,0.05
13082,20.1,0.25000000000000006,1,0.05
13083,20.1,0.05,1,0.05
13084,20.05,0.2,1,0.05
13085,20.1,0.25,1,0.05
13086,20.2,0.55,1,0.05
13087,-9.049999999999999,13.149999999999999,0,0.05
13088,20.25,0.9000000000000002,1,0.05
13089,20.35,1.3,1,0.05
13090,20.1,0.25,1,0.05
13091,20.3,0.7500000000000001,1,0.05
13092,20.1,0.15000000000000002,1,0.05
13093,20.15,0.3,1,0.05
13094,20.2,0.55,1,0.05
13095,20.45,1.3,1,0.05
13096,20.05,0.6000000000000001,1,0.05
13097,-9.85,12.35,0,0.05
13098,20.1,0.35,1,0.05
13099,20.2,0.45,1,0.05
13100,20.15,0.3,1,0.05
13101,20.15,0.4,1,0.05
13102,20.7,1.9499999999999995,1,0.05
13103,20.1,0.35,1,0.05
13104,20.15,0.3,1,0.05
13105,19.95,0.3,1,0.05
13106,20.2,0.45,1,0.05
13107,20.05,0.3,1,0.05
13108,20.05,0.39999999999999997,1,0.05
13109,20.1,0.25,1,0.05
13110,20.15,0.3,1,0.05
13111,20.4,1.55,1,0.05
13112,20.4,0.9500000000000002,1,0.05
13113,20.2,0.6500000000000001,1,0.05
13114,-8.85,13.349999999999998,0,0.05
13115,20.25,0.8000000000000002,1,0.05
13116,20.1,0.35,1,0.05
13117,20.2,0.45,1,0.05
13118,20.1,0.25,1,0.05
13119,20.15,0.5000000000000001,1,0.05
13120,20.0,0.35,1,0.05
13121,20.1,0.35,1,0.05
13122,20.1,0.35,1,0.05
13123,20.2,0.6500000000000001,1,0.05
13124,20.7,1.9499999999999995,1,0.05
13125,20.1,0.25,1,0.05
13126,20.5,1.55,1,0.05
13127,20.2,0.55,1,0.05
13128,20.15,0.3,1,0.05
13129,20.05,0.3,1,0.05
13130,20.15,0.6000000000000001,1,0.05
13131,20.5,1.55,1,0.05
13132,20.75,2.8999999999999986,1,0.05
13133,20.05,0.6000000000000001,1,0.05
13134,20.0,0.25,1,0.05
13135,20.05,0.2,1,0.05
13136,20.1,0.15000000000000002,1,0.05
13137,20.6,1.95,1,0.05
13138,20.0,0.25,1,0.05
13139,20.15,1.2000000000000004,1,0.05
13140,20.2,0.8500000000000001,1,0.05
13141,20.3,1.3500000000000003,1,0.05
13142,20.0,0.25,1,0.05
13143,19.95,-0.1,1,0.05
13144,20.25,0.5000000000000001,1,0.05
13145,20.1,-19.0,1,0.05
13146,20.3,0.9500000000000002,1,0.05
13147,20.1,0.15000000000000002,1,0.05
13148,20.25,-19.55,1,0.05
13149,20.9,2.8499999999999988,1,0.05
13150,20.15,0.7000000000000001,1,0.05
13151,20.1,0.25,1,0.05
13152,20.25,0.9000000000000001,1,0.05
13153,20.1,0.35,1,0.05
13154,-9.15,13.349999999999998,0,0.05
13155,20.1,0.35,1,0.05
13156,20.15,0.7000000000000001,1,0.05
13157,20.15,0.3,1,0.05
13158,20.1,0.25,1,0.05
13159,20.1,0.15000000000000002,1,0.05
13160,20.05,0.39999999999999997,1,0.05
13161,20.1,0.55,1,0.05
13162,20.2,0.6500000000000001,1,0.05
13163,20.05,0.2,1,0.05
13164,-8.95,13.349999999999998,0,0.05
13165,20.2,0.45,1,0.05
13166,20.15,0.3,1,0.05
13167,20.25,0.5000000000000001,1,0.05
13168,20.2,0.45,1,0.05
13169,20.45,1.1000000000000003,1,0.05
13170,20.4,1.2500000000000002,1,0.05
13171,21.1,3.1499999999999986,1,0.05
13172,-8.95,13.349999999999998,0,0.05
13173,20.1,0.15000000000000002,1,0.05
13174,20.7,1.9499999999999995,1,0.05
13175,-9.049999999999999,13.249999999999998,0,0.05
13176,20.1,0.05,1,0.05
13177,20.1,0.25,1,0.05
13178,20.1,0.55,1,0.05
13179,20.5,1.4500000000000004,1,0.05
13180,20.1,0.15000000000000002,1,0.05
13181,20.15,0.3,1,0.05
13182,20.15,0.2,1,0.05
13183,20.2,0.55,1,0.05
13184,20.5,1.4500000000000004,1,0.05
13185,20.1,0.25,1,0.05
13186,20.15,0.9000000000000001,1,0.05
13187,20.2,0.45,1,0.05
13188,20.05,0.6000000000000001,1,0.05
13189,20.1,0.25,1,0.05
13190,20.15,0.7000000000000001,1,0.05
13191,20.15,0.6000000000000001,1,0.05
13192,20.25,0.5000000000000001,1,0.05
13193,20.85,2.399999999999999,1,0.05
13194,20.1,0.35,1,0.05
13195,20.25,0.6000000000000001,1,0.05
13196,20.4,1.05,1,0.05
13197,20.1,0.35,1,0.05
13198,20.15,0.3,1,0.05
13199,20.3,0.7500000000000001,1,0.05
13200,20.15,-19.75,1,0.05
13201,20.1,0.15000000000000002,1,0.05
13202,20.2,0.35000000000000003,1,0.05
13203,20.25,0.9000000000000002,1,0.05
13204,20.1,0.35,1,0.05
13205,20.1,0.35,1,0.05
13206,20.15,0.6000000000000001,1,0.05
13207,20.3,1.3500000000000005,1,0.05
13208,20.2,0.6500000000000001,1,0.05
13209,20.15,0.30000000000000004,1,0.05
13210,20.0,0.15000000000000002,1,0.05
13211,20.15,0.3,1,0.05
13212,20.2,0.45,1,0.05
13213,20.05,0.2,1,0.05
13214,20.25,1.0000000000000002,1,0.05
13215,20.05,0.3,1,0.05
13216,20.1,0.35,1,0.05
13217,20.15,0.3,1,0.05
13218,20.1,0.25,1,0.05
13219,20.1,0.35,1,0.05
13220,20.15,0.4,1,0.05
13221,20.4,1.4500000000000002,1,0.05
13222,20.2,0.55,1,0.05
13223,20.1,0.15000000000000002,1,0.05
13224,20.3,0.9500000000000002,1,0.05
13225,20.2,0.7500000000000001,1,0.05
13226,20.05,0.2,1,0.05
13227,20.1,-19.8,1,0.05
13228,20.05,0.6000000000000002,1,0.05
13229,20.2,0.45,1,0.05
13230,20.15,0.3,1,0.05
13231,20.05,0.6000000000000001,1,0.05
13232,20.1,0.25,1,0.05
13233,20.0,0.05,1,0.05
13234,20.15,0.2,1,0.05
13235,20.05,0.2,1,0.05
13236,20.15,0.2,1,0.05
13237,20.2,0.9500000000000002,1,0.05
13238,20.1,0.35,1,0.05
13239,-8.75,13.549999999999999,0,0.05
13240,-8.85,13.349999999999998,0,0.05
13241,20.2,0.9500000000000003,1,0.05
13242,20.3,1.1500000000000001,1,0.05
13243,20.05,0.2,1,0.05
13244,20.05,0.2,1,0.05
13245,20.1,0.55,1,0.05
13246,20.7,2.3499999999999996,1,0.05
13247,20.2,0.45,1,0.05
13248,20.35,1.5000000000000002,1,0.05
13249,20.75,2.2999999999999994,1,0.05
13250,20.15,0.2,1,0.05
13251,20.0,0.35,1,0.05
13252,-8.85,13.45,0,0.05
13253,20.05,0.3,1,0.05
13254,20.05,0.3,1,0.05
13255,20.15,0.6000000000000001,1,0.05
13256,20.15,0.3,1,0.05
13257,20.15,0.3,1,0.05
13258,20.05,0.2,1,0.05
13259,20.2,0.55,1,0.05
13260,20.25,0.5000000000000001,1,0.05
13261,20.1,0.35,1,0.05
13262,20.2,0.9500000000000003,1,0.05
13263,19.95,0.3,1,0.05
13264,20.05,1.0,1,0.05
13265,20.1,0.35,1,0.05
13266,20.15,0.7000000000000001,1,0.05
13267,20.0,0.44999999999999996,1,0.05
13268,20.35,0.9000000000000001,1,0.05
13269,20.15,-19.75,1,0.05
13270,20.25,0.5000000000000001,1,0.05
13271,20.2,0.55,1,0.05
13272,20.25,0.6000000000000001,1,0.05
13273,20.1,0.35,1,0.05
13274,20.35,1.3,1,0.05
13275,20.1,0.05,1,0.05
13276,20.15,0.3,1,0.05
13277,20.15,0.3,1,0.05
13278,20.75,2.1999999999999993,1,0.05
13279,20.1,0.55,1,0.05
13280,20.15,0.3,1,0.05
13281,20.05,0.6000000000000001,1,0.05
13282,20.1,0.35,1,0.05
13283,20.25,0.8000000000000002,1,0.05
13284,20.3,0.7500000000000001,1,0.05
13285,20.15,0.6000000000000001,1,0.05
13286,20.15,0.3,1,0.05
13287,20.1,0.15000000000000002,1,0.05
13288,-8.75,13.549999999999999,0,0.05
13289,20.05,0.2,1,0.05
13290,20.2,0.45,1,0.05
13291,20.1,0.15000000000000002,1,0.05
13292,20.2,0.6500000000000001,1,0.05
13293,20.4,2.2499999999999996,1,0.05
13294,20.25,1.4000000000000001,1,0.05
13295,20.15,0.3,1,0.05
13296,-8.75,13.549999999999999,0,0.05
13297,20.35,1.0,1,0.05
13298,20.15,0.7000000000000001,1,0.05
13299,20.1,0.25,1,0.05
13300,20.15,0.3,1,0.05
13301,-9.15,13.149999999999999,0,0.05
13302,20.75,2.799999999999999,1,0.05
13303,20.65,1.9999999999999998,1,0.05
13304,20.3,0.8500000000000001,1,0.05
13305,20.2,0.6500000000000001,1,0.05
13306,19.65,1.4000000000000001,1,0.05
13307,20.15,0.3,1,0.05
13308,20.1,0.25,1,0.05
13309,20.15,0.2,1,0.05
13310,-9.35,12.95,0,0.05
13311,20.15,0.7000000000000002,1,0.05
13312,20.15,0.6000000000000001,1,0.05
13313,20.1,0.25,1,0.05
13314,20.0,0.35,1,0.05
13315,20.45,1.6999999999999997,1,0.05
13316,20.2,0.55,1,0.05
13317,20.9,3.1499999999999986,1,0.05
13318,20.35,1.1,1,0.05
13319,20.35,1.3,1,0.05
13320,20.2,0.55,1,0.05
13321,20.3,0.7500000000000001,1,0.05
13322,20.05,0.2,1,0.05
13323,20.1,0.35,1,0.05
13324,20.15,0.3,1,0.05
13325,20.15,0.3,1,0.05
13326,20.2,0.55,1,0.05
13327,20.25,0.6000000000000001,1,0.05
13328,20.2,0.55,1,0.05
13329,-9.049999999999999,13.45,0,0.05
13330,20.15,0.2,1,0.05
13331,20.15,0.7000000000000001,1,0.05
13332,20.2,1.5500000000000005,1,0.05
13333,20.15,0.4,1,0.05
13334,20.25,0.7000000000000001,1,0.05
13335,20.25,0.5000000000000001,1,0.05
13336,19.95,0.3,1,0.05
13337,20.15,0.3,1,0.05
13338,20.15,0.3,1,0.05
13339,20.15,0.4,1,0.05
13340,20.2,0.6500000000000001,1,0.05
13341,20.05,0.2,1,0.05
13342,20.15,0.2,1,0.05
13343,20.05,0.2,1,0.05
13344,-9.15,13.149999999999999,0,0.05
13345,20.05,0.3,1,0.05
13346,19.95,0.3,1,0.05
13347,20.35,1.3000000000000003,1,0.05
13348,20.2,0.5500000000000002,1,0.05
13349,20.1,0.25,1,0.05
13350,20.1,0.25,1,0.05
13351,20.0,0.25,1,0.05
13352,20.0,0.25,1,0.05
13353,20.2,0.6500000000000001,1,0.05
13354,20.15,0.3,1,0.05
13355,20.1,0.25,1,0.05
13356,-8.95,13.249999999999998,0,0.05
13357,19.95,0.3,1,0.05
13358,-8.95,13.349999999999998,0,0.05
13359,20.1,0.25,1,0.05
13360,20.0,0.35,1,0.05
13361,20.25,0.8000000000000002,1,0.05
13362,20.0,0.25,1,0.05
13363,20.15,0.3,1,0.05
13364,20.3,1.05,1,0.05
13365,20.1,0.15000000000000002,1,0.05
13366,20.1,-19.8,1,0.05
13367,20.15,0.6000000000000001,1,0.05
13368,-10.65,11.65,0,0.05
13369,-9.15,13.149999999999999,0,0.05
13370,20.0,0.44999999999999996,1,0.05
13371,20.55,1.8999999999999997,1,0.05
13372,20.85,2.799999999999999,1,0.05
13373,20.2,0.6500000000000001,1,0.05
13374,20.3,0.9500000000000002,1,0.05
13375,20.1,0.35,1,0.05
13376,20.05,0.4,1,0.05
13377,20.15,0.7000000000000001,1,0.05
13378,-8.75,13.45,0,0.05
13379,20.1,-19.9,1,0.05
13380,20.1,0.55,1,0.05
13381,20.2,0.35000000000000003,1,0.05
13382,20.05,0.3,1,0.05
13383,20.25,0.5000000000000001,1,0.05
13384,20.2,1.1500000000000001,1,0.05
13385,20.15,0.2,1,0.05
13386,20.2,0.45,1,0.05
13387,20.05,-19.75,1,0.05
13388,20.15,0.3,1,0.05
13389,20.1,0.05,1,0.05
13390,-8.75,13.549999999999999,0,0.05
13391,20.2,0.8500000000000002,1,0.05
13392,20.2,0.45,1,0.05
13393,20.15,0.7000000000000001,1,0.05
13394,20.1,0.35,1,0.05
13395,20.1,0.25,1,0.05
13396,20.15,0.4,1,0.05
13397,20.15,0.3,1,0.05
13398,20.35,1.3,1,0.05
13399,20.3,0.7500000000000001,1,0.05
13400,20.25,0.9000000000000001,1,0.05
13401,20.1,0.15000000000000002,1,0.05
13402,20.1,0.25,1,0.05
13403,-9.15,13.049999999999999,0,0.05
13404,20.15,0.7000000000000001,1,0.05
13405,20.1,0.25,1,0.05
13406,20.05,0.0,1,0.05
13407,20.25,0.5000000000000001,1,0.05
13408,20.1,0.35,1,0.05
13409,20.1,0.25,1,0.05
13410,20.05,0.2,1,0.05
13411,20.1,0.15000000000000002,1,0.05
13412,-8.85,13.349999999999998,0,0.05
13413,20.05,0.2,1,0.05
13414,20.1,0.15000000000000002,1,0.05
13415,20.1,0.25,1,0.05
13416,19.95,0.3,1,0.05
13417,20.95,2.699999999999999,1,0.05
13418,20.1,0.15000000000000002,1,0.05
13419,20.0,0.25,1,0.05
13420,20.25,0.8000000000000002,1,0.05
13421,20.05,0.0,1,0.05
13422,20.1,0.15000000000000002,1,0.05
13423,20.1,0.35,1,0.05
13424,-9.35,12.95,0,0.05
13425,-9.15,13.149999999999999,0,0.05
13426,20.15,0.2,1,0.05
13427,20.3,0.7500000000000001,1,0.05
13428,20.05,0.0,1,0.05
13429,-8.85,13.45,0,0.05
13430,20.7,2.549999999999999,1,0.05
13431,20.1,-19.8,1,0.05
13432,20.35,0.8000000000000002,1,0.05
13433,20.05,0.2,1,0.05
13434,20.1,0.15000000000000002,1,0.05
13435,20.05,-19.55,1,0.05
13436,20.2,0.55,1,0.05
13437,-9.15,13.149999999999999,0,0.05
13438,20.15,0.6000000000000001,1,0.05
13439,20.2,0.8500000000000002,1,0.05
13440,20.3,1.4500000000000004,1,0.05
13441,20.15,1.4000000000000001,1,0.05
13442,20.1,0.25,1,0.05
13443,-8.75,13.549999999999999,0,0.05
13444,20.15,0.3,1,0.05
13445,20.1,0.35,1,0.05
13446,20.1,0.35000000000000003,1,0.05
13447,20.2,0.35000000000000003,1,0.05
13448,20.2,0.55,1,0.05
13449,20.25,0.5000000000000001,1,0.05
13450,20.0,0.45,1,0.05
13451,20.15,0.6000000000000001,1,0.05
13452,-8.95,13.249999999999998,0,0.05
13453,20.35,0.8000000000000002,1,0.05
13454,20.15,0.6000000000000001,1,0.05
13455,20.1,0.25,1,0.05
13456,20.25,0.5000000000000001,1,0.05
13457,20.15,0.7000000000000001,1,0.05
13458,-8.75,13.45,0,0.05
13459,20.2,0.45,1,0.05
13460,20.15,0.3,1,0.05
13461,20.1,0.15000000000000002,1,0.05
13462,20.15,0.3,1,0.05
13463,20.15,0.3,1,0.05
13464,20.05,0.3,1,0.05
13465,20.4,2.05,1,0.05
13466,20.4,1.05,1,0.05
13467,20.1,0.25,1,0.05
13468,20.05,0.2,1,0.05
13469,20.2,0.8500000000000001,1,0.05
13470,20.1,0.35000000000000003,1,0.05
13471,20.75,2.399999999999999,1,0.05
13472,-8.85,13.45,0,0.05
13473,20.1,0.25,1,0.05
13474,20.15,0.2,1,0.05
13475,20.1,0.35,1,0.05
13476,20.1,0.25,1,0.05
13477,-9.049999999999999,13.149999999999999,0,0.05
13478,20.1,0.25,1,0.05
13479,20.1,0.35,1,0.05
13480,20.1,0.35,1,0.05
13481,20.2,1.55,1,0.05
13482,-8.85,13.349999999999998,0,0.05
13483,20.15,0.3,1,0.05
13484,20.2,0.45,1,0.05
13485,20.0,0.25,1,0.05
13486,20.05,0.5,1,0.05
13487,20.05,-19.25,1,0.05
13488,20.15,0.3,1,0.05
13489,20.2,0.35000000000000003,1,0.05
13490,20.15,0.2,1,0.05
13491,20.15,0.3,1,0.05
13492,20.15,0.2,1,0.05
13493,20.1,0.35,1,0.05
13494,20.15,0.3,1,0.05
13495,20.15,0.2,1,0.05
13496,20.2,0.45,1,0.05
13497,20.3,1.05,1,0.05
13498,20.05,0.10000000000000002,1,0.05
13499,20.1,0.15000000000000002,1,0.05
13500,20.5,1.2500000000000002,1,0.05
13501,20.3,1.3499999999999999,1,0.05
13502,20.4,1.2500000000000002,1,0.05
13503,20.2,0.45,1,0.05
13504,20.15,0.2,1,0.05
13505,20.15,0.3,1,0.05
13506,21.05,3.1999999999999984,1,0.05
13507,20.1,0.25,1,0.05
13508,20.15,0.7000000000000001,1,0.05
13509,20.15,0.3,1,0.05
13510,20.45,1.3,1,0.05
13511,-8.85,13.349999999999998,0,0.05
13512,20.5,1.55,1,0.05
13513,20.05,0.39999999999999997,1,0.05
13514,20.1,0.15000000000000002,1,0.05
13515,20.15,0.3,1,0.05
13516,20.15,0.2,1,0.05
13517,20.0,0.05,1,0.05
13518,20.15,0.3,1,0.05
13519,-8.85,13.349999999999998,0,0.05
13520,20.15,0.3,1,0.05
13521,20.2,1.3500000000000003,1,0.05
13522,20.1,0.25,1,0.05
13523,20.2,0.45,1,0.05
13524,20.45,1.4000000000000001,1,0.05
13525,20.05,0.2,1,0.05
13526,20.15,0.2,1,0.05
13527,20.65,1.7,1,0.05
13528,20.45,1.1000000000000003,1,0.05
13529,20.1,0.25,1,0.05
13530,20.4,1.6500000000000001,1,0.05
13531,20.25,0.5000000000000001,1,0.05
13532,20.2,0.8500000000000001,1,0.05
13533,20.8,2.649999999999999,1,0.05
13534,20.15,0.2,1,0.05
13535,20.4,1.05,1,0.05
13536,20.1,0.35,1,0.05
13537,20.1,-19.9,1,0.05
13538,20.3,0.7500000000000001,1,0.05
13539,20.05,0.2,1,0.05
13540,20.0,0.35,1,0.05
13541,20.3,0.7500000000000001,1,0.05
13542,20.2,-19.6,1,0.05
13543,20.5,1.3499999999999999,1,0.05
13544,20.3,1.7500000000000002,1,0.05
13545,20.15,0.2,1,0.05
13546,20.2,0.7500000000000001,1,0.05
13547,20.1,0.35,1,0.05
13548,20.25,0.5000000000000001,1,0.05
13549,20.1,0.25,1,0.05
13550,20.5,1.55,1,0.05
13551,-8.75,13.549999999999999,0,0.05
13552,20.15,0.3,1,0.05
13553,20.15,0.3,1,0.05
13554,21.0,2.8499999999999988,1,0.05
13555,20.15,0.3,1,0.05
13556,20.1,0.25,1,0.05
13557,20.05,0.3,1,0.05
13558,20.2,0.6500000000000001,1,0.05
13559,20.55,1.8,1,0.05
13560,20.1,0.6500000000000001,1,0.05
13561,20.1,0.35,1,0.05
13562,20.1,0.35,1,0.05
13563,20.15,0.3,1,0.05
13564,20.0,0.35,1,0.05
13565,20.15,0.2,1,0.05
13566,20.55,1.4999999999999998,1,0.05
13567,20.1,0.35000000000000003,1,0.05
13568,20.1,0.25,1,0.05
13569,20.1,0.25,1,0.05
13570,20.25,-19.45,1,0.05
13571,20.15,0.3,1,0.05
13572,20.2,0.55,1,0.05
13573,20.15,0.2,1,0.05
13574,20.15,0.3,1,0.05
13575,20.1,0.25,1,0.05
13576,21.1,3.1499999999999986,1,0.05
13577,20.2,0.8500000000000001,1,0.05
13578,20.35,1.3,1,0.05
13579,20.1,0.15000000000000002,1,0.05
13580,20.25,0.6000000000000001,1,0.05
13581,20.05,0.3,1,0.05
13582,20.05,0.2,1,0.05
13583,20.2,0.45,1,0.05
13584,20.3,-19.3,1,0.05
13585,20.15,0.30000000000000004,1,0.05
13586,20.3,1.4500000000000004,1,0.05
13587,20.2,0.55,1,0.05
13588,20.15,0.5000000000000001,1,0.05
13589,20.1,-19.3,1,0.05
13590,20.4,-19.0,1,0.05
13591,20.1,-19.7,1,0.05
13592,20.45,1.3,1,0.05
13593,20.15,0.3,1,0.05
13594,20.1,0.25,1,0.05
13595,20.1,0.25,1,0.05
13596,20.05,0.2,1,0.05
13597,20.05,0.2,1,0.05
13598,20.05,0.8000000000000002,1,0.05
13599,20.0,0.35,1,0.05
13600,20.05,0.2,1,0.05
13601,20.2,0.45,1,0.05
13602,20.1,0.35,1,0.05
13603,20.15,0.3,1,0.05
13604,20.1,0.25,1,0.05
13605,20.0,0.25,1,0.05
13606,20.6,1.8499999999999999,1,0.05
13607,20.9,2.7499999999999987,1,0.05
13608,20.1,0.25,1,0.05
13609,20.3,0.7500000000000001,1,0.05
13610,20.05,0.39999999999999997,1,0.05
13611,20.15,0.3,1,0.05
13612,20.2,0.55,1,0.05
13613,20.1,-19.7,1,0.05
13614,20.05,0.2,1,0.05
13615,20.1,0.15000000000000002,1,0.05
13616,20.1,0.25,1,0.05
13617,20.15,0.6000000000000001,1,0.05
13618,20.1,0.35,1,0.05
13619,20.2,0.35000000000000003,1,0.05
13620,20.1,0.15000000000000002,1,0.05
13621,20.0,0.25,1,0.05
13622,20.1,0.25,1,0.05
13623,20.1,0.35,1,0.05
13624,20.35,-19.25,1,0.05
13625,20.1,0.35,1,0.05
13626,20.15,0.6000000000000001,1,0.05
13627,20.15,0.5000000000000001,1,0.05
13628,20.05,0.8,1,0.05
13629,20.6,2.0499999999999994,1,0.05
13630,20.25,0.5000000000000001,1,0.05
13631,19.95,0.49999999999999994,1,0.05
13632,20.15,0.3,1,0.05
13633,20.1,0.45,1,0.05
13634,20.15,0.3,1,0.05
13635,20.45,1.6000000000000003,1,0.05
13636,20.15,0.3,1,0.05
13637,20.15,0.2,1,0.05
13638,20.25,0.5000000000000001,1,0.05
13639,20.1,0.15000000000000002,1,0.05
13640,20.05,0.2,1,0.05
13641,20.1,0.25,1,0.05
13642,20.0,0.25,1,0.05
13643,19.95,0.5,1,0.05
13644,20.1,0.25,1,0.05
13645,20.25,0.5000000000000001,1,0.05
13646,20.05,0.4,1,0.05
13647,20.05,0.0,1,0.05
13648,20.1,0.25,1,0.05
13649,20.1,0.15000000000000002,1,0.05
13650,20.35,0.9000000000000001,1,0.05
13651,-8.85,13.45,0,0.05
13652,-9.049999999999999,13.249999999999998,0,0.05
13653,20.6,1.7500000000000002,1,0.05
13654,20.15,0.3,1,0.05
13655,20.05,-19.85,1,0.05
13656,20.3,-19.3,1,0.05
13657,-8.95,13.349999999999998,0,0.05
13658,20.0,0.44999999999999996,1,0.05
13659,20.15,0.7000000000000001,1,0.05
13660,20.1,0.55,1,0.05
13661,-8.85,13.45,0,0.05
13662,20.1,0.15000000000000002,1,0.05
13663,20.15,0.3,1,0.05
13664,20.4,1.45,1,0.05
13665,20.1,0.15000000000000002,1,0.05
13666,20.4,0.9500000000000002,1,0.05
13667,20.05,0.5,1,0.05
13668,20.55,1.4999999999999998,1,0.05
13669,20.15,0.3,1,0.05
13670,20.25,0.5000000000000001,1,0.05
13671,20.1,0.25,1,0.05
13672,20.15,0.3,1,0.05
13673,20.5,1.7499999999999998,1,0.05
13674,20.05,0.2,1,0.05
13675,20.15,-19.65,1,0.05
13676,20.2,0.8500000000000001,1,0.05
13677,20.2,0.45,1,0.05
13678,20.15,0.3,1,0.05
13679,20.1,0.35,1,0.05
13680,20.25,0.5000000000000001,1,0.05
13681,20.2,0.45,1,0.05
13682,20.2,0.45,1,0.05
13683,20.15,0.2,1,0.05
13684,20.15,0.7000000000000001,1,0.05
13685,20.05,0.39999999999999997,1,0.05
13686,20.1,0.25,1,0.05
13687,20.1,0.25,1,0.05
13688,20.55,1.4000000000000001,1,0.05
13689,20.45,2.299999999999999,1,0.05
13690,20.2,0.55,1,0.05
13691,20.3,0.7500000000000001,1,0.05
13692,20.0,0.25,1,0.05
13693,20.05,0.2,1,0.05
13694,19.9,0.35,1,0.05
13695,20.1,0.15000000000000002,1,0.05
13696,20.2,0.55,1,0.05
13697,20.0,0.6500000000000001,1,0.05
13698,20.2,0.55,1,0.05
13699,20.15,0.2,1,0.05
13700,19.95,0.2,1,0.05
13701,20.15,0.3,1,0.05
13702,20.05,0.2,1,0.05
13703,20.35,1.1000000000000003,1,0.05
13704,20.2,-19.6,1,0.05
13705,20.15,0.3,1,0.05
13706,20.1,0.25,1,0.05
13707,20.15,0.2,1,0.05
13708,20.1,0.25,1,0.05
13709,20.1,0.45,1,0.05
13710,20.0,0.44999999999999996,1,0.05
13711,20.3,1.3499999999999999,1,0.05
13712,20.2,0.55,1,0.05
13713,20.25,0.9000000000000001,1,0.05
13714,20.9,3.049999999999999,1,0.05
13715,20.1,0.25,1,0.05
13716,20.05,0.3,1,0.05
13717,20.45,1.4000000000000001,1,0.05
13718,20.15,0.2,1,0.05
13719,20.4,1.2500000000000002,1,0.05
13720,20.3,0.7500000000000001,1,0.05
13721,20.9,2.549999999999999,1,0.05
13722,20.3,1.0500000000000003,1,0.05
13723,20.15,0.3,1,0.05
13724,20.0,0.6500000000000001,1,0.05
13725,20.05,0.2,1,0.05
13726,19.95,0.10000000000000002,1,0.05
13727,20.2,0.45,1,0.05
13728,20.15,0.3,1,0.05
13729,20.25,-19.25,1,0.05
13730,20.2,0.45,1,0.05
13731,20.1,0.25,1,0.05
13732,20.2,0.6500000000000001,1,0.05
13733,20.05,0.4,1,0.05
13734,-9.049999999999999,13.349999999999998,0,0.05
13735,20.4,1.05,1,0.05
13736,20.0,0.25,1,0.05
13737,20.15,0.2,1,0.05
13738,20.3,1.05,1,0.05
13739,20.1,0.25,1,0.05
13740,20.35,1.1000000000000003,1,0.05
13741,20.15,0.6000000000000001,1,0.05
13742,-8.95,13.249999999999998,0,0.05
13743,20.15,0.6000000000000001,1,0.05
13744,20.15,0.2,1,0.05
13745,20.05,0.3,1,0.05
13746,20.2,0.45,1,0.05
13747,20.1,0.25,1,0.05
13748,20.1,0.35,1,0.05
13749,20.2,0.6500000000000001,1,0.05
13750,20.35,0.9000000000000001,1,0.05
13751,20.25,0.6000000000000001,1,0.05
13752,20.05,0.2,1,0.05
13753,20.15,0.3,1,0.05
13754,20.1,0.35,1,0.05
13755,20.15,0.6000000000000001,1,0.05
13756,20.1,0.15000000000000002,1,0.05
13757,20.7,1.8499999999999999,1,0.05
13758,20.2,0.45,1,0.05
13759,20.1,0.25,1,0.05
13760,20.1,0.25,1,0.05
13761,19.9,0.15000000000000002,1,0.05
13762,-9.049999999999999,13.249999999999998,0,0.05
13763,20.95,2.9999999999999987,1,0.05
13764,-8.85,13.45,0,0.05
13765,20.2,0.45000000000000007,1,0.05
13766,20.2,0.8500000000000002,1,0.05
13767,20.1,0.5500000000000002,1,0.05
13768,20.45,-18.75,1,0.05
13769,20.1,0.15000000000000002,1,0.05
13770,20.0,0.44999999999999996,1,0.05
13771,20.2,0.55,1,0.05
13772,20.5,1.4500000000000004,1,0.05
13773,20.05,0.7000000000000001,1,0.05
13774,20.85,2.9999999999999987,1,0.05
13775,20.2,0.55,1,0.05
13776,20.35,0.9000000000000001,1,0.05
13777,-8.75,13.549999999999999,0,0.05
13778,20.15,0.3,1,0.05
13779,20.15,0.2,1,0.05
13780,20.05,0.2,1,0.05
13781,20.15,0.2,1,0.05
13782,20.15,0.6000000000000001,1,0.05
13783,-8.75,13.549999999999999,0,0.05
13784,20.1,0.15000000000000002,1,0.05
13785,20.2,0.55,1,0.05
13786,20.2,0.45,1,0.05
13787,20.2,0.6500000000000001,1,0.05
13788,20.1,0.45,1,0.05
13789,20.1,0.15000000000000002,1,0.05
13790,20.15,1.1000000000000003,1,0.05
13791,20.15,0.3,1,0.05
13792,-8.75,13.45,0,0.05
13793,20.4,1.6500000000000001,1,0.05
13794,20.15,0.3,1,0.05
13795,20.1,0.15000000000000002,1,0.05
13796,20.35,0.9000000000000001,1,0.05
13797,20.1,0.35,1,0.05
13798,20.45,1.1000000000000003,1,0.05
13799,20.1,0.55,1,0.05
13800,20.2,0.55,1,0.05
13801,20.1,0.25,1,0.05
13802,20.05,0.3,1,0.05
13803,-8.95,13.45,0,0.05
13804,20.35,-19.15,1,0.05
13805,20.1,0.25,1,0.05
13806,20.05,0.2,1,0.05
13807,20.15,0.2,1,0.05
13808,20.2,0.45,1,0.05
13809,20.2,0.45,1,0.05
13810,20.1,0.25,1,0.05
13811,20.45,2.0,1,0.05
13812,-8.75,13.549999999999999,0,0.05
13813,20.05,0.2,1,0.05
13814,20.2,0.45,1,0.05
13815,20.15,0.6000000000000001,1,0.05
13816,20.1,0.35,1,0.05
13817,20.1,0.25,1,0.05
13818,20.15,0.2,1,0.05
13819,20.15,0.3,1,0.05
13820,20.55,1.4000000000000001,1,0.05
13821,20.15,0.2,1,0.05
13822,20.15,0.2,1,0.05
13823,20.15,0.3,1,0.05
13824,20.1,0.25,1,0.05
13825,20.55,1.7,1,0.05
13826,20.15,0.3,1,0.05
13827,20.15,0.7000000000000001,1,0.05
13828,20.25,1.6000000000000003,1,0.05
13829,20.2,0.55,1,0.05
13830,20.15,0.3,1,0.05
13831,20.1,0.25,1,0.05
13832,20.2,0.45,1,0.05
13833,20.15,0.3,1,0.05
13834,20.15,0.30000000000000004,1,0.05
13835,20.15,1.3000000000000005,1,0.05
13836,19.95,0.3,1,0.05
13837,20.5,1.4500000000000002,1,0.05
13838,20.15,0.3,1,0.05
13839,-9.45,12.85,0,0.05
13840,20.15,0.30000000000000004,1,0.05
13841,20.1,0.35,1,0.05
13842,21.05,3.0999999999999988,1,0.05
13843,20.1,0.15000000000000002,1,0.05
13844,20.0,0.25,1,0.05
13845,20.1,0.55,1,0.05
13846,20.15,0.3,1,0.05
13847,20.2,0.45,1,0.05
13848,20.15,0.3,1,0.05
13849,20.05,0.0,1,0.05
13850,20.2,0.6500000000000001,1,0.05
13851,20.25,0.6000000000000001,1,0.05
13852,20.15,0.3,1,0.05
13853,20.45,1.6000000000000003,1,0.05
13854,20.15,0.3,1,0.05
13855,20.15,0.3,1,0.05
13856,20.4,1.3499999999999999,1,0.05
13857,20.05,0.2,1,0.05
13858,19.95,0.5,1,0.05
13859,20.15,0.2,1,0.05
13860,20.1,0.35,1,0.05
13861,20.25,0.5000000000000001,1,0.05
13862,20.35,1.3,1,0.05
13863,20.4,-19.0,1,0.05
13864,20.25,0.5000000000000001,1,0.05
13865,20.15,0.2,1,0.05
13866,20.05,0.3,1,0.05
13867,20.15,0.3,1,0.05
13868,20.1,0.55,1,0.05
13869,-8.95,13.249999999999998,0,0.05
13870,20.1,0.35,1,0.05
13871,20.15,0.2,1,0.05
13872,20.05,0.6000000000000001,1,0.05
13873,20.05,0.5000000000000001,1,0.05
13874,20.1,0.7500000000000002,1,0.05
13875,20.1,0.35,1,0.05
13876,20.1,0.25,1,0.05
13877,20.0,0.25,1,0.05
13878,20.55,1.5999999999999999,1,0.05
13879,20.05,0.2,1,0.05
13880,20.1,0.15000000000000002,1,0.05
13881,20.1,0.25,1,0.05
13882,20.2,0.6500000000000001,1,0.05
13883,20.1,0.35,1,0.05
13884,20.1,0.15000000000000002,1,0.05
13885,20.15,0.2,1,0.05
13886,20.45,1.1000000000000003,1,0.05
13887,20.1,0.25,1,0.05
13888,20.75,2.299999999999999,1,0.05
13889,20.35,1.3,1,0.05
13890,20.05,0.4,1,0.05
13891,20.05,0.2,1,0.05
13892,20.75,1.9999999999999998,1,0.05
13893,20.45,1.2,1,0.05
13894,20.1,0.35000000000000003,1,0.05
13895,20.15,0.4,1,0.05
13896,20.6,1.6499999999999997,1,0.05
13897,20.15,0.3,1,0.05
13898,20.4,1.05,1,0.05
13899,20.15,0.2,1,0.05
13900,20.15,0.6000000000000001,1,0.05
13901,20.55,1.6999999999999997,1,0.05
13902,20.15,0.2,1,0.05
13903,20.2,0.35000000000000003,1,0.05
13904,20.0,0.44999999999999996,1,0.05
13905,20.3,0.7500000000000001,1,0.05
13906,20.45,1.3,1,0.05
13907,20.1,0.35,1,0.05
13908,20.05,0.2,1,0.05
13909,20.25,0.7000000000000001,1,0.05
13910,20.15,0.5000000000000001,1,0.05
13911,20.25,1.1000000000000003,1,0.05
13912,20.3,0.7500000000000001,1,0.05
13913,20.05,0.0,1,0.05
13914,20.15,0.5,1,0.05
13915,20.1,0.25,1,0.05
13916,20.25,0.5000000000000001,1,0.05
13917,20.3,0.7500000000000001,1,0.05
13918,20.25,1.0,1,0.05
13919,20.3,0.9500000000000002,1,0.05
13920,20.15,0.3,1,0.05
13921,20.3,0.7500000000000001,1,0.05
13922,20.2,0.6500000000000001,1,0.05
13923,20.3,-19.3,1,0.05
13924,20.15,0.6000000000000001,1,0.05
13925,20.05,0.2,1,0.05
13926,20.25,-19.35,1,0.05
13927,20.1,0.25,1,0.05
13928,20.05,0.7000000000000001,1,0.05
13929,20.3,0.7500000000000001,1,0.05
13930,20.15,0.6000000000000001,1,0.05
13931,20.25,-19.55,1,0.05
13932,20.15,0.3,1,0.05
13933,20.35,0.9000000000000001,1,0.05
13934,20.25,0.5000000000000001,1,0.05
13935,20.1,0.6500000000000001,1,0.05
13936,20.05,0.10000000000000002,1,0.05
13937,20.1,0.35,1,0.05
13938,20.15,1.5000000000000002,1,0.05
13939,20.55,1.8999999999999997,1,0.05
13940,20.1,0.25,1,0.05
13941,20.25,0.6000000000000001,1,0.05
13942,20.1,0.35,1,0.05
13943,20.25,0.6000000000000001,1,0.05
13944,20.85,2.9999999999999987,1,0.05
13945,20.1,0.25,1,0.05
13946,20.5,1.9499999999999995,1,0.05
13947,20.05,0.2,1,0.05
13948,20.1,0.55,1,0.05
13949,20.1,0.35,1,0.05
13950,20.0,0.25,1,0.05
13951,20.45,1.3,1,0.05
13952,20.2,0.6500000000000001,1,0.05
13953,20.0,0.7500000000000001,1,0.05
13954,20.1,0.35,1,0.05
13955,20.1,0.25,1,0.05
13956,20.55,1.4000000000000001,1,0.05
13957,20.1,0.55,1,0.05
13958,20.35,0.8000000000000002,1,0.05
13959,20.1,0.35,1,0.05
13960,20.2,0.8500000000000001,1,0.05
13961,20.15,0.6000000000000001,1,0.05
13962,20.2,0.8500000000000001,1,0.05
13963,20.2,0.35000000000000003,1,0.05
13964,20.2,0.55,1,0.05
13965,20.3,0.7500000000000001,1,0.05
13966,20.25,1.6000000000000005,1,0.05
13967,20.35,1.3,1,0.05
13968,-8.85,13.549999999999999,0,0.05
13969,20.0,1.8499999999999996,1,0.05
13970,20.1,0.25,1,0.05
13971,20.1,0.25,1,0.05
13972,20.3,0.9500000000000002,1,0.05
13973,20.15,0.2,1,0.05
13974,20.2,0.35000000000000003,1,0.05
13975,20.2,0.55,1,0.05
13976,20.25,0.6000000000000001,1,0.05
13977,20.0,0.25,1,0.05
13978,20.35,-18.25,1,0.05
13979,20.25,0.5000000000000001,1,0.05
13980,20.05,0.2,1,0.05
13981,20.9,2.9499999999999984,1,0.05
13982,20.1,0.35,1,0.05
13983,20.2,0.55,1,0.05
13984,20.1,0.7500000000000001,1,0.05
13985,20.25,0.5000000000000001,1,0.05
13986,20.3,1.15,1,0.05
13987,20.1,0.15000000000000002,1,0.05
13988,20.0,0.25,1,0.05
13989,20.5,2.549999999999999,1,0.05
13990,20.15,0.5,1,0.05
13991,20.15,1.3000000000000005,1,0.05
13992,20.2,0.45,1,0.05
13993,20.3,0.9500000000000002,1,0.05
13994,20.2,0.55,1,0.05
13995,20.1,0.25,1,0.05
13996,20.2,0.55,1,0.05
13997,20.15,0.2,1,0.05
13998,20.25,1.5000000000000002,1,0.05
13999,20.15,0.3,1,0.05
14000,20.1,0.15000000000000002,1,0.05
14001,20.1,0.25,1,0.05
14002,20.1,0.15000000000000002,1,0.05
14003,20.3,0.9500000000000002,1,0.05
14004,20.2,0.45,1,0.05
14005,20.15,0.2,1,0.05
14006,20.15,-19.85,1,0.05
14007,-9.049999999999999,13.249999999999998,0,0.05
14008,20.05,0.2,1,0.05
14009,-8.75,13.549999999999999,0,0.05
14010,20.25,0.7000000000000001,1,0.05
14011,20.15,0.5,1,0.05
14012,21.0,3.149999999999999,1,0.05
14013,20.25,0.5000000000000001,1,0.05
14014,20.2,0.6500000000000001,1,0.05
14015,20.45,2.099999999999999,1,0.05
14016,-9.049999999999999,13.249999999999998,0,0.05
14017,20.3,0.7500000000000001,1,0.05
14018,20.3,0.7500000000000001,1,0.05
14019,20.1,0.45,1,0.05
14020,20.45,1.2,1,0.05
14021,-8.95,13.249999999999998,0,0.05
14022,20.2,0.8500000000000002,1,0.05
14023,20.15,0.7000000000000001,1,0.05
14024,20.2,0.45,1,0.05
14025,20.2,0.45,1,0.05
14026,20.1,0.55,1,0.05
14027,20.25,0.6000000000000001,1,0.05
14028,20.05,0.0,1,0.05
14029,20.35,1.0,1,0.05
14030,21.1,3.3499999999999988,1,0.05
14031,20.1,-19.5,1,0.05
14032,20.2,0.45,1,0.05
14033,20.2,-19.6,1,0.05
14034,20.15,0.4,1,0.05
14035,20.05,0.3,1,0.05
14036,20.2,0.55,1,0.05
14037,20.8,2.4499999999999993,1,0.05
14038,20.35,1.4999999999999998,1,0.05
14039,20.15,0.3,1,0.05
14040,20.1,0.25,1,0.05
14041,20.25,0.5000000000000001,1,0.05
14042,20.2,0.35,1,0.05
14043,20.25,0.6000000000000001,1,0.05
14044,20.05,0.2,1,0.05
14045,20.15,0.6000000000000001,1,0.05
14046,20.15,0.3,1,0.05
14047,20.5,1.55,1,0.05
14048,20.15,0.9000000000000001,1,0.05
14049,20.25,0.5000000000000001,1,0.05
14050,20.15,0.6000000000000001,1,0.05
14051,20.1,0.25,1,0.05
14052,20.1,0.35,1,0.05
14053,20.3,0.9500000000000002,1,0.05
14054,20.95,2.999999999999999,1,0.05
14055,20.2,0.45,1,0.05
14056,20.15,0.5,1,0.05
14057,20.15,0.2,1,0.05
14058,20.15,0.3,1,0.05
14059,20.05,0.2,1,0.05
14060,20.05,0.39999999999999997,1,0.05
14061,-8.75,13.549999999999999,0,0.05
14062,20.2,0.45,1,0.05
14063,20.1,0.15000000000000002,1,0.05
14064,20.2,0.45,1,0.05
14065,20.3,-18.4,1,0.05
14066,20.3,0.7500000000000001,1,0.05
14067,-8.85,13.45,0,0.05
14068,20.15,0.3,1,0.05
14069,20.15,0.2,1,0.05
14070,-8.95,13.349999999999998,0,0.05
14071,20.2,0.45,1,0.05
14072,20.2,0.55,1,0.05
14073,20.15,1.1000000000000003,1,0.05
14074,20.2,0.45,1,0.05
14075,20.3,0.7500000000000001,1,0.05
14076,19.95,0.49999999999999994,1,0.05
14077,19.95,0.10000000000000002,1,0.05
14078,20.2,0.6500000000000001,1,0.05
14079,20.6,2.3499999999999996,1,0.05
14080,20.05,0.2,1,0.05
14081,20.2,0.55,1,0.05
14082,20.1,0.25,1,0.05
14083,20.15,0.3,1,0.05
14084,20.0,0.25,1,0.05
14085,20.0,0.25,1,0.05
14086,-8.95,13.349999999999998,0,0.05
14087,20.15,1.0000000000000002,1,0.05
14088,20.0,0.25,1,0.05
14089,20.45,1.4000000000000001,1,0.05
14090,20.05,0.2,1,0.05
14091,20.2,1.2500000000000002,1,0.05
14092,20.1,0.25,1,0.05
14093,20.05,0.6000000000000001,1,0.05
14094,20.55,1.4000000000000001,1,0.05
14095,20.0,0.15000000000000002,1,0.05
14096,20.15,0.30000000000000004,1,0.05
14097,20.5,1.45,1,0.05
14098,20.1,0.35,1,0.05
14099,20.1,0.25,1,0.05
14100,20.35,0.9000000000000001,1,0.05
14101,20.15,0.3,1,0.05
14102,20.2,0.35000000000000003,1,0.05
14103,20.05,1.4000000000000004,1,0.05
14104,20.2,1.6500000000000001,1,0.05
14105,20.05,0.2,1,0.05
14106,20.35,1.1000000000000003,1,0.05
14107,20.25,0.6000000000000001,1,0.05
14108,-8.85,13.45,0,0.05
14109,20.2,0.6500000000000001,1,0.05
14110,20.25,0.6000000000000001,1,0.05
14111,20.25,0.5000000000000001,1,0.05
14112,20.1,0.35,1,0.05
14113,20.5,1.55,1,0.05
14114,20.1,0.35,1,0.05
14115,20.35,1.5000000000000002,1,0.05
14116,20.15,0.7000000000000001,1,0.05
14117,20.25,0.8000000000000002,1,0.05
14118,20.05,0.39999999999999997,1,0.05
14119,20.15,0.3,1,0.05
14120,20.0,0.15000000000000002,1,0.05
14121,20.1,0.15000000000000002,1,0.05
14122,20.6,1.8499999999999996,1,0.05
14123,20.1,0.15000000000000002,1,0.05
14124,20.25,0.5000000000000001,1,0.05
14125,20.5,1.4500000000000004,1,0.05
14126,20.15,0.7000000000000001,1,0.05
14127,20.05,0.4,1,0.05
14128,20.15,0.3,1,0.05
14129,20.2,0.55,1,0.05
14130,20.3,1.1500000000000001,1,0.05
14131,20.2,0.45,1,0.05
14132,20.15,0.3,1,0.05
14133,20.15,0.2,1,0.05
14134,20.2,0.6500000000000001,1,0.05
14135,20.1,0.55,1,0.05
14136,20.05,0.3,1,0.05
14137,20.15,0.3,1,0.05
14138,20.1,0.15000000000000002,1,0.05
14139,20.25,0.7000000000000001,1,0.05
14140,20.15,0.2,1,0.05
14141,20.15,0.3,1,0.05
14142,20.25,1.0,1,0.05
14143,20.15,0.2,1,0.05
14144,20.25,1.1000000000000003,1,0.05
14145,20.1,0.35,1,0.05
14146,-8.85,13.45,0,0.05
14147,20.2,0.55,1,0.05
14148,20.25,0.6000000000000001,1,0.05
14149,-8.85,13.349999999999998,0,0.05
14150,20.1,0.35,1,0.05
14151,20.1,0.35,1,0.05
14152,20.1,0.15000000000000002,1,0.05
14153,20.05,0.2,1,0.05
14154,20.15,0.2,1,0.05
14155,20.15,0.2,1,0.05
14156,20.15,0.4000000000000001,1,0.05
14157,20.5,1.5499999999999998,1,0.05
14158,20.1,0.15000000000000002,1,0.05
14159,20.15,0.7000000000000001,1,0.05
14160,20.1,0.15000000000000002,1,0.05
14161,20.2,0.45,1,0.05
14162,20.35,1.3,1,0.05
14163,20.1,0.35,1,0.05
14164,20.0,0.25,1,0.05
14165,20.0,0.25,1,0.05
14166,-8.95,13.349999999999998,0,0.05
14167,20.15,0.3,1,0.05
14168,20.15,0.3,1,0.05
14169,20.3,0.9500000000000002,1,0.05
14170,20.15,0.3,1,0.05
14171,20.25,1.1000000000000003,1,0.05
14172,20.2,0.55,1,0.05
14173,20.1,0.5500000000000002,1,0.05
14174,20.35,1.4999999999999998,1,0.05
14175,20.1,0.25,1,0.05
14176,20.25,0.5000000000000001,1,0.05
14177,20.35,0.9000000000000001,1,0.05
14178,20.1,0.25,1,0.05
14179,20.15,-19.75,1,0.05
14180,20.1,0.25,1,0.05
14181,-8.95,13.349999999999998,0,0.05
14182,20.0,1.0500000000000003,1,0.05
14183,20.15,0.3,1,0.05
14184,20.5,-18.5,1,0.05
14185,20.1,0.25,1,0.05
14186,20.1,0.25,1,0.05
14187,20.1,0.45,1,0.05
14188,20.15,0.3,1,0.05
14189,20.1,0.25,1,0.05
14190,20.25,0.5000000000000001,1,0.05
14191,20.15,0.6000000000000001,1,0.05
14192,21.05,3.0999999999999988,1,0.05
14193,20.3,1.5500000000000005,1,0.05
14194,20.1,0.15000000000000002,1,0.05
14195,20.05,0.2,1,0.05
14196,19.85,0.39999999999999997,1,0.05
14197,20.1,0.35,1,0.05
14198,20.15,0.4,1,0.05
14199,20.15,0.3,1,0.05
14200,20.15,0.7000000000000001,1,0.05
14201,20.2,0.6500000000000001,1,0.05
14202,20.2,0.45,1,0.05
14203,-8.85,13.349999999999998,0,0.05
14204,20.05,0.2,1,0.05
14205,20.3,0.6500000000000001,1,0.05
14206,20.05,0.2,1,0.05
14207,20.1,0.15000000000000002,1,0.05
14208,-8.95,13.349999999999998,0,0.05
14209,20.15,0.3,1,0.05
14210,20.0,0.25,1,0.05
14211,21.2,3.4499999999999984,1,0.05
14212,20.15,0.3,1,0.05
14213,20.15,0.5000000000000001,1,0.05
14214,19.95,0.30000000000000004,1,0.05
14215,20.2,0.35000000000000003,1,0.05
14216,20.25,0.7000000000000001,1,0.05
14217,20.15,0.3,1,0.05
14218,20.25,0.6000000000000001,1,0.05
14219,20.0,0.44999999999999996,1,0.05
14220,20.15,0.3,1,0.05
14221,20.6,2.249999999999999,1,0.05
14222,20.2,0.45,1,0.05
14223,20.1,0.55,1,0.05
14224,20.1,0.35,1,0.05
14225,20.1,0.15000000000000002,1,0.05
14226,20.1,0.35,1,0.05
14227,20.2,0.55,1,0.05
14228,20.15,0.3,1,0.05
14229,20.9,2.549999999999999,1,0.05
14230,20.15,0.3,1,0.05
14231,20.1,0.25,1,0.05
14232,20.15,0.3,1,0.05
14233,20.15,0.6000000000000001,1,0.05
14234,20.35,1.3,1,0.05
14235,20.1,0.15000000000000002,1,0.05
14236,20.4,1.1500000000000001,1,0.05
14237,20.35,1.7,1,0.05
14238,20.3,0.9500000000000002,1,0.05
14239,20.2,0.7500000000000002,1,0.05
14240,20.2,0.45,1,0.05
14241,20.4,1.25,1,0.05
14242,20.2,0.45,1,0.05
14243,20.15,0.2,1,0.05
14244,20.75,2.1999999999999993,1,0.05
14245,20.2,0.55,1,0.05
14246,20.05,0.2,1,0.05
14247,20.55,1.4000000000000001,1,0.05
14248,-8.85,13.349999999999998,0,0.05
14249,20.2,0.8500000000000001,1,0.05
14250,-8.95,13.25,0,0.05
14251,20.1,0.35,1,0.05
14252,20.1,0.7500000000000001,1,0.05
14253,20.5,2.0500000000000003,1,0.05
14254,20.2,0.6500000000000001,1,0.05
14255,-8.75,13.549999999999999,0,0.05
14256,-9.049999999999999,13.249999999999998,0,0.05
14257,20.15,0.3,1,0.05
14258,-9.65,12.549999999999999,0,0.05
14259,20.1,0.35,1,0.05
14260,20.15,0.3,1,0.05
14261,20.25,0.5000000000000001,1,0.05
14262,20.15,0.6000000000000001,1,0.05
14263,-8.75,13.45,0,0.05
14264,20.15,0.2,1,0.05
14265,20.15,0.5000000000000001,1,0.05
14266,20.1,0.25,1,0.05
14267,20.0,0.25,1,0.05
14268,-8.95,13.249999999999998,0,0.05
14269,20.15,0.3,1,0.05
14270,20.1,0.25,1,0.05
14271,20.0,0.55,1,0.05
14272,20.1,0.35,1,0.05
14273,20.0,0.25,1,0.05
14274,20.25,0.9000000000000001,1,0.05
14275,20.3,0.7500000000000001,1,0.05
14276,-10.25,12.05,0,0.05
14277,20.7,2.1499999999999995,1,0.05
14278,20.3,0.7500000000000001,1,0.05
14279,20.15,0.2,1,0.05
14280,20.6,1.8499999999999999,1,0.05
14281,20.45,1.3000000000000005,1,0.05
14282,20.15,0.6000000000000001,1,0.05
14283,20.2,0.55,1,0.05
14284,20.15,0.2,1,0.05
14285,20.0,0.25,1,0.05
14286,20.2,0.9500000000000002,1,0.05
14287,20.1,0.35000000000000003,1,0.05
14288,21.2,-16.700000000000003,1,0.05
14289,20.1,0.25,1,0.05
14290,20.9,2.8499999999999988,1,0.05
14291,20.1,0.15000000000000002,1,0.05
14292,20.05,0.39999999999999997,1,0.05
14293,19.9,-19.1,1,0.05
14294,20.2,0.35000000000000003,1,0.05
14295,-8.85,13.45,0,0.05
14296,20.05,0.2,1,0.05
14297,20.05,0.2,1,0.05
14298,19.95,0.39999999999999997,1,0.05
14299,20.3,0.8500000000000001,1,0.05
14300,20.35,1.5000000000000002,1,0.05
14301,20.05,0.3,1,0.05
14302,20.2,0.55,1,0.05
14303,20.55,1.8999999999999997,1,0.05
14304,20.75,2.2999999999999994,1,0.05
14305,20.2,0.45,1,0.05
14306,20.15,0.3,1,0.05
14307,20.1,0.25,1,0.05
14308,-8.75,13.549999999999999,0,0.05
14309,20.15,0.30000000000000004,1,0.05
14310,20.3,1.1500000000000004,1,0.05
14311,20.3,0.9500000000000002,1,0.05
14312,20.1,0.35,1,0.05
14313,20.3,1.1500000000000001,1,0.05
14314,20.1,0.25,1,0.05
14315,20.2,0.8500000000000001,1,0.05
14316,20.25,0.5000000000000001,1,0.05
14317,20.1,0.35,1,0.05
14318,20.1,0.25,1,0.05
14319,20.1,0.15000000000000002,1,0.05
14320,20.15,0.7000000000000001,1,0.05
14321,20.3,0.6500000000000001,1,0.05
14322,20.1,0.35,1,0.05
14323,20.2,0.45,1,0.05
14324,20.1,0.25,1,0.05
14325,20.25,-19.45,1,0.05
14326,20.2,0.45,1,0.05
14327,20.1,0.25,1,0.05
14328,20.1,0.35,1,0.05
14329,20.15,0.3,1,0.05
14330,20.25,0.5000000000000001,1,0.05
14331,20.2,0.45000000000000007,1,0.05
14332,20.0,0.35,1,0.05
14333,20.95,2.8999999999999986,1,0.05
14334,20.15,0.3,1,0.05
14335,20.15,0.5,1,0.05
14336,20.2,0.55,1,0.05
14337,20.1,0.9500000000000002,1,0.05
14338,20.1,0.25,1,0.05
14339,20.15,0.3,1,0.05
14340,20.15,0.2,1,0.05
14341,20.15,0.7000000000000002,1,0.05
14342,20.0,0.25,1,0.05
14343,20.1,0.35,1,0.05
14344,-9.049999999999999,13.249999999999998,0,0.05
14345,20.35,-19.25,1,0.05
14346,-8.75,13.45,0,0.05
14347,20.05,0.2,1,0.05
14348,20.45,1.4000000000000001,1,0.05
14349,20.2,0.45,1,0.05
14350,20.05,0.2,1,0.05
14351,20.1,0.35,1,0.05
14352,20.1,0.35,1,0.05
14353,20.3,1.3499999999999999,1,0.05
14354,20.1,0.25,1,0.05
14355,20.5,1.55,1,0.05
14356,20.1,0.15000000000000002,1,0.05
14357,20.8,2.1499999999999995,1,0.05
14358,20.1,0.15000000000000002,1,0.05
14359,20.15,0.6000000000000001,1,0.05
14360,19.8,0.75,1,0.05
14361,20.1,0.25,1,0.05
14362,20.15,0.3,1,0.05
14363,20.15,0.5,1,0.05
14364,20.2,0.45,1,0.05
14365,20.25,0.7000000000000001,1,0.05
14366,20.25,0.9000000000000002,1,0.05
14367,20.05,0.4,1,0.05
14368,20.3,1.0500000000000003,1,0.05
14369,20.15,0.3,1,0.05
14370,20.35,1.1000000000000003,1,0.05
14371,20.15,0.6000000000000001,1,0.05
14372,20.1,0.35,1,0.05
14373,20.05,0.8000000000000002,1,0.05
14374,20.15,0.2,1,0.05
14375,20.2,0.6500000000000001,1,0.05
14376,20.2,0.45,1,0.05
14377,20.15,0.5000000000000001,1,0.05
14378,20.1,0.05,1,0.05
14379,20.35,1.1000000000000003,1,0.05
14380,20.55,-18.35,1,0.05
14381,20.15,0.3,1,0.05
14382,20.25,0.8000000000000002,1,0.05
14383,20.4,-18.8,1,0.05
14384,20.1,0.45,1,0.05
14385,20.15,0.3,1,0.05
14386,20.25,0.6000000000000001,1,0.05
14387,20.1,0.25,1,0.05
14388,20.9,2.549999999999999,1,0.05
14389,20.3,1.95,1,0.05
14390,20.15,0.3,1,0.05
14391,20.05,0.39999999999999997,1,0.05
14392,20.15,0.7000000000000001,1,0.05
14393,20.15,0.3,1,0.05
14394,20.15,0.2,1,0.05
14395,20.1,0.15000000000000002,1,0.05
14396,20.95,2.599999999999999,1,0.05
14397,20.15,0.7000000000000001,1,0.05
14398,20.5,-18.3,1,0.05
14399,20.5,-18.6,1,0.05
14400,20.0,0.25,1,0.05
14401,20.35,0.8000000000000002,1,0.05
14402,20.6,1.9499999999999995,1,0.05
14403,20.5,1.4500000000000004,1,0.05
14404,20.2,0.55,1,0.05
14405,20.2,1.2500000000000002,1,0.05
14406,20.3,0.9500000000000002,1,0.05
14407,20.05,0.3,1,0.05
14408,20.2,0.6500000000000001,1,0.05
14409,20.2,0.35000000000000003,1,0.05
14410,20.1,0.15000000000000002,1,0.05
14411,20.05,0.2,1,0.05
14412,20.0,2.05,1,0.05
14413,20.1,0.35,1,0.05
14414,20.1,0.35,1,0.05
14415,20.1,0.35,1,0.05
14416,20.1,0.8500000000000002,1,0.05
14417,20.1,0.35,1,0.05
14418,20.3,0.7500000000000001,1,0.05
14419,20.5,1.4500000000000004,1,0.05
14420,20.15,0.7000000000000001,1,0.05
14421,20.8,2.849999999999999,1,0.05
14422,20.05,0.3,1,0.05
14423,20.1,0.35,1,0.05
14424,20.1,0.6500000000000001,1,0.05
14425,20.05,0.2,1,0.05
14426,20.1,0.25,1,0.05
14427,19.95,0.39999999999999997,1,0.05
14428,20.4,1.4500000000000004,1,0.05
14429,20.2,0.6500000000000001,1,0.05
14430,20.1,0.55,1,0.05
14431,20.15,0.3,1,0.05
14432,20.1,0.25,1,0.05
14433,-8.75,13.549999999999999,0,0.05
14434,-9.45,12.849999999999998,0,0.05
14435,20.15,0.2,1,0.05
14436,20.2,0.45,1,0.05
14437,21.0,2.8499999999999988,1,0.05
14438,20.0,0.25,1,0.05
14439,20.05,0.2,1,0.05
14440,20.05,0.2,1,0.05
14441,20.15,0.3,1,0.05
14442,20.35,-18.55,1,0.05
14443,20.1,0.25,1,0.05
14444,20.25,1.0000000000000002,1,0.05
14445,20.15,0.9000000000000002,1,0.05
14446,20.15,0.3,1,0.05
14447,-9.049999999999999,13.249999999999998,0,0.05
14448,20.15,0.3,1,0.05
14449,20.05,0.0,1,0.05
14450,-8.95,13.349999999999998,0,0.05
14451,20.15,0.3,1,0.05
14452,20.1,0.35,1,0.05
14453,20.95,-17.150000000000002,1,0.05
14454,20.25,0.7000000000000001,1,0.05
14455,20.15,0.5000000000000001,1,0.05
14456,20.8,2.849999999999999,1,0.05
14457,-8.85,13.45,0,0.05
14458,20.1,0.35,1,0.05
14459,20.05,0.6000000000000001,1,0.05
14460,20.1,0.55,1,0.05
14461,20.05,0.2,1,0.05
14462,20.2,0.6500000000000001,1,0.05
14463,20.2,0.45,1,0.05
14464,20.1,0.35,1,0.05
14465,20.3,0.7500000000000001,1,0.05
14466,20.15,0.2,1,0.05
14467,20.1,0.25,1,0.05
14468,20.1,0.35,1,0.05
14469,20.2,0.6500000000000001,1,0.05
14470,20.1,0.25,1,0.05
14471,20.15,0.3,1,0.05
14472,20.0,0.25,1,0.05
14473,20.5,1.55,1,0.05
14474,20.0,0.25,1,0.05
14475,20.5,1.55,1,0.05
14476,20.15,0.2,1,0.05
14477,20.2,0.6500000000000001,1,0.05
14478,20.1,0.25,1,0.05
14479,19.9,0.35000000000000003,1,0.05
14480,20.2,0.45,1,0.05
14481,20.1,0.25,1,0.05
14482,20.05,0.0,1,0.05
14483,20.2,0.35000000000000003,1,0.05
14484,20.4,0.9500000000000002,1,0.05
14485,20.3,0.8500000000000002,1,0.05
14486,20.1,0.35,1,0.05
14487,20.35,1.4000000000000001,1,0.05
14488,19.95,0.3,1,0.05
14489,20.2,0.55,1,0.05
14490,20.15,0.7000000000000001,1,0.05
14491,20.15,0.2,1,0.05
14492,20.25,0.5000000000000001,1,0.05
14493,20.05,0.0,1,0.05
14494,20.0,0.25,1,0.05
14495,20.5,1.3499999999999999,1,0.05
14496,21.0,-17.200000000000003,1,0.05
14497,20.25,0.5000000000000001,1,0.05
14498,20.1,0.7500000000000001,1,0.05
14499,20.1,0.6500000000000001,1,0.05
14500,20.05,0.4,1,0.05
14501,20.1,0.35,1,0.05
14502,20.15,0.3,1,0.05
14503,20.25,1.0000000000000002,1,0.05
14504,20.3,1.55,1,0.05
14505,20.15,0.2,1,0.05
14506,20.5,-18.2,1,0.05
14507,20.1,0.25,1,0.05
14508,20.55,1.6,1,0.05
14509,20.1,0.15000000000000002,1,0.05
14510,20.25,0.6000000000000001,1,0.05
14511,20.05,0.0,1,0.05
14512,20.15,0.6000000000000001,1,0.05
14513,20.65,2.7999999999999985,1,0.05
14514,20.55,1.4000000000000001,1,0.05
14515,20.05,0.3,1,0.05
14516,20.25,1.0000000000000002,1,0.05
14517,20.3,0.7500000000000001,1,0.05
14518,20.15,0.2,1,0.05
14519,20.15,0.3,1,0.05
14520,-9.15,13.149999999999999,0,0.05
14521,20.0,0.15000000000000002,1,0.05
14522,20.05,0.2,1,0.05
14523,20.3,0.7500000000000001,1,0.05
14524,20.15,0.2,1,0.05
14525,20.3,0.7500000000000001,1,0.05
14526,20.1,0.25,1,0.05
14527,20.25,0.5000000000000001,1,0.05
14528,20.2,0.6500000000000001,1,0.05
14529,20.25,0.6000000000000001,1,0.05
14530,20.1,0.35,1,0.05
14531,20.3,1.2500000000000002,1,0.05
14532,20.05,0.3,1,0.05
14533,20.1,0.15000000000000002,1,0.05
14534,20.1,0.35,1,0.05
14535,20.15,0.2,1,0.05
14536,20.15,0.2,1,0.05
14537,-10.15,12.25,0,0.05
14538,20.5,1.7499999999999998,1,0.05
14539,-8.95,13.349999999999998,0,0.05
14540,20.1,0.35,1,0.05
14541,20.1,0.35,1,0.05
14542,20.15,0.7000000000000001,1,0.05
14543,19.9,0.44999999999999996,1,0.05
14544,20.15,0.3,1,0.05
14545,20.1,0.55,1,0.05
14546,20.2,0.45,1,0.05
14547,20.15,0.2,1,0.05
14548,20.05,0.2,1,0.05
14549,20.15,0.3,1,0.05
14550,-8.75,13.549999999999999,0,0.05
14551,-8.85,13.45,0,0.05
14552,20.05,0.39999999999999997,1,0.05
14553,20.15,0.3,1,0.05
14554,20.1,0.25,1,0.05
14555,20.2,0.6500000000000001,1,0.05
14556,-8.95,13.25,0,0.05
14557,20.25,0.6000000000000001,1,0.05
14558,20.15,0.3,1,0.05
14559,20.05,0.3,1,0.05
14560,20.7,1.9499999999999995,1,0.05
14561,20.1,1.1500000000000001,1,0.05
14562,20.1,0.15000000000000002,1,0.05
14563,20.2,0.7500000000000001,1,0.05
14564,20.1,-19.4,1,0.05
14565,20.9,-17.400000000000002,1,0.05
14566,20.1,0.25,1,0.05
14567,20.1,0.7500000000000002,1,0.05
14568,20.1,0.35,1,0.05
14569,20.15,0.6000000000000001,1,0.05
14570,20.05,-19.65,1,0.05
14571,20.45,1.4000000000000001,1,0.05
14572,20.2,0.35000000000000003,1,0.05
14573,20.2,0.6500000000000001,1,0.05
14574,20.1,0.35,1,0.05
14575,20.15,0.3,1,0.05
14576,20.3,0.9500000000000002,1,0.05
14577,20.35,1.3,1,0.05
14578,20.2,0.6500000000000001,1,0.05
14579,20.1,0.55,1,0.05
14580,20.15,0.3,1,0.05
14581,20.6,-18.0,1,0.05
14582,20.1,0.55,1,0.05
14583,20.15,0.6000000000000001,1,0.05
14584,20.05,0.2,1,0.05
14585,20.2,0.55,1,0.05
14586,20.1,0.25,1,0.05
14587,20.15,0.5,1,0.05
14588,20.15,0.3,1,0.05
14589,20.0,0.25,1,0.05
14590,20.1,0.35,1,0.05
14591,20.2,0.35000000000000003,1,0.05
14592,20.0,0.25000000000000006,1,0.05
14593,20.15,0.3,1,0.05
14594,20.15,0.6000000000000001,1,0.05
14595,20.5,1.2500000000000002,1,0.05
14596,20.05,0.0,1,0.05
14597,20.1,0.35,1,0.05
14598,20.2,-19.6,1,0.05
14599,20.1,0.25,1,0.05
14600,20.1,0.25,1,0.05
14601,20.15,0.30000000000000004,1,0.05
14602,20.1,0.25,1,0.05
14603,20.25,0.6000000000000001,1,0.05
14604,20.2,0.45,1,0.05
14605,20.15,0.6000000000000001,1,0.05
14606,20.2,0.45,1,0.05
14607,20.05,0.3,1,0.05
14608,20.1,0.25,1,0.05
14609,20.1,0.35,1,0.05
14610,20.6,1.55,1,0.05
14611,19.95,0.39999999999999997,1,0.05
14612,20.15,1.1000000000000003,1,0.05
14613,20.3,0.7500000000000001,1,0.05
14614,20.2,0.45,1,0.05
14615,-8.85,13.45,0,0.05
14616,20.6,1.95,1,0.05
14617,20.1,0.25,1,0.05
14618,20.1,0.25,1,0.05
14619,20.35,1.4999999999999998,1,0.05
14620,20.2,0.55,1,0.05
14621,20.8,3.0499999999999985,1,0.05
14622,20.15,0.3,1,0.05
14623,20.2,0.55,1,0.05
14624,20.1,0.6500000000000001,1,0.05
14625,20.7,1.9499999999999995,1,0.05
14626,20.1,0.25,1,0.05
14627,20.25,1.0000000000000002,1,0.05
14628,20.2,0.45000000000000007,1,0.05
14629,19.85,0.39999999999999997,1,0.05
14630,20.5,1.55,1,0.05
14631,20.2,0.55,1,0.05
14632,20.2,1.05,1,0.05
14633,20.25,0.6000000000000001,1,0.05
14634,20.1,0.55,1,0.05
14635,20.0,0.35,1,0.05
14636,20.35,0.9000000000000001,1,0.05
14637,20.15,0.3,1,0.05
14638,20.15,0.3,1,0.05
14639,20.15,0.4,1,0.05
14640,20.1,0.25,1,0.05
14641,-8.95,13.349999999999998,0,0.05
14642,20.1,0.15000000000000002,1,0.05
14643,20.1,0.35,1,0.05
14644,20.15,0.7000000000000001,1,0.05
14645,-8.85,13.45,0,0.05
14646,20.5,1.75,1,0.05
14647,20.1,0.55,1,0.05
14648,20.25,1.5000000000000002,1,0.05
14649,20.0,0.25,1,0.05
14650,20.15,0.3,1,0.05
14651,20.3,1.4500000000000004,1,0.05
14652,20.15,0.3,1,0.05
14653,20.2,0.9500000000000002,1,0.05
14654,20.15,0.2,1,0.05
14655,-8.85,13.45,0,0.05
14656,20.05,0.2,1,0.05
14657,20.0,0.44999999999999996,1,0.05
14658,20.25,1.2,1,0.05
14659,20.15,0.2,1,0.05
14660,20.35,1.2000000000000004,1,0.05
14661,20.2,0.45,1,0.05
14662,20.3,0.7500000000000001,1,0.05
14663,20.2,0.45,1,0.05
14664,20.75,2.499999999999999,1,0.05
14665,20.15,0.3,1,0.05
14666,-8.95,13.349999999999998,0,0.05
14667,20.3,0.9500000000000002,1,0.05
14668,20.55,1.8999999999999997,1,0.05
14669,20.2,0.55,1,0.05
14670,20.1,0.35,1,0.05
14671,20.2,0.55,1,0.05
14672,20.1,0.25,1,0.05
14673,20.15,0.3,1,0.05
14674,20.2,0.6500000000000001,1,0.05
14675,20.15,0.3,1,0.05
14676,20.1,0.55,1,0.05
14677,20.15,0.5000000000000001,1,0.05
14678,-8.75,13.549999999999999,0,0.05
14679,20.05,0.2,1,0.05
14680,20.2,0.35000000000000003,1,0.05
14681,20.15,0.3,1,0.05
14682,20.1,0.35,1,0.05
14683,-9.049999999999999,13.149999999999999,0,0.05
14684,21.05,3.0999999999999988,1,0.05
14685,20.15,0.2,1,0.05
14686,20.15,0.3,1,0.05
14687,20.85,2.2999999999999994,1,0.05
14688,20.1,0.35,1,0.05
14689,20.45,-18.45,1,0.05
14690,20.15,0.6000000000000001,1,0.05
14691,20.25,0.6000000000000001,1,0.05
14692,20.0,0.35,1,0.05
14693,20.15,0.3,1,0.05
14694,20.15,0.3,1,0.05
14695,20.45,1.5000000000000002,1,0.05
14696,20.05,0.2,1,0.05
14697,20.1,0.25,1,0.05
14698,20.35,1.5000000000000002,1,0.05
14699,20.2,0.45,1,0.05
14700,20.2,0.6500000000000001,1,0.05
14701,19.95,0.2,1,0.05
14702,-8.75,13.549999999999999,0,0.05
14703,20.2,0.45,1,0.05
14704,20.5,-18.4,1,0.05
14705,20.25,0.5000000000000001,1,0.05
14706,20.25,-19.45,1,0.05
14707,20.75,2.499999999999999,1,0.05
14708,20.3,0.7500000000000001,1,0.05
14709,20.1,-19.8,1,0.05
14710,20.1,0.35,1,0.05
14711,20.35,1.1000000000000003,1,0.05
14712,20.2,1.25,1,0.05
14713,20.4,-19.1,1,0.05
14714,20.15,0.2,1,0.05
14715,-8.75,13.549999999999999,0,0.05
14716,20.8,2.1499999999999995,1,0.05
14717,20.15,0.3,1,0.05
14718,20.65,2.299999999999999,1,0.05
14719,20.15,0.6000000000000001,1,0.05
14720,20.2,0.7500000000000002,1,0.05
14721,20.15,0.6000000000000001,1,0.05
14722,20.1,0.15000000000000002,1,0.05
14723,19.95,0.3,1,0.05
14724,20.3,1.1500000000000001,1,0.05
14725,20.0,0.25,1,0.05
14726,20.3,0.9500000000000002,1,0.05
14727,20.15,0.2,1,0.05
14728,20.1,0.25,1,0.05
14729,20.25,0.5000000000000001,1,0.05
14730,20.15,0.2,1,0.05
14731,20.1,0.35,1,0.05
14732,20.15,0.3,1,0.05
14733,20.25,0.9000000000000001,1,0.05
14734,20.1,0.35,1,0.05
14735,20.1,0.35,1,0.05
14736,21.05,3.199999999999999,1,0.05
14737,20.15,0.5,1,0.05
14738,20.15,0.2,1,0.05
14739,20.25,-19.55,1,0.05
14740,20.4,2.2500000000000004,1,0.05
14741,20.15,0.2,1,0.05
14742,20.3,0.7500000000000001,1,0.05
14743,20.5,1.3499999999999999,1,0.05
14744,20.15,0.7000000000000001,1,0.05
14745,20.15,0.3,1,0.05
14746,20.2,0.55,1,0.05
14747,20.3,1.5500000000000003,1,0.05
14748,20.15,0.3,1,0.05
14749,20.2,0.7500000000000002,1,0.05
14750,20.0,0.95,1,0.05
14751,20.1,0.35,1,0.05
14752,20.3,0.9500000000000002,1,0.05
14753,20.05,0.2,1,0.05
14754,20.15,0.4,1,0.05
14755,20.15,0.2,1,0.05
14756,20.15,0.7000000000000001,1,0.05
14757,20.5,1.55,1,0.05
14758,20.1,0.35,1,0.05
14759,20.15,0.6000000000000001,1,0.05
14760,20.2,0.45,1,0.05
14761,20.0,0.25,1,0.05
14762,20.25,0.5000000000000001,1,0.05
14763,20.2,0.45,1,0.05
14764,20.25,0.6000000000000001,1,0.05
14765,20.2,-19.4,1,0.05
14766,20.3,0.6500000000000001,1,0.05
14767,20.15,0.6000000000000001,1,0.05
14768,20.25,0.5000000000000001,1,0.05
14769,20.1,0.15000000000000002,1,0.05
14770,20.15,0.3,1,0.05
14771,20.0,0.25,1,0.05
14772,20.15,0.3,1,0.05
14773,20.25,0.5000000000000001,1,0.05
14774,20.15,0.7000000000000001,1,0.05
14775,20.15,0.5,1,0.05
14776,20.2,0.8500000000000001,1,0.05
14777,20.1,0.25,1,0.05
14778,20.15,0.3,1,0.05
14779,20.1,0.25,1,0.05
14780,20.4,1.2500000000000002,1,0.05
14781,-8.95,13.349999999999998,0,0.05
14782,20.15,0.2,1,0.05
14783,20.15,0.6000000000000001,1,0.05
14784,20.05,0.2,1,0.05
14785,20.1,0.55,1,0.05
14786,20.25,0.5000000000000001,1,0.05
14787,21.2,3.3499999999999988,1,0.05
14788,20.2,0.55,1,0.05
14789,20.1,0.55,1,0.05
14790,20.7,2.05,1,0.05
14791,20.2,0.45,1,0.05
14792,20.05,0.9000000000000002,1,0.05
14793,20.5,1.4500000000000004,1,0.05
14794,20.45,1.5999999999999999,1,0.05
14795,20.2,1.3500000000000003,1,0.05
14796,20.1,0.9500000000000002,1,0.05
14797,20.15,0.2,1,0.05
14798,19.8,0.65,1,0.05
14799,-8.95,13.349999999999998,0,0.05
14800,20.05,0.10000000000000002,1,0.05
14801,20.15,0.2,1,0.05
14802,20.15,0.3,1,0.05
14803,20.1,0.15000000000000002,1,0.05
14804,20.35,1.4000000000000001,1,0.05
14805,20.1,0.55,1,0.05
14806,20.15,0.2,1,0.05
14807,20.1,1.35,1,0.05
14808,20.1,0.15000000000000002,1,0.05
14809,20.1,0.05,1,0.05
14810,20.3,0.6500000000000001,1,0.05
14811,20.2,0.55,1,0.05
14812,20.3,0.7500000000000001,1,0.05
14813,20.05,0.0,1,0.05
14814,20.0,0.44999999999999996,1,0.05
14815,20.15,0.5000000000000001,1,0.05
14816,19.95,0.39999999999999997,1,0.05
14817,20.3,0.6500000000000001,1,0.05
14818,20.1,0.55,1,0.05
14819,20.15,0.2,1,0.05
14820,20.15,0.3,1,0.05
14821,20.2,0.35000000000000003,1,0.05
14822,20.25,0.9000000000000001,1,0.05
14823,20.05,0.3,1,0.05
14824,20.3,0.7500000000000001,1,0.05
14825,20.05,0.2,1,0.05
14826,20.45,1.5999999999999999,1,0.05
14827,20.15,0.3,1,0.05
14828,20.6,-18.2,1,0.05
14829,20.45,1.2,1,0.05
14830,20.0,0.25,1,0.05
14831,20.2,0.55,1,0.05
14832,20.1,0.15000000000000002,1,0.05
14833,20.1,1.75,1,0.05
14834,20.15,0.6000000000000001,1,0.05
14835,20.1,0.45,1,0.05
14836,20.1,0.25,1,0.05
14837,20.1,0.25,1,0.05
14838,20.2,0.45,1,0.05
14839,20.2,0.45,1,0.05
14840,20.55,1.8999999999999997,1,0.05
14841,20.0,0.6500000000000001,1,0.05
14842,-8.75,13.45,0,0.05
14843,20.1,0.15000000000000002,1,0.05
14844,20.1,0.25,1,0.05
14845,20.05,0.8,1,0.05
14846,20.75,2.799999999999999,1,0.05
14847,20.15,0.5,1,0.05
14848,20.1,0.25,1,0.05
14849,20.2,0.35000000000000003,1,0.05
14850,20.35,1.3,1,0.05
14851,20.1,0.35,1,0.05
14852,20.35,1.7000000000000004,1,0.05
14853,20.1,0.25,1,0.05
14854,20.05,0.6000000000000001,1,0.05
14855,20.15,0.3,1,0.05
14856,20.2,0.45,1,0.05
14857,20.05,0.39999999999999997,1,0.05
14858,20.15,0.3,1,0.05
14859,20.0,0.25,1,0.05
14860,20.1,0.35,1,0.05
14861,20.25,1.0000000000000002,1,0.05
14862,20.0,0.44999999999999996,1,0.05
14863,20.55,2.2999999999999994,1,0.05
14864,20.1,0.35,1,0.05
14865,20.5,2.15,1,0.05
14866,20.1,0.25,1,0.05
14867,20.25,0.6000000000000001,1,0.05
14868,20.25,0.5000000000000001,1,0.05
14869,20.1,0.35,1,0.05
14870,20.3,0.7500000000000001,1,0.05
14871,20.2,0.45,1,0.05
14872,20.05,0.39999999999999997,1,0.05
14873,20.1,0.25,1,0.05
14874,20.15,0.3,1,0.05
14875,20.2,0.45,1,0.05
14876,20.2,-19.6,1,0.05
14877,20.1,0.35,1,0.05
14878,20.15,0.6000000000000001,1,0.05
14879,19.85,0.49999999999999994,1,0.05
14880,20.1,0.35,1,0.05
14881,20.15,0.2,1,0.05
14882,20.2,0.5500000000000002,1,0.05
14883,20.7,2.1499999999999995,1,0.05
14884,20.5,1.4500000000000004,1,0.05
14885,20.1,0.25,1,0.05
14886,-9.35,12.85,0,0.05
14887,20.15,0.3,1,0.05
14888,19.95,0.3,1,0.05
14889,20.15,0.30000000000000004,1,0.05
14890,20.3,0.7500000000000001,1,0.05
14891,20.0,0.25,1,0.05
14892,20.2,-19.5,1,0.05
14893,20.2,0.6500000000000001,1,0.05
14894,20.1,-19.5,1,0.05
14895,20.2,0.9500000000000002,1,0.05
14896,20.0,0.25,1,0.05
14897,20.3,0.7500000000000001,1,0.05
14898,20.15,-19.55,1,0.05
14899,20.25,0.5000000000000001,1,0.05
14900,20.0,0.6500000000000001,1,0.05
14901,20.4,1.2500000000000002,1,0.05
14902,20.3,1.55,1,0.05
14903,20.1,0.25,1,0.05
14904,20.25,0.5000000000000001,1,0.05
14905,20.05,0.39999999999999997,1,0.05
14906,20.55,1.7999999999999996,1,0.05
14907,20.1,0.25,1,0.05
14908,20.15,0.2,1,0.05
14909,20.15,0.3,1,0.05
14910,19.95,0.49999999999999994,1,0.05
14911,20.1,0.35,1,0.05
14912,20.95,2.699999999999999,1,0.05
14913,20.15,0.3,1,0.05
14914,20.1,0.35,1,0.05
14915,20.15,0.2,1,0.05
14916,20.45,1.4000000000000001,1,0.05
14917,20.1,0.15000000000000002,1,0.05
14918,20.2,0.45,1,0.05
14919,20.0,0.6500000000000001,1,0.05
14920,-9.15,13.049999999999999,0,0.05
14921,20.05,0.6000000000000001,1,0.05
14922,20.3,0.8500000000000002,1,0.05
14923,20.35,1.3,1,0.05
14924,20.4,1.4500000000000004,1,0.05
14925,20.05,0.6000000000000001,1,0.05
14926,20.05,0.2,1,0.05
14927,20.1,0.35,1,0.05
14928,20.5,1.7499999999999998,1,0.05
14929,20.25,0.6000000000000001,1,0.05
14930,20.3,0.9500000000000002,1,0.05
14931,20.1,0.15000000000000002,1,0.05
14932,19.95,0.39999999999999997,1,0.05
14933,20.2,0.45,1,0.05
14934,20.15,0.3,1,0.05
14935,20.1,0.35,1,0.05
14936,20.1,0.25,1,0.05
14937,-8.85,13.45,0,0.05
14938,20.25,0.8000000000000002,1,0.05
14939,20.0,0.6500000000000001,1,0.05
14940,20.15,0.2,1,0.05
14941,20.1,0.55,1,0.05
14942,20.1,0.25,1,0.05
14943,20.2,0.35,1,0.05
14944,20.25,0.5000000000000001,1,0.05
14945,20.1,-19.9,1,0.05
14946,20.15,0.2,1,0.05
14947,20.8,2.549999999999999,1,0.05
14948,-9.049999999999999,13.149999999999999,0,0.05
14949,20.1,0.25,1,0.05
14950,19.95,0.39999999999999997,1,0.05
14951,19.95,1.5000000000000002,1,0.05
14952,20.1,0.15000000000000002,1,0.05
14953,20.2,0.6500000000000001,1,0.05
14954,20.0,0.25,1,0.05
14955,19.9,0.35,1,0.05
14956,20.65,2.199999999999999,1,0.05
14957,20.45,1.1000000000000003,1,0.05
14958,20.15,0.30000000000000004,1,0.05
14959,-8.85,13.45,0,0.05
14960,20.1,0.35,1,0.05
14961,20.1,0.55,1,0.05
14962,20.4,1.45,1,0.05
14963,20.0,0.25,1,0.05
14964,20.0,0.25,1,0.05
14965,20.15,0.2,1,0.05
14966,20.0,0.25,1,0.05
14967,20.4,1.1500000000000001,1,0.05
14968,20.1,0.35,1,0.05
14969,20.3,1.1500000000000001,1,0.05
14970,-9.85,12.35,0,0.05
14971,-8.95,13.349999999999998,0,0.05
14972,20.1,0.15000000000000002,1,0.05
14973,20.55,1.4999999999999998,1,0.05
14974,20.1,0.35,1,0.05
14975,20.1,0.15000000000000002,1,0.05
14976,20.25,0.8000000000000002,1,0.05
14977,20.15,0.3,1,0.05
14978,20.15,0.8000000000000002,1,0.05
14979,20.3,0.7500000000000001,1,0.05
14980,20.15,0.3,1,0.05
14981,20.75,2.599999999999999,1,0.05
14982,20.2,0.55,1,0.05
14983,20.1,0.35,1,0.05
14984,20.15,0.7000000000000002,1,0.05
14985,20.1,0.25,1,0.05
14986,20.1,0.15000000000000002,1,0.05
14987,20.1,0.35000000000000003,1,0.05
14988,20.15,0.30000000000000004,1,0.05
14989,20.1,0.25,1,0.05
14990,20.15,0.3,1,0.05
14991,20.1,0.55,1,0.05
14992,20.15,0.3,1,0.05
14993,20.15,0.7000000000000002,1,0.05
14994,20.3,0.6500000000000001,1,0.05
14995,20.25,1.0000000000000002,1,0.05
14996,-8.95,13.25,0,0.05
14997,20.2,0.55,1,0.05
14998,20.2,0.55,1,0.05
14999,20.15,0.2,1,0.05
15000,20.1,0.45,1,0.05
15001,20.1,0.55,1,0.05
15002,20.05,0.2,1,0.05
15003,20.15,0.3,1,0.05
15004,20.15,0.7000000000000002,1,0.05
15005,20.25,0.5000000000000001,1,0.05
15006,-9.049999999999999,13.149999999999999,0,0.05
15007,20.15,0.2,1,0.05
15008,20.15,0.7000000000000001,1,0.05
15009,20.5,1.8499999999999999,1,0.05
15010,20.1,0.15000000000000002,1,0.05
15011,-8.85,13.349999999999998,0,0.05
15012,20.15,0.2,1,0.05
15013,20.65,2.099999999999999,1,0.05
15014,20.25,0.5000000000000001,1,0.05
15015,20.2,0.5500000000000002,1,0.05
15016,20.5,1.3499999999999999,1,0.05
15017,20.35,1.4000000000000004,1,0.05
15018,-8.75,13.549999999999999,0,0.05
15019,20.05,0.0,1,0.05
15020,20.15,0.2,1,0.05
15021,20.05,0.0,1,0.05
15022,20.1,0.35000000000000003,1,0.05
15023,20.15,0.5000000000000001,1,0.05
15024,20.05,0.39999999999999997,1,0.05
15025,20.2,0.45,1,0.05
15026,20.15,0.3,1,0.05
15027,20.05,0.6000000000000001,1,0.05
15028,-9.049999999999999,13.249999999999998,0,0.05
15029,19.95,0.49999999999999994,1,0.05
15030,20.15,0.2,1,0.05
15031,20.55,1.6999999999999997,1,0.05
15032,20.05,0.3,1,0.05
15033,20.3,0.6500000000000001,1,0.05
15034,20.9,2.549999999999999,1,0.05
15035,20.2,0.8500000000000002,1,0.05
15036,20.25,1.2,1,0.05
15037,20.15,0.8000000000000002,1,0.05
15038,20.15,0.3,1,0.05
15039,20.1,0.35,1,0.05
15040,20.1,0.55,1,0.05
15041,20.0,0.35,1,0.05
15042,20.05,0.3,1,0.05
15043,20.25,1.0,1,0.05
15044,20.1,0.15000000000000002,1,0.05
15045,20.0,0.35000000000000003,1,0.05
15046,20.0,0.25,1,0.05
15047,20.1,0.05,1,0.05
15048,20.15,0.3,1,0.05
15049,20.1,0.25,1,0.05
15050,20.1,0.35,1,0.05
15051,20.15,0.3,1,0.05
15052,-9.15,13.149999999999999,0,0.05
15053,20.1,0.35,1,0.05
15054,20.4,1.6500000000000001,1,0.05
15055,20.1,0.35000000000000003,1,0.05
15056,20.1,0.35,1,0.05
15057,19.95,0.3,1,0.05
15058,20.15,0.2,1,0.05
15059,-8.95,13.249999999999998,0,0.05
15060,20.15,0.3,1,0.05
15061,20.0,0.35,1,0.05
15062,20.0,0.25,1,0.05
15063,20.0,0.44999999999999996,1,0.05
15064,20.15,0.4,1,0.05
15065,20.05,0.8,1,0.05
15066,20.1,0.15000000000000002,1,0.05
15067,20.65,1.7999999999999996,1,0.05
15068,20.05,0.2,1,0.05
15069,20.0,0.44999999999999996,1,0.05
15070,20.1,0.35,1,0.05
15071,20.1,0.35,1,0.05
15072,20.1,0.15000000000000002,1,0.05
15073,20.1,0.35,1,0.05
15074,20.0,0.44999999999999996,1,0.05
15075,-8.85,13.45,0,0.05
15076,-9.049999999999999,13.149999999999999,0,0.05
15077,20.3,0.7500000000000001,1,0.05
15078,20.15,0.3,1,0.05
15079,20.25,0.8000000000000002,1,0.05
15080,20.2,0.5500000000000002,1,0.05
15081,20.15,0.2,1,0.05
15082,20.35,1.1,1,0.05
15083,20.2,0.45,1,0.05
15084,20.15,0.7000000000000001,1,0.05
15085,20.1,0.25,1,0.05
15086,20.1,0.05,1,0.05
15087,20.1,0.25,1,0.05
15088,20.15,0.2,1,0.05
15089,20.1,0.15000000000000002,1,0.05
15090,20.4,1.05,1,0.05
15091,20.05,0.2,1,0.05
15092,21.05,3.0999999999999988,1,0.05
15093,20.15,0.8000000000000002,1,0.05
15094,20.25,0.5000000000000001,1,0.05
15095,20.2,0.55,1,0.05
15096,20.1,0.35,1,0.05
15097,20.15,0.2,1,0.05
15098,-9.049999999999999,13.25,0,0.05
15099,20.15,0.3,1,0.05
15100,20.05,0.3,1,0.05
15101,20.05,0.3,1,0.05
15102,20.2,0.45,1,0.05
15103,20.15,0.9000000000000001,1,0.05
15104,20.55,1.4999999999999998,1,0.05
15105,20.45,1.3,1,0.05
15106,20.6,-18.4,1,0.05
15107,20.15,0.30000000000000004,1,0.05
15108,-8.95,13.349999999999998,0,0.05
15109,20.15,0.3,1,0.05
15110,20.05,0.8,1,0.05
15111,20.05,0.7000000000000001,1,0.05
15112,20.15,0.3,1,0.05
15113,20.15,0.3,1,0.05
15114,20.05,0.39999999999999997,1,0.05
15115,21.1,3.3499999999999988,1,0.05
15116,20.1,0.25,1,0.05
15117,20.0,0.44999999999999996,1,0.05
15118,20.15,0.2,1,0.05
15119,20.1,0.05,1,0.05
15120,-8.85,13.45,0,0.05
15121,20.5,1.4500000000000004,1,0.05
15122,20.25,0.5000000000000001,1,0.05
15123,20.15,0.6000000000000001,1,0.05
15124,20.5,1.3499999999999999,1,0.05
15125,20.3,0.9500000000000002,1,0.05
15126,20.9,2.949999999999999,1,0.05
15127,20.2,0.7500000000000001,1,0.05
15128,19.95,0.49999999999999994,1,0.05
15129,20.05,0.3,1,0.05
15130,20.2,0.45,1,0.05
15131,20.15,0.6000000000000001,1,0.05
15132,20.25,1.0,1,0.05
15133,20.05,0.2,1,0.05
15134,20.15,0.5,1,0.05
15135,20.85,2.599999999999999,1,0.05
15136,20.6,-18.5,1,0.05
15137,20.05,0.2,1,0.05
15138,20.25,1.1000000000000003,1,0.05
15139,21.0,-17.200000000000003,1,0.05
15140,20.15,0.9000000000000002,1,0.05
15141,20.15,0.3,1,0.05
15142,20.1,0.35,1,0.05
15143,20.05,0.3,1,0.05
15144,20.0,0.25,1,0.05
15145,20.15,0.2,1,0.05
15146,20.5,1.55,1,0.05
15147,-8.75,13.549999999999999,0,0.05
15148,20.35,0.9000000000000001,1,0.05
15149,20.0,0.25,1,0.05
15150,20.0,0.25,1,0.05
15151,20.25,0.6000000000000001,1,0.05
15152,20.15,0.6000000000000001,1,0.05
15153,20.1,0.15000000000000002,1,0.05
15154,20.25,0.7000000000000002,1,0.05
15155,-9.049999999999999,13.249999999999998,0,0.05
15156,20.0,0.35,1,0.05
15157,20.5,1.2500000000000002,1,0.05
15158,20.0,0.25,1,0.05
15159,20.0,0.25,1,0.05
15160,20.15,0.3,1,0.05
15161,20.6,1.8499999999999999,1,0.05
15162,20.15,0.5000000000000001,1,0.05
15163,20.05,0.7000000000000001,1,0.05
15164,20.95,3.0999999999999988,1,0.05
15165,20.2,0.35000000000000003,1,0.05
15166,20.1,0.15000000000000002,1,0.05
15167,20.45,-18.75,1,0.05
15168,-8.75,13.549999999999999,0,0.05
15169,20.0,0.25,1,0.05
15170,-8.95,13.349999999999998,0,0.05
15171,20.05,0.30000000000000004,1,0.05
15172,20.0,0.8500000000000002,1,0.05
15173,20.15,0.3,1,0.05
15174,20.15,0.2,1,0.05
15175,20.05,0.3,1,0.05
15176,19.95,0.10000000000000002,1,0.05
15177,20.0,0.05,1,0.05
15178,20.5,1.4500000000000004,1,0.05
15179,20.15,0.5,1,0.05
15180,20.15,0.3,1,0.05
15181,20.15,0.2,1,0.05
15182,20.05,0.3,1,0.05
15183,20.3,0.6500000000000001,1,0.05
15184,20.0,0.44999999999999996,1,0.05
15185,19.85,0.39999999999999997,1,0.05
15186,20.5,2.3499999999999988,1,0.05
15187,20.2,0.35000000000000003,1,0.05
15188,20.15,0.7000000000000001,1,0.05
15189,20.1,0.35,1,0.05
15190,19.9,0.15000000000000002,1,0.05
15191,20.15,0.5000000000000001,1,0.05
15192,20.05,0.2,1,0.05
15193,20.05,0.4,1,0.05
15194,20.2,1.6500000000000001,1,0.05
15195,20.0,0.25,1,0.05
15196,20.1,0.25,1,0.05
15197,20.2,0.55,1,0.05
15198,20.2,0.55,1,0.05
15199,20.35,1.4999999999999998,1,0.05
15200,20.15,0.5,1,0.05
15201,20.2,1.6500000000000001,1,0.05
15202,20.05,0.39999999999999997,1,0.05
15203,20.0,0.8500000000000002,1,0.05
15204,20.0,0.44999999999999996,1,0.05
15205,20.15,0.5000000000000001,1,0.05
15206,20.1,0.35,1,0.05
15207,20.15,0.2,1,0.05
15208,20.15,0.4,1,0.05
15209,20.0,0.25,1,0.05
15210,20.1,0.35,1,0.05
15211,20.15,0.3,1,0.05
15212,20.15,0.9000000000000002,1,0.05
15213,20.2,0.35000000000000003,1,0.05
15214,20.05,0.2,1,0.05
15215,20.1,0.35,1,0.05
15216,-9.35,12.95,0,0.05
15217,20.1,0.35,1,0.05
15218,20.2,0.6500000000000001,1,0.05
15219,20.05,0.2,1,0.05
15220,20.1,0.35,1,0.05
15221,20.1,1.4500000000000004,1,0.05
15222,20.3,0.8500000000000002,1,0.05
15223,20.1,0.35,1,0.05
15224,20.15,0.30000000000000004,1,0.05
15225,20.1,0.35,1,0.05
15226,20.4,1.05,1,0.05
15227,-9.049999999999999,13.249999999999998,0,0.05
15228,20.1,0.7500000000000001,1,0.05
15229,20.1,0.25,1,0.05
15230,20.15,0.4,1,0.05
15231,20.4,0.9500000000000002,1,0.05
15232,20.3,0.7500000000000001,1,0.05
15233,20.15,0.5000000000000001,1,0.05
15234,20.15,0.7000000000000001,1,0.05
15235,20.2,0.45,1,0.05
15236,20.2,0.6500000000000001,1,0.05
15237,20.4,-19.0,1,0.05
15238,20.2,-19.7,1,0.05
15239,20.9,2.749999999999999,1,0.05
15240,20.2,0.45,1,0.05
15241,20.15,0.2,1,0.05
15242,20.15,0.6000000000000001,1,0.05
15243,20.1,0.25,1,0.05
15244,20.2,0.55,1,0.05
15245,20.2,0.55,1,0.05
15246,20.1,0.25,1,0.05
15247,19.85,1.6,1,0.05
15248,20.3,0.9500000000000002,1,0.05
15249,20.15,0.6000000000000001,1,0.05
15250,20.15,-19.75,1,0.05
15251,20.15,0.3,1,0.05
15252,20.1,0.15000000000000002,1,0.05
15253,20.2,0.45,1,0.05
15254,20.1,0.35,1,0.05
15255,20.15,0.3,1,0.05
15256,20.1,0.35,1,0.05
15257,20.1,0.25,1,0.05
15258,20.25,0.6000000000000001,1,0.05
15259,20.25,0.9000000000000002,1,0.05
15260,20.3,1.3500000000000003,1,0.05
15261,20.6,1.8499999999999999,1,0.05
15262,20.2,0.55,1,0.05
15263,20.15,0.2,1,0.05
15264,20.1,0.35,1,0.05
15265,20.15,0.3,1,0.05
15266,20.1,0.35,1,0.05
15267,20.1,0.25,1,0.05
15268,-8.75,13.549999999999999,0,0.05
15269,20.15,0.6000000000000001,1,0.05
15270,20.05,0.39999999999999997,1,0.05
15271,20.1,0.25,1,0.05
15272,20.35,1.3,1,0.05
15273,20.0,-19.8,1,0.05
15274,20.45,1.1000000000000003,1,0.05
15275,20.15,0.3,1,0.05
15276,20.2,0.45,1,0.05
15277,20.15,0.30000000000000004,1,0.05
15278,20.1,0.55,1,0.05
15279,-8.95,13.249999999999998,0,0.05
15280,20.05,0.3,1,0.05
15281,20.15,0.3,1,0.05
15282,20.1,0.25,1,0.05
15283,20.15,0.6000000000000001,1,0.05
15284,20.25,0.5000000000000001,1,0.05
15285,20.05,0.2,1,0.05
15286,20.2,0.55,1,0.05
15287,20.15,0.3,1,0.05
15288,20.25,0.6000000000000001,1,0.05
15289,20.25,0.6000000000000001,1,0.05
15290,20.05,0.10000000000000002,1,0.05
15291,20.8,2.8499999999999988,1,0.05
15292,20.2,0.45,1,0.05
15293,20.1,0.25,1,0.05
15294,20.3,-19.2,1,0.05
15295,20.1,0.25,1,0.05
15296,20.05,0.2,1,0.05
15297,20.1,0.25,1,0.05
15298,20.2,0.45,1,0.05
15299,20.2,0.45,1,0.05
15300,20.25,0.5000000000000001,1,0.05
15301,20.1,0.15000000000000002,1,0.05
15302,20.3,0.7500000000000001,1,0.05
15303,20.15,0.5000000000000001,1,0.05
15304,-8.75,13.549999999999999,0,0.05
15305,20.35,1.3,1,0.05
15306,20.2,0.45,1,0.05
15307,20.1,0.25,1,0.05
15308,20.15,0.2,1,0.05
15309,20.05,0.3,1,0.05
15310,20.15,0.3,1,0.05
15311,20.6,1.6499999999999997,1,0.05
15312,20.45,1.4000000000000001,1,0.05
15313,20.15,0.2,1,0.05
15314,20.2,0.45,1,0.05
15315,20.15,0.2,1,0.05
15316,20.65,1.9999999999999996,1,0.05
15317,20.15,0.2,1,0.05
15318,20.25,1.5000000000000002,1,0.05
15319,20.2,0.6500000000000001,1,0.05
15320,20.15,0.2,1,0.05
15321,19.9,0.35,1,0.05
15322,20.15,0.3,1,0.05
15323,20.55,1.7999999999999998,1,0.05
15324,20.15,0.6000000000000001,1,0.05
15325,-8.85,13.45,0,0.05
15326,-9.45,12.95,0,0.05
15327,20.2,0.6500000000000001,1,0.05
15328,20.15,0.3,1,0.05
15329,20.45,1.8,1,0.05
15330,20.3,0.7500000000000001,1,0.05
15331,20.25,0.5000000000000001,1,0.05
15332,20.3,0.9500000000000002,1,0.05
15333,20.25,0.6000000000000001,1,0.05
15334,20.1,0.15000000000000002,1,0.05
15335,20.1,0.35000000000000003,1,0.05
15336,20.2,0.6500000000000001,1,0.05
15337,20.1,0.35,1,0.05
15338,20.25,0.6000000000000001,1,0.05
15339,20.55,1.7999999999999998,1,0.05
15340,20.1,0.25,1,0.05
15341,20.35,1.2,1,0.05
15342,20.1,0.15000000000000002,1,0.05
15343,20.15,0.3,1,0.05
15344,20.15,0.2,1,0.05
15345,20.15,0.6000000000000001,1,0.05
15346,20.15,0.2,1,0.05
15347,20.2,0.6500000000000001,1,0.05
15348,-9.15,13.149999999999999,0,0.05
15349,20.1,0.25,1,0.05
15350,20.35,1.1000000000000003,1,0.05
15351,20.0,0.6500000000000001,1,0.05
15352,20.1,0.15000000000000002,1,0.05
15353,20.3,1.0500000000000003,1,0.05
15354,20.1,0.7500000000000001,1,0.05
15355,20.75,2.499999999999999,1,0.05
15356,20.25,0.5000000000000001,1,0.05
15357,20.2,0.45,1,0.05
15358,20.1,0.35,1,0.05
15359,20.25,-18.65,1,0.05
15360,20.1,0.15000000000000002,1,0.05
15361,20.7,2.0499999999999994,1,0.05
15362,20.0,0.25,1,0.05
15363,20.15,0.2,1,0.05
15364,20.2,0.35000000000000003,1,0.05
15365,20.15,0.2,1,0.05
15366,20.15,0.2,1,0.05
15367,20.35,1.5,1,0.05
15368,20.45,1.3,1,0.05
15369,21.05,2.9999999999999987,1,0.05
15370,20.1,0.35,1,0.05
15371,20.05,0.2,1,0.05
15372,20.1,0.15000000000000002,1,0.05
15373,20.05,0.3,1,0.05
15374,20.2,0.6500000000000001,1,0.05
15375,20.1,0.15000000000000002,1,0.05
15376,20.15,0.3,1,0.05
15377,20.1,0.35,1,0.05
15378,20.25,0.6000000000000001,1,0.05
15379,20.15,0.5,1,0.05
15380,20.1,0.35,1,0.05
15381,20.1,0.6500000000000001,1,0.05
15382,20.25,0.5000000000000001,1,0.05
15383,20.15,0.5,1,0.05
15384,20.4,1.4500000000000002,1,0.05
15385,20.15,0.3,1,0.05
15386,20.1,0.15000000000000002,1,0.05
15387,20.1,0.9500000000000001,1,0.05
15388,20.1,0.35,1,0.05
15389,20.0,1.6499999999999997,1,0.05
15390,20.15,-19.75,1,0.05
15391,20.5,2.3499999999999996,1,0.05
15392,20.15,0.3,1,0.05
15393,20.15,0.3,1,0.05
15394,20.2,0.35000000000000003,1,0.05
15395,20.35,1.0,1,0.05
15396,20.5,1.3499999999999999,1,0.05
15397,20.1,0.25,1,0.05
15398,20.1,0.15000000000000002,1,0.05
15399,20.25,0.6000000000000001,1,0.05
15400,20.15,0.3,1,0.05
15401,21.0,-17.0,1,0.05
15402,20.2,0.55,1,0.05
15403,20.15,0.3,1,0.05
15404,20.2,0.6500000000000001,1,0.05
15405,20.1,0.15000000000000002,1,0.05
15406,20.15,0.3,1,0.05
15407,20.2,0.35000000000000003,1,0.05
15408,-9.049999999999999,13.149999999999999,0,0.05
15409,20.35,0.9000000000000001,1,0.05
15410,20.15,0.2,1,0.05
15411,20.2,0.45,1,0.05
15412,20.2,0.45,1,0.05
15413,20.15,-19.45,1,0.05
15414,20.3,0.7500000000000001,1,0.05
15415,20.25,0.6000000000000001,1,0.05
15416,20.1,-19.9,1,0.05
15417,20.0,0.25,1,0.05
15418,20.15,0.3,1,0.05
15419,20.2,0.45,1,0.05
15420,20.2,0.45,1,0.05
15421,20.2,0.6500000000000001,1,0.05
15422,20.1,0.55,1,0.05
15423,20.2,1.2500000000000002,1,0.05
15424,20.1,0.55,1,0.05
15425,-9.049999999999999,13.25,0,0.05
15426,20.2,0.55,1,0.05
15427,20.65,-17.85,1,0.05
15428,20.05,0.2,1,0.05
15429,20.25,0.5000000000000001,1,0.05
15430,20.7,1.9499999999999995,1,0.05
15431,20.05,-19.85,1,0.05
15432,20.2,0.45,1,0.05
15433,20.55,1.8999999999999997,1,0.05
15434,20.2,0.45,1,0.05
15435,20.25,0.9000000000000002,1,0.05
15436,20.4,-19.0,1,0.05
15437,-8.85,13.45,0,0.05
15438,20.15,0.5,1,0.05
15439,20.5,1.45,1,0.05
15440,20.2,0.6500000000000001,1,0.05
15441,-9.15,13.149999999999999,0,0.05
15442,20.15,0.3,1,0.05
15443,20.45,1.4000000000000001,1,0.05
15444,20.0,0.25,1,0.05
15445,20.3,0.7500000000000001,1,0.05
15446,20.45,2.0,1,0.05
15447,20.0,0.35,1,0.05
15448,20.15,0.2,1,0.05
15449,20.2,0.45,1,0.05
15450,19.95,0.3,1,0.05
15451,20.1,0.25,1,0.05
15452,20.1,0.15000000000000002,1,0.05
15453,20.05,0.39999999999999997,1,0.05
15454,20.2,0.45,1,0.05
15455,20.1,0.35,1,0.05
15456,20.15,0.2,1,0.05
15457,-9.25,13.149999999999999,0,0.05
15458,20.1,0.35,1,0.05
15459,20.15,0.3,1,0.05
15460,20.15,0.7000000000000001,1,0.05
15461,20.2,0.45,1,0.05
15462,20.15,0.6000000000000001,1,0.05
15463,20.1,0.55,1,0.05
15464,20.25,0.6000000000000001,1,0.05
15465,20.5,1.55,1,0.05
15466,20.1,0.15000000000000002,1,0.05
15467,20.05,0.2,1,0.05
15468,20.1,0.35,1,0.05
15469,20.65,-17.85,1,0.05
15470,20.8,2.649999999999999,1,0.05
15471,20.15,0.5000000000000001,1,0.05
15472,20.15,0.2,1,0.05
15473,20.15,0.3,1,0.05
15474,20.45,1.8,1,0.05
15475,20.0,0.25,1,0.05
15476,20.2,0.45,1,0.05
15477,20.35,-18.85,1,0.05
15478,20.15,0.5,1,0.05
15479,20.2,1.45,1,0.05
15480,20.25,1.0000000000000002,1,0.05
15481,20.8,2.249999999999999,1,0.05
15482,20.25,0.6000000000000001,1,0.05
15483,20.1,0.35,1,0.05
15484,20.0,0.25,1,0.05
15485,20.4,-18.3,1,0.05
15486,20.15,-19.65,1,0.05
15487,19.9,0.5499999999999999,1,0.05
15488,20.5,1.55,1,0.05
15489,20.1,0.35,1,0.05
15490,20.15,0.3,1,0.05
15491,20.1,0.15000000000000002,1,0.05
15492,20.75,2.699999999999999,1,0.05
15493,19.85,0.6000000000000001,1,0.05
15494,20.05,0.3,1,0.05
15495,20.1,0.15000000000000002,1,0.05
15496,20.1,0.15000000000000002,1,0.05
15497,20.15,0.2,1,0.05
15498,20.1,-19.7,1,0.05
15499,20.1,0.55,1,0.05
15500,20.1,0.45,1,0.05
15501,-8.95,13.349999999999998,0,0.05
15502,20.6,1.6499999999999997,1,0.05
15503,20.15,0.2,1,0.05
15504,20.0,0.44999999999999996,1,0.05
15505,20.25,0.5000000000000001,1,0.05
15506,20.05,0.3,1,0.05
15507,20.1,0.35000000000000003,1,0.05
15508,20.2,0.45,1,0.05
15509,20.15,0.5000000000000001,1,0.05
15510,20.3,0.7500000000000001,1,0.05
15511,20.3,0.7500000000000001,1,0.05
15512,21.1,3.1499999999999986,1,0.05
15513,-8.95,13.35,0,0.05
15514,20.1,0.35,1,0.05
15515,-9.55,12.75,0,0.05
15516,20.1,0.25,1,0.05
15517,20.05,0.2,1,0.05
15518,-8.95,13.349999999999998,0,0.05
15519,20.3,0.7500000000000001,1,0.05
15520,20.15,0.3,1,0.05
15521,20.0,0.25,1,0.05
15522,20.1,0.25,1,0.05
15523,20.25,0.8000000000000002,1,0.05
15524,20.25,0.7000000000000002,1,0.05
15525,21.05,2.9999999999999987,1,0.05
15526,20.3,0.7500000000000001,1,0.05
15527,20.05,0.3,1,0.05
15528,20.1,0.9500000000000002,1,0.05
15529,20.3,0.7500000000000001,1,0.05
15530,20.2,0.45,1,0.05
15531,20.1,0.35,1,0.05
15532,20.0,0.45,1,0.05
15533,20.45,1.2,1,0.05
15534,20.15,0.5,1,0.05
15535,20.1,0.15000000000000002,1,0.05
15536,20.1,0.35,1,0.05
15537,20.25,0.5000000000000001,1,0.05
15538,20.1,0.55,1,0.05
15539,20.2,0.6500000000000001,1,0.05
15540,20.15,0.3,1,0.05
15541,-8.75,13.45,0,0.05
15542,20.15,0.3,1,0.05
15543,20.2,0.55,1,0.05
15544,20.15,0.3,1,0.05
15545,20.3,0.7500000000000001,1,0.05
15546,20.2,0.6500000000000001,1,0.05
15547,20.5,1.4500000000000004,1,0.05
15548,20.15,0.3,1,0.05
15549,20.5,1.4500000000000004,1,0.05
15550,20.15,0.30000000000000004,1,0.05
15551,20.1,0.35,1,0.05
15552,20.05,0.3,1,0.05
15553,20.2,0.45,1,0.05
15554,20.1,0.55,1,0.05
15555,20.1,0.35,1,0.05
15556,20.25,0.5000000000000001,1,0.05
15557,20.15,0.2,1,0.05
15558,20.2,0.6500000000000001,1,0.05
15559,20.5,1.55,1,0.05
15560,20.15,0.3,1,0.05
15561,20.25,0.6000000000000001,1,0.05
15562,20.05,0.2,1,0.05
15563,20.0,0.7500000000000001,1,0.05
15564,20.5,1.7499999999999998,1,0.05
15565,21.0,3.2499999999999987,1,0.05
15566,20.15,0.2,1,0.05
15567,20.25,0.5000000000000001,1,0.05
15568,20.05,0.0,1,0.05
15569,20.1,0.6500000000000001,1,0.05
15570,20.0,0.35,1,0.05
15571,20.05,-19.45,1,0.05
15572,20.1,-19.9,1,0.05
15573,20.15,0.3,1,0.05
15574,20.15,0.3,1,0.05
15575,20.1,0.35,1,0.05
15576,20.2,0.55,1,0.05
15577,20.15,0.3,1,0.05
15578,20.2,0.45,1,0.05
15579,20.1,0.35,1,0.05
15580,20.4,1.3499999999999999,1,0.05
15581,20.15,0.2,1,0.05
15582,20.45,1.6000000000000003,1,0.05
15583,20.1,-19.8,1,0.05
15584,20.25,0.6000000000000001,1,0.05
15585,20.1,0.35,1,0.05
15586,20.25,0.5000000000000001,1,0.05
15587,20.15,0.2,1,0.05
15588,20.4,1.45,1,0.05
15589,20.15,0.3,1,0.05
15590,20.15,0.3,1,0.05
15591,20.15,0.5,1,0.05
15592,20.05,0.39999999999999997,1,0.05
15593,20.15,0.2,1,0.05
15594,20.15,0.2,1,0.05
15595,20.1,0.15000000000000002,1,0.05
15596,20.05,0.2,1,0.05
15597,20.05,0.2,1,0.05
15598,20.15,1.3000000000000005,1,0.05
15599,20.05,0.2,1,0.05
15600,20.5,1.4500000000000004,1,0.05
15601,20.1,0.05,1,0.05
15602,20.1,0.35,1,0.05
15603,20.15,0.7000000000000002,1,0.05
15604,20.15,0.3,1,0.05
15605,20.1,0.35,1,0.05
15606,20.1,0.35,1,0.05
15607,20.0,0.35,1,0.05
15608,20.15,0.2,1,0.05
15609,20.2,1.45,1,0.05
15610,-9.35,12.849999999999998,0,0.05
15611,20.25,0.5000000000000001,1,0.05
15612,20.15,0.30000000000000004,1,0.05
15613,20.1,0.25,1,0.05
15614,20.3,-18.9,1,0.05
15615,-10.05,12.45,0,0.05
15616,20.15,0.3,1,0.05
15617,20.55,1.9999999999999998,1,0.05
15618,20.2,0.55,1,0.05
15619,20.35,1.6000000000000003,1,0.05
15620,20.2,0.45,1,0.05
15621,20.15,0.2,1,0.05
15622,19.95,0.3,1,0.05
15623,20.75,2.499999999999999,1,0.05
15624,20.0,0.25,1,0.05
15625,20.2,0.9500000000000002,1,0.05
15626,20.1,0.25,1,0.05
15627,20.1,0.55,1,0.05
15628,20.1,0.35,1,0.05
15629,20.1,0.25,1,0.05
15630,20.2,0.35000000000000003,1,0.05
15631,20.15,0.2,1,0.05
15632,20.15,0.3,1,0.05
15633,20.05,0.2,1,0.05
15634,20.05,0.2,1,0.05
15635,20.6,-18.3,1,0.05
15636,20.15,0.5000000000000001,1,0.05
15637,20.1,0.25,1,0.05
15638,20.6,-18.1,1,0.05
15639,20.8,2.749999999999999,1,0.05
15640,20.35,1.0,1,0.05
15641,20.1,0.35,1,0.05
15642,20.15,0.3,1,0.05
15643,20.25,1.0000000000000002,1,0.05
15644,20.1,0.25,1,0.05
15645,20.1,0.25,1,0.05
15646,20.25,0.8000000000000002,1,0.05
15647,20.25,0.5000000000000001,1,0.05
15648,20.2,0.45,1,0.05
15649,20.05,0.2,1,0.05
15650,20.15,0.3,1,0.05
15651,20.15,0.2,1,0.05
15652,20.35,1.3000000000000005,1,0.05
15653,20.1,0.25,1,0.05
15654,20.2,-19.5,1,0.05
15655,20.95,2.799999999999999,1,0.05
15656,20.2,0.55,1,0.05
15657,20.1,0.25,1,0.05
15658,20.05,0.2,1,0.05
15659,19.95,0.3,1,0.05
15660,20.05,0.2,1,0.05
15661,20.25,1.0000000000000002,1,0.05
15662,20.1,0.35,1,0.05
15663,20.15,0.3,1,0.05
15664,20.2,0.6500000000000001,1,0.05
15665,20.15,0.2,1,0.05
15666,20.1,0.25,1,0.05
15667,-9.75,12.549999999999999,0,0.05
15668,20.1,0.15000000000000002,1,0.05
15669,20.1,0.25,1,0.05
15670,20.35,1.3,1,0.05
15671,20.1,0.15000000000000002,1,0.05
15672,20.15,0.2,1,0.05
15673,-8.85,13.45,0,0.05
15674,20.65,2.7999999999999985,1,0.05
15675,20.2,-19.6,1,0.05
15676,20.1,0.35,1,0.05
15677,20.1,0.15000000000000002,1,0.05
15678,-9.25,12.95,0,0.05
15679,20.05,0.3,1,0.05
15680,20.2,0.6500000000000001,1,0.05
15681,20.2,0.6500000000000001,1,0.05
15682,20.1,0.35,1,0.05
15683,20.05,0.2,1,0.05
15684,20.15,0.2,1,0.05
15685,20.25,0.5000000000000001,1,0.05
15686,-9.15,13.149999999999999,0,0.05
15687,20.1,0.35,1,0.05
15688,20.05,0.3,1,0.05
15689,20.1,0.25000000000000006,1,0.05
15690,20.2,0.45,1,0.05
15691,20.25,1.7000000000000008,1,0.05
15692,20.15,0.6000000000000001,1,0.05
15693,20.1,0.35,1,0.05
15694,20.3,0.9500000000000002,1,0.05
15695,20.15,0.2,1,0.05
15696,20.1,0.35,1,0.05
15697,20.45,1.4999999999999998,1,0.05
15698,20.1,0.25,1,0.05
15699,20.0,0.35,1,0.05
15700,20.15,0.2,1,0.05
15701,20.2,0.45,1,0.05
15702,20.35,-19.15,1,0.05
15703,20.1,0.35,1,0.05
15704,20.0,0.05,1,0.05
15705,20.3,0.9500000000000002,1,0.05
15706,20.2,0.45,1,0.05
15707,20.25,1.1000000000000003,1,0.05
15708,20.1,0.35,1,0.05
15709,20.15,0.2,1,0.05
15710,20.15,0.2,1,0.05
15711,20.1,0.35,1,0.05
15712,20.2,0.6500000000000001,1,0.05
15713,19.95,0.39999999999999997,1,0.05
15714,20.55,-18.15,1,0.05
15715,20.3,0.6500000000000001,1,0.05
15716,20.15,0.3,1,0.05
15717,21.15,-16.75,1,0.05
15718,20.05,0.2,1,0.05
15719,20.0,0.44999999999999996,1,0.05
15720,20.25,0.5000000000000001,1,0.05
15721,20.15,0.9000000000000001,1,0.05
15722,20.7,2.1499999999999995,1,0.05
15723,20.15,0.3,1,0.05
15724,19.9,1.9500000000000002,1,0.05
15725,20.2,0.45,1,0.05
15726,20.1,0.25,1,0.05
15727,20.2,0.35000000000000003,1,0.05
15728,20.15,0.3,1,0.05
15729,20.2,0.9500000000000002,1,0.05
15730,20.2,0.55,1,0.05
15731,20.1,-19.7,1,0.05
15732,20.1,0.25,1,0.05
15733,20.1,0.25,1,0.05
15734,20.2,0.6500000000000001,1,0.05
15735,20.1,0.25,1,0.05
15736,20.45,1.5999999999999999,1,0.05
15737,20.05,0.2,1,0.05
15738,20.6,-18.3,1,0.05
15739,20.15,0.3,1,0.05
15740,20.2,0.6500000000000001,1,0.05
15741,20.3,0.7500000000000001,1,0.05
15742,20.1,0.15000000000000002,1,0.05
15743,20.1,0.25,1,0.05
15744,20.1,0.15000000000000002,1,0.05
15745,20.25,0.5000000000000001,1,0.05
15746,20.1,-19.7,1,0.05
15747,20.65,2.399999999999999,1,0.05
15748,20.15,0.7000000000000001,1,0.05
15749,20.2,0.6500000000000001,1,0.05
15750,20.05,0.2,1,0.05
15751,20.2,0.6500000000000001,1,0.05
15752,20.0,0.35,1,0.05
15753,20.15,0.3,1,0.05
15754,20.3,0.7500000000000001,1,0.05
15755,20.0,0.25,1,0.05
15756,20.15,0.3,1,0.05
15757,20.5,1.55,1,0.05
15758,19.95,0.2,1,0.05
15759,19.95,0.39999999999999997,1,0.05
15760,20.05,0.2,1,0.05
15761,20.0,0.44999999999999996,1,0.05
15762,20.1,0.35000000000000003,1,0.05
15763,20.1,0.35,1,0.05
15764,20.25,0.6000000000000001,1,0.05
15765,20.05,0.10000000000000002,1,0.05
15766,20.5,1.45,1,0.05
15767,20.15,0.3,1,0.05
15768,20.1,0.15000000000000002,1,0.05
15769,20.2,0.45,1,0.05
15770,20.1,0.25,1,0.05
15771,20.05,0.2,1,0.05
15772,20.1,0.35000000000000003,1,0.05
15773,20.3,0.8500000000000001,1,0.05
15774,20.1,0.35000000000000003,1,0.05
15775,20.2,0.45,1,0.05
15776,20.55,1.8999999999999997,1,0.05
15777,20.35,1.2000000000000002,1,0.05
15778,20.1,0.35,1,0.05
15779,-8.85,13.45,0,0.05
15780,20.2,0.45,1,0.05
15781,20.05,0.39999999999999997,1,0.05
15782,20.0,0.25,1,0.05
15783,20.45,1.4,1,0.05
15784,-9.25,13.049999999999999,0,0.05
15785,20.0,0.25,1,0.05
15786,20.25,1.0,1,0.05
15787,20.2,0.45,1,0.05
15788,20.1,0.35,1,0.05
15789,20.1,0.55,1,0.05
15790,-8.95,13.349999999999998,0,0.05
15791,20.15,0.2,1,0.05
15792,19.9,0.44999999999999996,1,0.05
15793,20.35,0.9000000000000001,1,0.05
15794,20.15,1.1000000000000003,1,0.05
15795,20.15,0.3,1,0.05
15796,20.35,1.7,1,0.05
15797,20.4,1.05,1,0.05
15798,20.15,0.3,1,0.05
15799,20.45,1.7,1,0.05
15800,20.2,0.35000000000000003,1,0.05
15801,20.35,1.3,1,0.05
15802,-9.25,12.95,0,0.05
15803,20.25,0.5000000000000001,1,0.05
15804,20.05,0.2,1,0.05
15805,20.15,0.3,1,0.05
15806,20.45,1.3000000000000005,1,0.05
15807,20.2,0.45,1,0.05
15808,20.15,0.3,1,0.05
15809,20.1,0.35,1,0.05
15810,20.15,0.3,1,0.05
15811,20.05,0.2,1,0.05
15812,20.2,0.55,1,0.05
15813,20.2,0.5500000000000002,1,0.05
15814,20.25,0.7000000000000001,1,0.05
15815,20.8,2.7499999999999987,1,0.05
15816,20.3,0.7500000000000001,1,0.05
15817,20.25,0.7000000000000001,1,0.05
15818,20.1,0.15000000000000002,1,0.05
15819,20.15,0.5000000000000001,1,0.05
15820,-8.95,13.45,0,0.05
15821,20.2,1.55,1,0.05
15822,20.05,0.4,1,0.05
15823,20.3,0.7500000000000001,1,0.05
15824,20.25,0.9000000000000001,1,0.05
15825,20.2,0.55,1,0.05
15826,20.05,0.2,1,0.05
15827,20.25,1.7000000000000004,1,0.05
15828,20.45,1.1000000000000003,1,0.05
15829,20.15,0.2,1,0.05
15830,20.4,1.4500000000000004,1,0.05
15831,19.95,1.1000000000000003,1,0.05
15832,20.0,0.44999999999999996,1,0.05
15833,20.0,0.25,1,0.05
15834,-8.95,13.349999999999998,0,0.05
15835,20.15,0.3,1,0.05
15836,20.1,0.25,1,0.05
15837,20.05,0.0,1,0.05
15838,20.2,0.6500000000000001,1,0.05
15839,20.1,0.45,1,0.05
15840,20.05,0.3,1,0.05
15841,20.1,0.25,1,0.05
15842,20.2,0.55,1,0.05
15843,21.2,3.3499999999999988,1,0.05
15844,20.1,0.55,1,0.05
15845,20.4,1.4500000000000004,1,0.05
15846,20.15,0.3,1,0.05
15847,20.0,0.44999999999999996,1,0.05
15848,20.1,0.35,1,0.05
15849,20.1,0.35,1,0.05
15850,20.6,2.2499999999999996,1,0.05
15851,20.15,0.3,1,0.05
15852,20.1,0.7500000000000002,1,0.05
15853,20.1,0.35,1,0.05
15854,-8.75,13.549999999999999,0,0.05
15855,-8.75,13.45,0,0.05
15856,20.15,0.3,1,0.05
15857,20.15,0.2,1,0.05
15858,20.35,-19.25,1,0.05
15859,20.25,2.0000000000000004,1,0.05
15860,20.3,0.7500000000000001,1,0.05
15861,20.3,0.7500000000000001,1,0.05
15862,20.2,0.45,1,0.05
15863,20.1,-19.7,1,0.05
15864,20.15,0.3,1,0.05
15865,20.1,0.35,1,0.05
15866,20.0,0.25,1,0.05
15867,20.45,1.8,1,0.05
15868,20.8,3.0499999999999985,1,0.05
15869,20.15,0.3,1,0.05
15870,20.2,0.35000000000000003,1,0.05
15871,20.2,0.5500000000000002,1,0.05
15872,20.15,0.2,1,0.05
15873,20.2,0.55,1,0.05
15874,20.0,0.25,1,0.05
15875,-8.95,13.349999999999998,0,0.05
15876,20.2,0.6500000000000001,1,0.05
15877,20.25,1.0000000000000002,1,0.05
15878,20.15,-19.55,1,0.05
15879,20.0,0.25,1,0.05
15880,20.15,0.8000000000000002,1,0.05
15881,20.15,0.3,1,0.05
15882,21.05,2.9999999999999987,1,0.05
15883,20.3,1.4500000000000004,1,0.05
15884,20.1,0.25,1,0.05
15885,21.0,3.049999999999999,1,0.05
15886,20.3,0.7500000000000001,1,0.05
15887,20.1,0.35,1,0.05
15888,20.15,0.3,1,0.05
15889,20.15,0.2,1,0.05
15890,20.05,0.3,1,0.05
15891,20.2,0.6500000000000001,1,0.05
15892,20.15,0.30000000000000004,1,0.05
15893,20.0,0.25,1,0.05
15894,20.15,0.2,1,0.05
15895,20.8,2.4499999999999993,1,0.05
15896,20.35,1.3,1,0.05
15897,20.7,2.05,1,0.05
15898,20.5,1.4500000000000004,1,0.05
15899,20.05,0.1,1,0.05
15900,-9.049999999999999,13.249999999999998,0,0.05
15901,21.1,3.3499999999999988,1,0.05
15902,20.15,0.39999999999999997,1,0.05
15903,20.35,1.5000000000000002,1,0.05
15904,20.25,1.0000000000000002,1,0.05
15905,20.25,1.2000000000000004,1,0.05
15906,20.0,0.25,1,0.05
15907,20.4,1.05,1,0.05
15908,20.55,1.5999999999999999,1,0.05
15909,-8.95,13.549999999999999,0,0.05
15910,20.15,0.5000000000000001,1,0.05
15911,20.1,0.15000000000000002,1,0.05
15912,20.05,0.39999999999999997,1,0.05
15913,20.25,0.5000000000000001,1,0.05
15914,20.2,0.7500000000000001,1,0.05
15915,20.5,1.2500000000000002,1,0.05
15916,20.0,0.25,1,0.05
15917,20.15,0.7000000000000001,1,0.05
15918,20.15,0.2,1,0.05
15919,20.2,0.45,1,0.05
15920,20.15,0.6000000000000001,1,0.05
15921,20.15,0.3,1,0.05
15922,20.85,2.599999999999999,1,0.05
15923,20.15,0.3,1,0.05
15924,20.1,0.25,1,0.05
15925,20.3,0.9500000000000002,1,0.05
15926,20.15,0.3,1,0.05
15927,20.1,-19.8,1,0.05
15928,20.2,0.55,1,0.05
15929,20.1,0.35,1,0.05
15930,20.1,-19.7,1,0.05
15931,20.7,2.549999999999999,1,0.05
15932,20.15,0.2,1,0.05
15933,-9.15,13.049999999999999,0,0.05
15934,20.05,0.39999999999999997,1,0.05
15935,20.15,0.2,1,0.05
15936,20.0,0.05,1,0.05
15937,20.1,0.25,1,0.05
15938,20.1,0.35,1,0.05
15939,20.3,0.7500000000000001,1,0.05
15940,20.0,-19.8,1,0.05
15941,20.5,-18.6,1,0.05
15942,20.05,0.2,1,0.05
15943,20.05,0.39999999999999997,1,0.05
15944,20.6,2.05,1,0.05
15945,20.2,0.55,1,0.05
15946,20.1,0.25,1,0.05
15947,20.3,-19.3,1,0.05
15948,20.2,0.9500000000000002,1,0.05
15949,19.95,0.39999999999999997,1,0.05
15950,20.15,0.3,1,0.05
15951,20.15,0.2,1,0.05
15952,20.1,0.55,1,0.05
15953,20.5,1.3499999999999999,1,0.05
15954,20.15,0.2,1,0.05
15955,20.2,1.0500000000000003,1,0.05
15956,20.05,0.2,1,0.05
15957,20.25,0.6000000000000001,1,0.05
15958,20.1,0.25,1,0.05
15959,20.05,0.3,1,0.05
15960,20.1,0.25,1,0.05
15961,20.35,1.4000000000000001,1,0.05
15962,20.1,0.25,1,0.05
15963,20.15,0.3,1,0.05
15964,20.2,-19.7,1,0.05
15965,20.15,1.1000000000000003,1,0.05
15966,20.15,-19.75,1,0.05
15967,20.15,0.3,1,0.05
15968,20.1,0.35,1,0.05
15969,20.2,0.6500000000000001,1,0.05
15970,20.3,0.7500000000000001,1,0.05
15971,20.15,0.2,1,0.05
15972,20.7,-17.6,1,0.05
15973,20.05,0.4000000000000001,1,0.05
15974,20.2,0.55,1,0.05
15975,20.15,0.2,1,0.05
15976,20.1,0.15000000000000002,1,0.05
15977,-8.75,13.549999999999999,0,0.05
15978,20.0,0.35,1,0.05
15979,20.15,0.4,1,0.05
15980,20.1,0.35,1,0.05
15981,20.0,0.35,1,0.05
15982,20.1,0.25,1,0.05
15983,20.05,0.2,1,0.05
15984,20.05,0.39999999999999997,1,0.05
15985,20.1,-19.9,1,0.05
15986,20.1,0.35,1,0.05
15987,20.0,0.25,1,0.05
15988,20.2,0.45000000000000007,1,0.05
15989,20.15,0.3,1,0.05
15990,20.05,0.6000000000000001,1,0.05
15991,20.0,0.25,1,0.05
15992,20.15,0.3,1,0.05
15993,20.4,1.4500000000000004,1,0.05
15994,20.15,0.3,1,0.05
15995,20.25,0.7000000000000001,1,0.05
15996,20.1,0.35,1,0.05
15997,20.15,0.3,1,0.05
15998,-8.85,13.45,0,0.05
15999,20.1,0.35,1,0.05
16000,20.9,2.7499999999999987,1,0.05
16001,20.15,0.3,1,0.05
16002,-8.85,13.45,0,0.05
16003,20.2,0.35000000000000003,1,0.05
16004,20.2,0.45000000000000007,1,0.05
16005,20.1,0.25,1,0.05
16006,20.35,1.3,1,0.05
16007,20.05,0.0,1,0.05
16008,20.3,0.7500000000000001,1,0.05
16009,20.25,0.9000000000000002,1,0.05
16010,20.2,0.6500000000000001,1,0.05
16011,20.15,0.3,1,0.05
16012,20.2,-19.4,1,0.05
16013,19.95,0.49999999999999994,1,0.05
16014,20.05,0.39999999999999997,1,0.05
16015,20.3,0.7500000000000001,1,0.05
16016,20.3,0.7500000000000001,1,0.05
16017,20.05,0.39999999999999997,1,0.05
16018,20.15,0.3,1,0.05
16019,20.3,1.0500000000000003,1,0.05
16020,20.2,0.55,1,0.05
16021,20.05,0.2,1,0.05
16022,20.2,0.45,1,0.05
16023,20.5,-18.6,1,0.05
16024,20.4,1.2500000000000002,1,0.05
16025,20.25,0.5000000000000001,1,0.05
16026,20.15,0.2,1,0.05
16027,20.05,0.3,1,0.05
16028,20.1,0.15000000000000002,1,0.05
16029,20.1,0.35,1,0.05
16030,20.1,0.15000000000000002,1,0.05
16031,20.2,-19.0,1,0.05
16032,20.1,0.35,1,0.05
16033,20.0,0.25,1,0.05
16034,20.15,0.2,1,0.05
16035,-8.95,13.349999999999998,0,0.05
16036,20.1,0.15000000000000002,1,0.05
16037,19.95,0.49999999999999994,1,0.05
16038,20.1,0.15000000000000002,1,0.05
16039,20.1,0.25,1,0.05
16040,20.2,0.55,1,0.05
16041,20.25,0.6000000000000001,1,0.05
16042,20.15,0.6000000000000001,1,0.05
16043,20.8,2.4499999999999993,1,0.05
16044,20.5,1.9499999999999995,1,0.05
16045,20.3,1.3500000000000003,1,0.05
16046,20.2,0.6500000000000001,1,0.05
16047,20.15,0.3,1,0.05
16048,20.3,0.7500000000000001,1,0.05
16049,20.1,0.55,1,0.05
16050,20.15,0.2,1,0.05
16051,20.05,0.2,1,0.05
16052,20.1,0.45,1,0.05
16053,20.15,0.2,1,0.05
16054,20.15,0.2,1,0.05
16055,20.15,0.3,1,0.05
16056,20.15,0.6000000000000001,1,0.05
16057,20.8,2.549999999999999,1,0.05
16058,20.2,0.8500000000000001,1,0.05
16059,20.1,0.6500000000000001,1,0.05
16060,20.2,0.45,1,0.05
16061,20.3,0.6500000000000001,1,0.05
16062,20.3,-19.0,1,0.05
16063,20.75,2.5999999999999988,1,0.05
16064,-8.85,13.45,0,0.05
16065,20.4,1.45,1,0.05
16066,20.1,0.35,1,0.05
16067,20.1,0.25,1,0.05
16068,20.0,0.44999999999999996,1,0.05
16069,20.45,1.4000000000000001,1,0.05
16070,20.1,0.55,1,0.05
16071,20.0,0.25,1,0.05
16072,20.8,2.9499999999999984,1,0.05
16073,20.1,0.35,1,0.05
16074,20.05,0.10000000000000002,1,0.05
16075,20.15,0.3,1,0.05
16076,-8.95,13.349999999999998,0,0.05
16077,20.1,0.35,1,0.05
16078,20.3,0.9500000000000002,1,0.05
16079,20.2,0.45,1,0.05
16080,20.5,1.45,1,0.05
16081,20.15,0.3,1,0.05
16082,20.1,0.35,1,0.05
16083,20.1,0.15000000000000002,1,0.05
16084,20.2,0.55,1,0.05
16085,-9.049999999999999,13.25,0,0.05
16086,20.25,1.2,1,0.05
16087,20.1,0.35,1,0.05
16088,20.15,1.9000000000000001,1,0.05
16089,-8.95,13.249999999999998,0,0.05
16090,-8.85,13.349999999999998,0,0.05
16091,20.1,-19.9,1,0.05
16092,20.15,0.3,1,0.05
16093,20.8,2.249999999999999,1,0.05
16094,20.45,1.6,1,0.05
16095,20.2,0.8500000000000001,1,0.05
16096,20.15,0.3,1,0.05
16097,20.3,0.7500000000000001,1,0.05
16098,20.15,0.3,1,0.05
16099,20.3,0.9500000000000002,1,0.05
16100,20.25,0.6000000000000001,1,0.05
16101,20.15,0.3,1,0.05
16102,20.0,0.6500000000000001,1,0.05
16103,20.25,0.5000000000000001,1,0.05
16104,20.1,0.25,1,0.05
16105,20.15,0.2,1,0.05
16106,20.1,0.35,1,0.05
16107,20.05,0.2,1,0.05
16108,20.05,0.3,1,0.05
16109,20.2,0.35,1,0.05
16110,20.2,0.45000000000000007,1,0.05
16111,20.05,0.6000000000000001,1,0.05
16112,20.15,0.5000000000000001,1,0.05
16113,20.4,1.7500000000000002,1,0.05
16114,20.7,2.5499999999999985,1,0.05
16115,20.05,0.3,1,0.05
16116,20.0,0.25000000000000006,1,0.05
16117,20.1,0.35000000000000003,1,0.05
16118,20.55,1.5999999999999999,1,0.05
16119,20.15,0.7000000000000001,1,0.05
16120,20.0,0.25,1,0.05
16121,20.1,0.35,1,0.05
16122,20.15,0.3,1,0.05
16123,20.1,0.25,1,0.05
16124,20.25,0.7000000000000002,1,0.05
16125,20.2,0.7500000000000001,1,0.05
16126,20.25,0.5000000000000001,1,0.05
16127,20.1,0.25,1,0.05
16128,20.0,0.25,1,0.05
16129,20.2,0.6500000000000001,1,0.05
16130,20.35,0.9000000000000001,1,0.05
16131,20.1,0.15000000000000002,1,0.05
16132,20.15,0.2,1,0.05
16133,20.2,0.6500000000000001,1,0.05
16134,20.1,0.25,1,0.05
16135,20.7,-18.0,1,0.05
16136,20.15,0.6000000000000001,1,0.05
16137,20.15,-19.75,1,0.05
16138,20.1,0.25,1,0.05
16139,20.2,1.6500000000000001,1,0.05
16140,20.15,0.2,1,0.05
16141,20.7,2.2499999999999996,1,0.05
16142,20.4,2.25,1,0.05
16143,20.15,0.2,1,0.05
16144,20.7,2.1499999999999995,1,0.05
16145,20.05,0.2,1,0.05
16146,20.15,0.3,1,0.05
16147,20.65,1.7999999999999996,1,0.05
16148,20.1,0.25,1,0.05
16149,20.2,0.35000000000000003,1,0.05
16150,-8.85,13.45,0,0.05
16151,20.05,0.2,1,0.05
16152,20.0,0.25,1,0.05
16153,20.15,0.30000000000000004,1,0.05
16154,20.15,0.3,1,0.05
16155,20.2,0.8500000000000001,1,0.05
16156,20.2,1.5500000000000005,1,0.05
16157,20.15,0.3,1,0.05
16158,20.4,1.05,1,0.05
16159,20.0,0.44999999999999996,1,0.05
16160,21.05,2.9999999999999987,1,0.05
16161,20.1,0.7500000000000001,1,0.05
16162,20.05,0.2,1,0.05
16163,20.1,0.05,1,0.05
16164,20.15,0.2,1,0.05
16165,20.0,0.25,1,0.05
16166,20.15,0.3,1,0.05
16167,20.05,0.3,1,0.05
16168,20.1,0.25,1,0.05
16169,20.1,0.25,1,0.05
16170,20.35,1.3,1,0.05
16171,20.1,0.25,1,0.05
16172,-8.95,13.249999999999998,0,0.05
16173,20.2,0.45,1,0.05
16174,20.15,0.3,1,0.05
16175,20.1,0.25,1,0.05
16176,20.15,0.3,1,0.05
16177,20.1,0.55,1,0.05
16178,20.1,0.25,1,0.05
16179,20.15,0.3,1,0.05
16180,20.15,0.2,1,0.05
16181,-8.75,13.549999999999999,0,0.05
16182,20.25,0.6000000000000001,1,0.05
16183,20.0,0.25,1,0.05
16184,20.15,0.3,1,0.05
16185,20.1,0.35,1,0.05
16186,20.1,0.55,1,0.05
16187,20.15,0.3,1,0.05
16188,20.1,0.35,1,0.05
16189,20.8,2.649999999999999,1,0.05
16190,20.1,0.35,1,0.05
16191,20.1,0.55,1,0.05
16192,20.2,0.35000000000000003,1,0.05
16193,20.2,0.5500000000000002,1,0.05
16194,-8.85,13.45,0,0.05
16195,20.2,0.6500000000000001,1,0.05
16196,20.1,0.35,1,0.05
16197,20.25,1.2,1,0.05
16198,20.25,0.8000000000000002,1,0.05
16199,20.1,0.25,1,0.05
16200,20.05,0.39999999999999997,1,0.05
16201,20.05,0.2,1,0.05
16202,20.1,0.55,1,0.05
16203,20.05,-19.75,1,0.05
16204,20.15,0.3,1,0.05
16205,20.15,0.3,1,0.05
16206,20.15,1.0999999999999999,1,0.05
16207,20.1,0.25,1,0.05
16208,20.15,0.2,1,0.05
16209,20.3,0.7500000000000001,1,0.05
16210,20.05,0.3,1,0.05
16211,20.2,0.45,1,0.05
16212,20.45,1.9,1,0.05
16213,20.0,0.25,1,0.05
16214,20.15,0.3,1,0.05
16215,20.3,0.6500000000000001,1,0.05
16216,20.05,0.2,1,0.05
16217,20.55,-18.65,1,0.05
16218,20.2,1.0500000000000003,1,0.05
16219,19.9,0.15000000000000002,1,0.05
16220,20.3,-18.7,1,0.05
16221,20.3,0.8500000000000001,1,0.05
16222,19.95,0.30000000000000004,1,0.05
16223,20.25,0.6000000000000001,1,0.05
16224,20.15,0.3,1,0.05
16225,20.15,0.3,1,0.05
16226,20.3,0.8500000000000001,1,0.05
16227,20.1,0.35,1,0.05
16228,19.95,0.3,1,0.05
16229,20.9,2.749999999999999,1,0.05
16230,20.15,0.3,1,0.05
16231,20.15,0.3,1,0.05
16232,20.05,0.39999999999999997,1,0.05
16233,20.15,0.3,1,0.05
16234,20.45,1.6000000000000003,1,0.05
16235,-8.95,13.349999999999998,0,0.05
16236,20.2,0.55,1,0.05
16237,20.15,0.5000000000000001,1,0.05
16238,20.05,0.39999999999999997,1,0.05
16239,-9.45,12.85,0,0.05
16240,20.15,0.2,1,0.05
16241,-9.049999999999999,13.149999999999999,0,0.05
16242,20.3,0.7500000000000001,1,0.05
16243,20.05,0.2,1,0.05
16244,20.2,0.45,1,0.05
16245,20.05,0.2,1,0.05
16246,20.5,1.55,1,0.05
16247,20.25,0.5000000000000001,1,0.05
16248,20.3,0.6500000000000001,1,0.05
16249,20.45,1.5999999999999999,1,0.05
16250,20.05,0.2,1,0.05
16251,20.2,0.45,1,0.05
16252,-8.95,13.349999999999998,0,0.05
16253,20.15,0.6000000000000001,1,0.05
16254,20.15,0.6000000000000001,1,0.05
16255,20.1,0.35,1,0.05
16256,20.0,0.35,1,0.05
16257,20.55,-17.95,1,0.05
16258,-8.95,13.349999999999998,0,0.05
16259,20.05,0.2,1,0.05
16260,20.15,0.3,1,0.05
16261,20.15,0.30000000000000004,1,0.05
16262,20.1,0.25,1,0.05
16263,20.2,0.45,1,0.05
16264,19.95,0.3,1,0.05
16265,20.2,0.6500000000000001,1,0.05
16266,20.55,2.0999999999999996,1,0.05
16267,20.1,0.35,1,0.05
16268,20.1,0.15000000000000002,1,0.05
16269,20.3,0.7500000000000001,1,0.05
16270,20.0,0.25,1,0.05
16271,20.2,0.55,1,0.05
16272,20.1,0.5500000000000002,1,0.05
16273,20.0,0.25,1,0.05
16274,20.05,0.3,1,0.05
16275,20.15,0.6000000000000001,1,0.05
16276,20.05,-19.55,1,0.05
16277,20.1,0.15000000000000002,1,0.05
16278,-8.85,13.45,0,0.05
16279,20.3,0.7500000000000001,1,0.05
16280,20.05,0.3,1,0.05
16281,20.15,0.7000000000000001,1,0.05
16282,-9.25,13.149999999999999,0,0.05
16283,20.25,0.7000000000000001,1,0.05
16284,20.0,0.05,1,0.05
16285,20.0,0.25,1,0.05
16286,20.05,0.3,1,0.05
16287,20.1,0.35,1,0.05
16288,20.1,0.35,1,0.05
16289,-9.35,12.85,0,0.05
16290,20.2,0.35000000000000003,1,0.05
16291,20.05,0.3,1,0.05
16292,20.25,0.7000000000000001,1,0.05
16293,20.15,0.3,1,0.05
16294,-8.75,13.549999999999999,0,0.05
16295,20.2,0.55,1,0.05
16296,20.2,0.55,1,0.05
16297,20.15,0.3,1,0.05
16298,20.15,0.3,1,0.05
16299,20.2,0.45,1,0.05
16300,20.2,0.45,1,0.05
16301,-9.15,13.149999999999999,0,0.05
16302,20.2,0.45,1,0.05
16303,20.1,0.15000000000000002,1,0.05
16304,20.15,0.7000000000000001,1,0.05
16305,20.4,1.45,1,0.05
16306,20.3,0.7500000000000001,1,0.05
16307,20.85,2.499999999999999,1,0.05
16308,20.2,0.6500000000000001,1,0.05
16309,20.35,1.3,1,0.05
16310,20.1,0.25,1,0.05
16311,20.2,0.6500000000000001,1,0.05
16312,20.15,0.3,1,0.05
16313,20.15,0.3,1,0.05
16314,20.3,1.35,1,0.05
16315,20.05,0.39999999999999997,1,0.05
16316,20.1,1.7500000000000002,1,0.05
16317,20.9,2.749999999999999,1,0.05
16318,20.45,-18.95,1,0.05
16319,20.8,2.749999999999999,1,0.05
16320,20.05,0.2,1,0.05
16321,20.1,0.25,1,0.05
16322,20.15,0.3,1,0.05
16323,20.2,0.6500000000000001,1,0.05
16324,20.25,0.5000000000000001,1,0.05
16325,20.2,0.35000000000000003,1,0.05
16326,20.1,0.35,1,0.05
16327,-8.95,13.249999999999998,0,0.05
16328,20.05,0.2,1,0.05
16329,20.05,0.2,1,0.05
16330,20.2,0.45,1,0.05
16331,20.2,0.35000000000000003,1,0.05
16332,20.2,0.35000000000000003,1,0.05
16333,20.15,0.5,1,0.05
16334,20.3,1.2500000000000002,1,0.05
16335,20.35,1.2,1,0.05
16336,20.05,0.2,1,0.05
16337,-8.75,13.549999999999999,0,0.05
16338,20.2,0.55,1,0.05
16339,20.25,0.8000000000000002,1,0.05
16340,20.0,0.25,1,0.05
16341,20.05,0.3,1,0.05
16342,20.15,0.5,1,0.05
16343,20.0,0.25,1,0.05
16344,20.25,0.5000000000000001,1,0.05
16345,20.2,0.45,1,0.05
16346,20.35,1.0,1,0.05
16347,20.1,0.35000000000000003,1,0.05
16348,20.1,0.25,1,0.05
16349,20.15,0.3,1,0.05
16350,20.2,0.55,1,0.05
16351,20.1,0.55,1,0.05
16352,20.3,0.7500000000000001,1,0.05
16353,20.1,-19.1,1,0.05
16354,20.8,2.8499999999999983,1,0.05
16355,20.1,0.35,1,0.05
16356,20.1,0.25,1,0.05
16357,19.95,0.3,1,0.05
16358,20.2,0.45,1,0.05
16359,20.05,0.2,1,0.05
16360,20.15,0.3,1,0.05
16361,20.05,0.2,1,0.05
16362,20.15,0.2,1,0.05
16363,20.2,0.55,1,0.05
16364,20.1,0.15000000000000002,1,0.05
16365,-8.75,13.45,0,0.05
16366,20.15,0.3,1,0.05
16367,20.1,0.35,1,0.05
16368,20.15,0.3,1,0.05
16369,20.1,0.25,1,0.05
16370,-9.049999999999999,13.25,0,0.05
16371,20.25,1.1,1,0.05
16372,20.5,1.7500000000000002,1,0.05
16373,20.15,0.5,1,0.05
16374,20.0,0.25,1,0.05
16375,20.0,0.35,1,0.05
16376,20.2,0.55,1,0.05
16377,20.65,2.799999999999999,1,0.05
16378,20.2,0.45,1,0.05
16379,20.2,0.55,1,0.05
16380,-8.75,13.549999999999999,0,0.05
16381,-9.15,13.149999999999999,0,0.05
16382,20.4,1.4500000000000004,1,0.05
16383,20.25,0.7000000000000002,1,0.05
16384,-8.75,13.549999999999999,0,0.05
16385,20.05,0.3,1,0.05
16386,20.15,0.2,1,0.05
16387,20.15,0.3,1,0.05
16388,20.15,0.3,1,0.05
16389,20.75,2.1999999999999993,1,0.05
16390,20.25,0.5000000000000001,1,0.05
16391,20.05,0.39999999999999997,1,0.05
16392,20.15,0.2,1,0.05
16393,20.35,1.3,1,0.05
16394,20.05,0.3,1,0.05
16395,20.1,0.15000000000000002,1,0.05
16396,20.15,0.3,1,0.05
16397,20.25,0.5000000000000001,1,0.05
16398,20.1,0.15000000000000002,1,0.05
16399,20.25,1.1000000000000003,1,0.05
16400,20.1,0.15000000000000002,1,0.05
16401,20.25,0.6000000000000001,1,0.05
16402,20.1,0.35,1,0.05
16403,20.05,0.39999999999999997,1,0.05
16404,20.3,1.0500000000000003,1,0.05
16405,20.05,0.3,1,0.05
16406,20.05,0.2,1,0.05
16407,20.1,0.15000000000000002,1,0.05
16408,-8.75,13.549999999999999,0,0.05
16409,20.2,0.45,1,0.05
16410,20.05,0.10000000000000002,1,0.05
16411,20.15,-19.75,1,0.05
16412,20.45,1.4000000000000001,1,0.05
16413,20.25,0.8000000000000002,1,0.05
16414,-8.75,13.549999999999999,0,0.05
16415,20.1,0.35,1,0.05
16416,20.6,-18.1,1,0.05
16417,20.2,0.6500000000000001,1,0.05
16418,20.15,0.2,1,0.05
16419,20.3,0.9500000000000002,1,0.05
16420,20.0,0.85,1,0.05
16421,20.1,0.35,1,0.05
16422,20.15,0.4,1,0.05
16423,20.2,0.35000000000000003,1,0.05
16424,20.2,0.45,1,0.05
16425,20.15,0.3,1,0.05
16426,20.2,0.45,1,0.05
16427,-8.75,13.549999999999999,0,0.05
16428,-8.95,13.349999999999998,0,0.05
16429,20.35,1.4,1,0.05
16430,20.15,0.2,1,0.05
16431,20.25,0.5000000000000001,1,0.05
16432,20.05,0.2,1,0.05
16433,19.95,0.3,1,0.05
16434,20.1,0.25,1,0.05
16435,20.0,0.44999999999999996,1,0.05
16436,20.15,0.9000000000000001,1,0.05
16437,20.3,0.7500000000000001,1,0.05
16438,20.2,0.6500000000000001,1,0.05
16439,-9.15,13.249999999999998,0,0.05
16440,20.7,-18.2,1,0.05
16441,20.4,1.45,1,0.05
16442,20.0,0.25,1,0.05
16443,20.1,0.35000000000000003,1,0.05
16444,20.25,0.6000000000000001,1,0.05
16445,-8.95,13.349999999999998,0,0.05
16446,20.05,0.39999999999999997,1,0.05
16447,20.05,0.2,1,0.05
16448,20.45,1.6000000000000003,1,0.05
16449,20.15,0.3,1,0.05
16450,20.15,0.2,1,0.05
16451,20.45,1.5999999999999999,1,0.05
16452,20.35,1.8999999999999997,1,0.05
16453,20.15,0.3,1,0.05
16454,20.1,0.35,1,0.05
16455,20.2,0.6500000000000001,1,0.05
16456,20.1,0.25,1,0.05
16457,20.2,0.55,1,0.05
16458,21.1,3.1499999999999986,1,0.05
16459,20.1,0.25,1,0.05
16460,20.05,0.3,1,0.05
16461,20.1,0.35,1,0.05
16462,20.15,0.3,1,0.05
16463,20.0,0.25,1,0.05
16464,20.2,0.45,1,0.05
16465,20.1,0.15000000000000002,1,0.05
16466,20.1,0.25,1,0.05
16467,20.0,0.35,1,0.05
16468,20.1,0.25,1,0.05
16469,-9.25,13.049999999999999,0,0.05
16470,-8.85,13.45,0,0.05
16471,20.2,0.6500000000000001,1,0.05
16472,20.1,0.45,1,0.05
16473,20.15,0.2,1,0.05
16474,20.1,0.15000000000000002,1,0.05
16475,20.0,0.25,1,0.05
16476,-9.15,13.049999999999999,0,0.05
16477,20.2,-19.4,1,0.05
16478,20.25,0.6000000000000001,1,0.05
16479,20.75,2.5999999999999988,1,0.05
16480,20.1,0.15000000000000002,1,0.05
16481,20.25,-19.15,1,0.05
16482,20.7,2.149999999999999,1,0.05
16483,20.1,0.35,1,0.05
16484,20.15,0.2,1,0.05
16485,20.1,0.25,1,0.05
16486,20.15,0.3,1,0.05
16487,20.15,0.3,1,0.05
16488,20.2,0.8500000000000001,1,0.05
16489,20.25,0.5000000000000001,1,0.05
16490,20.5,1.3499999999999999,1,0.05
16491,20.15,0.2,1,0.05
16492,-8.85,13.45,0,0.05
16493,20.05,0.6000000000000001,1,0.05
16494,20.05,0.39999999999999997,1,0.05
16495,20.15,0.2,1,0.05
16496,20.1,0.35,1,0.05
16497,20.2,0.55,1,0.05
16498,20.0,0.7500000000000001,1,0.05
16499,20.15,0.30000000000000004,1,0.05
16500,20.05,0.2,1,0.05
16501,20.2,0.6500000000000001,1,0.05
16502,20.55,1.5999999999999999,1,0.05
16503,20.1,0.35,1,0.05
16504,20.1,0.25,1,0.05
16505,20.2,0.55,1,0.05
16506,20.15,0.3,1,0.05
16507,20.1,0.25,1,0.05
16508,20.25,0.5000000000000001,1,0.05
16509,20.05,0.3,1,0.05
16510,20.4,1.3499999999999999,1,0.05
16511,-8.85,13.349999999999998,0,0.05
16512,21.0,3.2499999999999987,1,0.05
16513,20.25,0.5000000000000001,1,0.05
16514,20.2,0.45,1,0.05
16515,20.1,0.25,1,0.05
16516,20.85,2.799999999999999,1,0.05
16517,20.1,0.25,1,0.05
16518,20.1,0.15000000000000002,1,0.05
16519,20.15,1.5000000000000002,1,0.05
16520,20.1,0.25,1,0.05
16521,20.25,0.6000000000000001,1,0.05
16522,-10.05,12.35,0,0.05
16523,20.15,-19.75,1,0.05
16524,20.2,1.05,1,0.05
16525,20.2,0.35000000000000003,1,0.05
16526,20.7,2.149999999999999,1,0.05
16527,20.2,0.6500000000000001,1,0.05
16528,20.5,1.55,1,0.05
16529,20.05,0.2,1,0.05
16530,20.1,0.25,1,0.05
16531,20.05,0.0,1,0.05
16532,20.1,0.35,1,0.05
16533,20.4,0.9500000000000002,1,0.05
16534,20.1,0.35,1,0.05
16535,20.2,0.6500000000000001,1,0.05
16536,20.1,0.35,1,0.05
16537,20.1,0.55,1,0.05
16538,20.15,0.2,1,0.05
16539,20.05,0.3,1,0.05
16540,20.2,0.6500000000000001,1,0.05
16541,20.2,0.6500000000000001,1,0.05
16542,20.15,0.2,1,0.05
16543,20.1,0.35,1,0.05
16544,20.25,0.5000000000000001,1,0.05
16545,20.1,0.35,1,0.05
16546,20.4,2.249999999999999,1,0.05
16547,20.1,0.15000000000000002,1,0.05
16548,20.2,0.9500000000000002,1,0.05
16549,20.25,0.6000000000000001,1,0.05
16550,20.25,0.8000000000000002,1,0.05
16551,20.1,0.25,1,0.05
16552,-8.75,13.549999999999999,0,0.05
16553,20.1,0.25,1,0.05
16554,-9.049999999999999,13.149999999999999,0,0.05
16555,20.05,0.2,1,0.05
16556,20.15,0.2,1,0.05
16557,21.1,3.2499999999999987,1,0.05
16558,20.3,1.1500000000000001,1,0.05
16559,20.35,1.4000000000000001,1,0.05
16560,20.1,0.35,1,0.05
16561,20.15,0.3,1,0.05
16562,20.25,0.6000000000000001,1,0.05
16563,20.1,0.35,1,0.05
16564,20.05,0.10000000000000002,1,0.05
16565,20.2,0.7500000000000001,1,0.05
16566,20.05,0.6000000000000001,1,0.05
16567,20.1,0.35,1,0.05
16568,20.15,0.3,1,0.05
16569,20.0,1.7499999999999998,1,0.05
16570,20.15,0.2,1,0.05
16571,20.15,0.2,1,0.05
16572,20.35,1.4000000000000001,1,0.05
16573,20.3,1.1500000000000001,1,0.05
16574,20.35,1.0,1,0.05
16575,20.3,0.7500000000000001,1,0.05
16576,20.75,2.099999999999999,1,0.05
16577,20.15,0.2,1,0.05
16578,20.1,0.15000000000000002,1,0.05
16579,20.1,0.45,1,0.05
16580,20.4,1.05,1,0.05
16581,20.1,-19.9,1,0.05
16582,20.9,2.749999999999999,1,0.05
16583,-8.75,13.549999999999999,0,0.05
16584,20.4,1.55,1,0.05
16585,20.1,0.25,1,0.05
16586,20.05,0.4,1,0.05
16587,20.25,0.9000000000000001,1,0.05
16588,20.1,0.35,1,0.05
16589,20.35,0.9000000000000001,1,0.05
16590,20.1,0.15000000000000002,1,0.05
16591,-8.95,13.349999999999998,0,0.05
16592,20.2,0.55,1,0.05
16593,20.2,1.0500000000000003,1,0.05
16594,20.2,0.45,1,0.05
16595,20.05,0.2,1,0.05
16596,20.4,0.9500000000000002,1,0.05
16597,20.2,0.55,1,0.05
16598,20.15,0.2,1,0.05
16599,20.1,0.7500000000000001,1,0.05
16600,20.3,1.55,1,0.05
16601,20.25,0.9000000000000001,1,0.05
16602,20.15,0.4,1,0.05
16603,20.1,0.25,1,0.05
16604,-9.15,13.149999999999999,0,0.05
16605,20.1,0.15000000000000002,1,0.05
16606,20.2,0.45,1,0.05
16607,20.05,0.2,1,0.05
16608,20.1,0.15000000000000002,1,0.05
16609,20.15,0.3,1,0.05
16610,20.3,1.1500000000000001,1,0.05
16611,20.3,0.7500000000000001,1,0.05
16612,20.0,0.44999999999999996,1,0.05
16613,20.8,2.5499999999999994,1,0.05
16614,20.65,1.8999999999999997,1,0.05
16615,-8.75,13.45,0,0.05
16616,20.2,0.6500000000000001,1,0.05
16617,20.15,0.2,1,0.05
16618,20.15,0.2,1,0.05
16619,20.05,0.8000000000000002,1,0.05
16620,20.0,0.25,1,0.05
16621,20.1,0.25,1,0.05
16622,20.1,0.35,1,0.05
16623,20.2,0.6500000000000001,1,0.05
16624,20.25,0.5000000000000001,1,0.05
16625,20.2,0.45000000000000007,1,0.05
16626,20.25,0.6000000000000001,1,0.05
16627,19.85,0.2,1,0.05
16628,20.2,0.45,1,0.05
16629,20.15,0.3,1,0.05
16630,20.15,0.3,1,0.05
16631,20.05,0.3,1,0.05
16632,20.15,0.3,1,0.05
16633,20.15,0.3,1,0.05
16634,20.3,0.7500000000000001,1,0.05
16635,20.05,0.3,1,0.05
16636,20.05,0.39999999999999997,1,0.05
16637,20.05,0.2,1,0.05
16638,20.35,0.8000000000000002,1,0.05
16639,20.05,0.4,1,0.05
16640,20.1,0.55,1,0.05
16641,19.9,0.75,1,0.05
16642,20.0,0.35,1,0.05
16643,20.1,0.55,1,0.05
16644,20.0,-18.7,1,0.05
16645,20.9,2.949999999999999,1,0.05
16646,20.15,0.7000000000000002,1,0.05
16647,20.1,0.15000000000000002,1,0.05
16648,20.35,1.3,1,0.05
16649,20.05,0.2,1,0.05
16650,20.2,0.35000000000000003,1,0.05
16651,20.25,-18.85,1,0.05
16652,20.05,0.39999999999999997,1,0.05
16653,20.1,0.35,1,0.05
16654,20.05,0.0,1,0.05
16655,20.2,0.45,1,0.05
16656,20.1,0.35,1,0.05
16657,-8.95,13.45,0,0.05
16658,20.3,1.1500000000000001,1,0.05
16659,20.55,1.4000000000000001,1,0.05
16660,20.05,0.2,1,0.05
16661,20.15,0.5,1,0.05
16662,20.05,0.2,1,0.05
16663,20.2,1.2500000000000002,1,0.05
16664,20.15,0.5,1,0.05
16665,20.15,0.6000000000000001,1,0.05
16666,20.05,0.2,1,0.05
16667,21.05,-16.950000000000003,1,0.05
16668,20.95,2.599999999999999,1,0.05
16669,20.2,0.6500000000000001,1,0.05
16670,20.15,0.2,1,0.05
16671,20.3,0.7500000000000001,1,0.05
16672,20.15,0.3,1,0.05
16673,20.25,0.5000000000000001,1,0.05
16674,-8.85,13.349999999999998,0,0.05
16675,20.15,0.2,1,0.05
16676,-9.25,13.049999999999999,0,0.05
16677,20.5,1.4500000000000004,1,0.05
16678,20.1,0.25,1,0.05
16679,20.2,0.45,1,0.05
16680,20.3,0.6500000000000001,1,0.05
16681,20.3,0.7500000000000001,1,0.05
16682,20.55,1.7,1,0.05
16683,20.35,-19.15,1,0.05
16684,20.05,0.3,1,0.05
16685,20.25,0.6000000000000001,1,0.05
16686,20.15,0.3,1,0.05
16687,20.2,1.05,1,0.05
16688,20.25,0.5000000000000001,1,0.05
16689,20.1,0.35,1,0.05
16690,20.1,0.25,1,0.05
16691,20.2,0.55,1,0.05
16692,20.25,0.5000000000000001,1,0.05
16693,20.05,0.10000000000000002,1,0.05
16694,20.05,0.39999999999999997,1,0.05
16695,20.1,0.15000000000000002,1,0.05
16696,20.15,-18.85,1,0.05
16697,20.25,0.6000000000000001,1,0.05
16698,20.2,0.35000000000000003,1,0.05
16699,20.15,0.3,1,0.05
16700,20.15,0.2,1,0.05
16701,20.15,0.2,1,0.05
16702,20.15,0.3,1,0.05
16703,20.2,0.6500000000000001,1,0.05
16704,20.15,0.3,1,0.05
16705,20.1,0.25,1,0.05
16706,20.1,0.35,1,0.05
16707,20.0,0.35,1,0.05
16708,20.9,2.649999999999999,1,0.05
16709,20.2,0.55,1,0.05
16710,20.15,0.2,1,0.05
16711,20.1,0.25,1,0.05
16712,20.1,0.35,1,0.05
16713,20.25,0.5000000000000001,1,0.05
16714,20.05,0.2,1,0.05
16715,20.05,0.4,1,0.05
16716,20.7,2.449999999999999,1,0.05
16717,20.15,0.3,1,0.05
16718,20.4,1.2500000000000002,1,0.05
16719,19.85,0.39999999999999997,1,0.05
16720,20.0,0.44999999999999996,1,0.05
16721,20.15,0.3,1,0.05
16722,20.15,0.3,1,0.05
16723,20.1,0.25,1,0.05
16724,20.05,0.8000000000000002,1,0.05
16725,20.25,-19.45,1,0.05
16726,20.15,1.0000000000000002,1,0.05
16727,20.1,0.25,1,0.05
16728,20.1,0.15000000000000002,1,0.05
16729,20.1,0.15000000000000002,1,0.05
16730,20.55,2.099999999999999,1,0.05
16731,20.05,0.39999999999999997,1,0.05
16732,-8.85,13.45,0,0.05
16733,20.4,1.2500000000000002,1,0.05
16734,20.1,0.35,1,0.05
16735,20.1,0.15000000000000002,1,0.05
16736,20.25,0.8000000000000002,1,0.05
16737,20.05,0.39999999999999997,1,0.05
16738,20.1,0.35,1,0.05
16739,20.15,0.2,1,0.05
16740,20.2,0.6500000000000001,1,0.05
16741,20.1,0.35,1,0.05
16742,20.1,0.35,1,0.05
16743,20.95,2.699999999999999,1,0.05
16744,20.05,0.2,1,0.05
16745,20.05,0.39999999999999997,1,0.05
16746,20.05,0.39999999999999997,1,0.05
16747,20.1,0.35000000000000003,1,0.05
16748,20.0,0.25,1,0.05
16749,20.25,0.5000000000000001,1,0.05
16750,20.2,0.6500000000000001,1,0.05
16751,20.1,0.25,1,0.05
16752,20.2,0.45,1,0.05
16753,20.6,2.2499999999999996,1,0.05
16754,20.15,0.2,1,0.05
16755,20.05,0.2,1,0.05
16756,20.1,0.55,1,0.05
16757,-8.95,13.349999999999998,0,0.05
16758,20.2,0.55,1,0.05
16759,20.1,0.35,1,0.05
16760,20.15,0.2,1,0.05
16761,20.25,0.6000000000000001,1,0.05
16762,20.05,0.39999999999999997,1,0.05
16763,20.2,0.45,1,0.05
16764,20.2,0.55,1,0.05
16765,20.25,1.4000000000000004,1,0.05
16766,20.25,0.7000000000000001,1,0.05
16767,20.2,0.35000000000000003,1,0.05
16768,20.55,1.4000000000000001,1,0.05
16769,20.55,2.1999999999999997,1,0.05
16770,20.1,0.35,1,0.05
16771,20.2,0.6500000000000001,1,0.05
16772,20.15,0.3,1,0.05
16773,20.2,0.6500000000000001,1,0.05
16774,20.15,0.2,1,0.05
16775,20.3,1.4500000000000002,1,0.05
16776,20.2,0.55,1,0.05
16777,20.15,0.7000000000000001,1,0.05
16778,20.15,-19.85,1,0.05
16779,20.1,0.35,1,0.05
16780,20.15,0.2,1,0.05
16781,20.25,0.5000000000000001,1,0.05
16782,20.05,0.2,1,0.05
16783,20.2,1.05,1,0.05
16784,20.15,0.8000000000000002,1,0.05
16785,20.35,1.3,1,0.05
16786,20.1,0.25,1,0.05
16787,20.1,0.15000000000000002,1,0.05
16788,19.95,0.10000000000000002,1,0.05
16789,20.2,0.45,1,0.05
16790,20.1,0.25,1,0.05
16791,20.25,-18.95,1,0.05
16792,20.1,0.15000000000000002,1,0.05
16793,20.1,0.25,1,0.05
16794,20.25,0.5000000000000001,1,0.05
16795,20.3,1.1500000000000001,1,0.05
16796,20.2,0.35000000000000003,1,0.05
16797,20.15,0.2,1,0.05
16798,20.15,0.5,1,0.05
16799,20.65,1.9999999999999998,1,0.05
16800,20.1,0.15000000000000002,1,0.05
16801,20.1,0.15000000000000002,1,0.05
16802,20.05,0.2,1,0.05
16803,-8.75,13.549999999999999,0,0.05
16804,20.1,0.35,1,0.05
16805,-8.95,13.349999999999998,0,0.05
16806,20.3,0.7500000000000001,1,0.05
16807,20.1,0.25,1,0.05
16808,20.15,0.3,1,0.05
16809,20.1,0.55,1,0.05
16810,-8.85,13.45,0,0.05
16811,20.1,0.35,1,0.05
16812,20.15,0.2,1,0.05
16813,19.9,-19.7,1,0.05
16814,20.2,0.35000000000000003,1,0.05
16815,20.2,0.8500000000000001,1,0.05
16816,20.15,0.3,1,0.05
16817,20.95,2.999999999999999,1,0.05
16818,20.15,0.2,1,0.05
16819,20.5,1.55,1,0.05
16820,20.15,0.3,1,0.05
16821,20.3,1.55,1,0.05
16822,20.1,0.35,1,0.05
16823,20.0,0.44999999999999996,1,0.05
16824,20.0,0.44999999999999996,1,0.05
16825,20.05,0.3,1,0.05
16826,20.15,0.3,1,0.05
16827,20.85,2.2999999999999994,1,0.05
16828,20.3,1.55,1,0.05
16829,20.6,1.8499999999999999,1,0.05
16830,20.1,0.35,1,0.05
16831,20.15,-19.45,1,0.05
16832,20.2,0.45000000000000007,1,0.05
16833,20.1,0.35,1,0.05
16834,20.1,0.25,1,0.05
16835,20.7,2.1499999999999995,1,0.05
16836,20.75,2.499999999999999,1,0.05
16837,20.1,0.55,1,0.05
16838,20.55,1.7,1,0.05
16839,20.2,0.6500000000000001,1,0.05
16840,20.1,0.25,1,0.05
16841,20.3,-18.9,1,0.05
16842,20.1,0.55,1,0.05
16843,20.2,0.6500000000000001,1,0.05
16844,20.1,0.35,1,0.05
16845,20.3,0.7500000000000001,1,0.05
16846,20.1,0.6500000000000001,1,0.05
16847,20.2,0.8500000000000002,1,0.05
16848,20.35,1.2,1,0.05
16849,20.25,0.6000000000000001,1,0.05
16850,20.15,-19.85,1,0.05
16851,20.1,0.15000000000000002,1,0.05
16852,-8.75,13.549999999999999,0,0.05
16853,20.1,0.35,1,0.05
16854,20.0,0.25,1,0.05
16855,20.1,0.55,1,0.05
16856,20.25,0.5000000000000001,1,0.05
16857,20.25,0.6000000000000001,1,0.05
16858,-8.95,13.349999999999998,0,0.05
16859,20.15,0.2,1,0.05
16860,20.25,0.5000000000000001,1,0.05
16861,-8.85,13.349999999999998,0,0.05
16862,20.25,0.5000000000000001,1,0.05
16863,20.55,1.8999999999999997,1,0.05
16864,20.5,1.3499999999999999,1,0.05
16865,20.0,0.05,1,0.05
16866,20.1,0.25,1,0.05
16867,20.4,1.2500000000000002,1,0.05
16868,20.15,0.3,1,0.05
16869,20.1,0.15000000000000002,1,0.05
16870,20.1,0.15000000000000002,1,0.05
16871,-8.75,13.549999999999999,0,0.05
16872,20.95,2.599999999999999,1,0.05
16873,20.1,0.35,1,0.05
16874,20.15,0.3,1,0.05
16875,20.05,0.2,1,0.05
16876,19.95,0.3,1,0.05
16877,20.0,0.25,1,0.05
16878,20.05,0.3,1,0.05
16879,20.2,1.3500000000000003,1,0.05
16880,20.3,0.7500000000000001,1,0.05
16881,20.5,1.6500000000000001,1,0.05
16882,20.2,0.45,1,0.05
16883,20.05,0.39999999999999997,1,0.05
16884,20.2,0.45,1,0.05
16885,20.15,0.3,1,0.05
16886,20.15,0.3,1,0.05
16887,20.8,2.349999999999999,1,0.05
16888,-8.95,13.349999999999998,0,0.05
16889,20.2,0.6500000000000001,1,0.05
16890,20.15,0.3,1,0.05
16891,-8.85,13.45,0,0.05
16892,20.15,0.3,1,0.05
16893,20.25,-19.45,1,0.05
16894,20.3,-19.0,1,0.05
16895,20.15,0.2,1,0.05
16896,20.25,0.6000000000000001,1,0.05
16897,20.6,2.1499999999999995,1,0.05
16898,20.15,0.5,1,0.05
16899,20.1,0.15000000000000002,1,0.05
16900,20.05,0.39999999999999997,1,0.05
16901,20.1,0.25,1,0.05
16902,20.15,0.2,1,0.05
16903,20.15,0.5,1,0.05
16904,20.4,1.4500000000000004,1,0.05
16905,20.1,0.25,1,0.05
16906,-8.95,13.349999999999998,0,0.05
16907,20.05,0.2,1,0.05
16908,20.15,0.3,1,0.05
16909,20.15,0.2,1,0.05
16910,20.1,0.15000000000000002,1,0.05
16911,20.1,0.35,1,0.05
16912,20.15,0.3,1,0.05
16913,20.25,0.8000000000000002,1,0.05
16914,20.1,0.25,1,0.05
16915,20.1,0.7500000000000001,1,0.05
16916,20.45,-18.45,1,0.05
16917,20.75,1.9999999999999998,1,0.05
16918,20.1,0.35,1,0.05
16919,19.95,1.1000000000000003,1,0.05
16920,20.15,0.3,1,0.05
16921,20.05,0.39999999999999997,1,0.05
16922,20.15,0.3,1,0.05
16923,20.2,0.45,1,0.05
16924,20.15,0.30000000000000004,1,0.05
16925,-8.95,13.249999999999998,0,0.05
16926,20.25,0.6000000000000001,1,0.05
16927,20.2,0.55,1,0.05
16928,20.2,0.45,1,0.05
16929,20.3,0.7500000000000001,1,0.05
16930,20.1,0.15000000000000002,1,0.05
16931,20.25,0.7000000000000001,1,0.05
16932,20.25,2.4,1,0.05
16933,20.05,0.2,1,0.05
16934,20.1,0.25,1,0.05
16935,20.15,-19.85,1,0.05
16936,20.2,0.35000000000000003,1,0.05
16937,20.1,0.45,1,0.05
16938,20.1,0.25,1,0.05
16939,20.0,0.25,1,0.05
16940,20.3,0.7500000000000001,1,0.05
16941,20.2,0.6500000000000001,1,0.05
16942,20.15,0.3,1,0.05
16943,19.9,0.35,1,0.05
16944,20.1,1.1500000000000001,1,0.05
16945,20.2,0.55,1,0.05
16946,20.1,0.35,1,0.05
16947,20.0,0.25,1,0.05
16948,20.45,1.6,1,0.05
16949,20.3,1.45,1,0.05
16950,20.55,2.4999999999999987,1,0.05
16951,20.15,0.6000000000000001,1,0.05
16952,-8.95,13.349999999999998,0,0.05
16953,20.45,1.7,1,0.05
16954,20.15,0.3,1,0.05
16955,20.25,0.5000000000000001,1,0.05
16956,20.1,0.35,1,0.05
16957,20.3,1.6500000000000001,1,0.05
16958,20.2,0.45,1,0.05
16959,20.1,0.15000000000000002,1,0.05
16960,20.1,0.35,1,0.05
16961,20.05,0.6000000000000001,1,0.05
16962,20.15,0.2,1,0.05
16963,20.2,2.4499999999999993,1,0.05
16964,20.1,0.35,1,0.05
16965,20.2,0.6500000000000001,1,0.05
16966,20.0,0.44999999999999996,1,0.05
16967,20.15,0.2,1,0.05
16968,20.1,0.35,1,0.05
16969,20.5,1.8500000000000003,1,0.05
16970,20.2,0.6500000000000001,1,0.05
16971,20.45,-18.55,1,0.05
16972,-10.25,12.05,0,0.05
16973,20.15,0.7000000000000001,1,0.05
16974,20.1,0.25,1,0.05
16975,20.15,0.3,1,0.05
16976,20.1,0.35,1,0.05
16977,20.25,0.9000000000000001,1,0.05
16978,20.25,-19.45,1,0.05
16979,20.05,0.2,1,0.05
16980,20.05,0.0,1,0.05
16981,20.1,0.25,1,0.05
16982,20.0,-19.6,1,0.05
16983,-9.049999999999999,13.249999999999998,0,0.05
16984,20.15,0.3,1,0.05
16985,20.2,0.55,1,0.05
16986,20.15,0.2,1,0.05
16987,20.45,1.2,1,0.05
16988,20.0,0.15000000000000002,1,0.05
16989,-9.25,12.95,0,0.05
16990,20.15,0.2,1,0.05
16991,20.0,0.25,1,0.05
16992,20.5,1.8499999999999999,1,0.05
16993,20.05,0.3,1,0.05
16994,-8.85,13.45,0,0.05
16995,-8.95,13.249999999999998,0,0.05
16996,20.15,0.2,1,0.05
16997,20.15,0.7000000000000001,1,0.05
16998,20.2,0.45,1,0.05
16999,20.05,0.2,1,0.05
17000,20.15,-19.55,1,0.05
17001,20.05,0.2,1,0.05
17002,20.2,0.55,1,0.05
17003,20.15,0.7000000000000001,1,0.05
17004,20.15,0.3,1,0.05
17005,20.6,-18.4,1,0.05
17006,20.15,0.5000000000000001,1,0.05
17007,20.1,0.35,1,0.05
17008,20.2,0.45,1,0.05
17009,20.05,0.39999999999999997,1,0.05
17010,-9.15,13.149999999999999,0,0.05
17011,20.2,0.45,1,0.05
17012,-9.25,12.95,0,0.05
17013,20.1,0.15000000000000002,1,0.05
17014,20.05,0.0,1,0.05
17015,-9.25,13.049999999999999,0,0.05
17016,20.8,2.1499999999999995,1,0.05
17017,20.25,0.8000000000000002,1,0.05
17018,20.75,2.6999999999999984,1,0.05
17019,20.1,0.25,1,0.05
17020,20.05,0.2,1,0.05
17021,20.1,0.35000000000000003,1,0.05
17022,20.1,0.25,1,0.05
17023,20.2,0.55,1,0.05
17024,20.4,1.2500000000000002,1,0.05
17025,20.1,0.35,1,0.05
17026,21.0,2.8499999999999988,1,0.05
17027,20.15,1.3,1,0.05
17028,20.15,0.6000000000000001,1,0.05
17029,20.3,0.7500000000000001,1,0.05
17030,20.2,0.55,1,0.05
17031,20.2,0.7500000000000001,1,0.05
17032,20.0,0.25,1,0.05
17033,20.7,2.249999999999999,1,0.05
17034,20.1,0.15000000000000002,1,0.05
17035,20.05,0.2,1,0.05
17036,20.45,1.7999999999999998,1,0.05
17037,20.1,0.55,1,0.05
17038,20.2,0.9500000000000002,1,0.05
17039,20.2,0.45,1,0.05
17040,20.25,0.5000000000000001,1,0.05
17041,20.1,0.15000000000000002,1,0.05
17042,20.0,0.05,1,0.05
17043,20.15,0.9000000000000001,1,0.05
17044,20.25,0.5000000000000001,1,0.05
17045,20.4,1.6500000000000001,1,0.05
17046,20.15,0.7000000000000001,1,0.05
17047,20.1,0.15000000000000002,1,0.05
17048,20.1,0.25,1,0.05
17049,20.15,0.2,1,0.05
17050,20.15,0.3,1,0.05
17051,20.15,0.3,1,0.05
17052,20.1,0.15000000000000002,1,0.05
17053,20.2,0.55,1,0.05
17054,-8.75,13.45,0,0.05
17055,20.1,0.25,1,0.05
17056,20.05,0.2,1,0.05
17057,20.8,2.249999999999999,1,0.05
17058,20.2,0.6500000000000001,1,0.05
17059,20.15,0.3,1,0.05
17060,20.1,0.7500000000000001,1,0.05
17061,20.3,0.7500000000000001,1,0.05
17062,20.15,0.6000000000000001,1,0.05
17063,20.15,0.2,1,0.05
17064,20.95,2.7999999999999994,1,0.05
17065,20.8,2.5499999999999994,1,0.05
17066,20.0,0.25,1,0.05
17067,20.1,0.15000000000000002,1,0.05
17068,20.4,-18.8,1,0.05
17069,20.25,1.4000000000000001,1,0.05
17070,20.2,0.45,1,0.05
17071,-8.95,13.349999999999998,0,0.05
17072,20.15,0.5000000000000001,1,0.05
17073,20.15,0.3,1,0.05
17074,20.6,-17.9,1,0.05
17075,20.2,0.45,1,0.05
17076,-8.75,13.549999999999999,0,0.05
17077,20.25,0.8000000000000002,1,0.05
17078,20.05,0.2,1,0.05
17079,20.15,0.3,1,0.05
17080,21.2,3.4499999999999984,1,0.05
17081,20.2,0.55,1,0.05
17082,20.15,0.7000000000000001,1,0.05
17083,20.15,0.3,1,0.05
17084,20.15,0.3,1,0.05
17085,-9.049999999999999,13.149999999999999,0,0.05
17086,20.25,0.5000000000000001,1,0.05
17087,20.2,0.45,1,0.05
17088,20.1,0.6500000000000001,1,0.05
17089,20.1,0.35,1,0.05
17090,20.2,0.45,1,0.05
17091,20.25,-19.45,1,0.05
17092,20.05,0.3,1,0.05
17093,20.05,0.6000000000000001,1,0.05
17094,20.45,1.6000000000000003,1,0.05
17095,20.1,0.15000000000000002,1,0.05
17096,20.25,0.6000000000000001,1,0.05
17097,20.15,0.2,1,0.05
17098,20.15,0.2,1,0.05
17099,20.2,0.55,1,0.05
17100,20.2,0.45,1,0.05
17101,20.15,0.2,1,0.05
17102,-8.95,13.349999999999998,0,0.05
17103,20.2,0.45,1,0.05
17104,20.2,0.55,1,0.05
17105,20.1,0.45,1,0.05
17106,20.0,0.05000000000000002,1,0.05
17107,20.1,0.35,1,0.05
17108,20.15,0.2,1,0.05
17109,20.1,0.7500000000000001,1,0.05
17110,20.25,0.6000000000000001,1,0.05
17111,20.3,0.7500000000000001,1,0.05
17112,20.15,0.2,1,0.05
17113,20.05,0.6000000000000001,1,0.05
17114,20.15,0.2,1,0.05
17115,20.25,0.5000000000000001,1,0.05
17116,-9.35,12.85,0,0.05
17117,20.15,0.6000000000000001,1,0.05
17118,20.2,0.45,1,0.05
17119,20.2,0.6500000000000001,1,0.05
17120,20.1,0.35000000000000003,1,0.05
17121,20.75,2.3999999999999995,1,0.05
17122,20.15,0.2,1,0.05
17123,20.2,0.45,1,0.05
17124,20.0,0.25,1,0.05
17125,20.15,0.3,1,0.05
17126,20.0,0.44999999999999996,1,0.05
17127,20.15,0.3,1,0.05
17128,20.1,0.35,1,0.05
17129,20.05,0.10000000000000002,1,0.05
17130,20.15,0.3,1,0.05
17131,20.1,0.15000000000000002,1,0.05
17132,20.15,0.6000000000000002,1,0.05
17133,20.15,0.3,1,0.05
17134,20.15,0.6000000000000001,1,0.05
17135,20.1,0.25,1,0.05
17136,20.05,0.3,1,0.05
17137,20.05,0.7000000000000001,1,0.05
17138,20.3,0.8500000000000002,1,0.05
17139,20.45,1.4000000000000001,1,0.05
17140,20.15,0.6000000000000001,1,0.05
17141,20.15,0.2,1,0.05
17142,20.05,0.2,1,0.05
17143,-8.75,13.45,0,0.05
17144,20.45,2.1999999999999997,1,0.05
17145,20.75,2.8999999999999986,1,0.05
17146,19.9,0.35,1,0.05
17147,20.05,0.2,1,0.05
17148,20.0,0.25,1,0.05
17149,-9.15,13.149999999999999,0,0.05
17150,20.25,0.6000000000000001,1,0.05
17151,20.2,0.55,1,0.05
17152,20.15,0.2,1,0.05
17153,20.25,0.5000000000000001,1,0.05
17154,-8.95,13.349999999999998,0,0.05
17155,20.15,0.2,1,0.05
17156,20.15,0.9000000000000001,1,0.05
17157,20.6,2.25,1,0.05
17158,20.1,0.25,1,0.05
17159,20.2,0.6500000000000001,1,0.05
17160,20.25,0.5000000000000001,1,0.05
17161,20.05,0.2,1,0.05
17162,20.25,1.4000000000000001,1,0.05
17163,20.3,0.9500000000000002,1,0.05
17164,20.7,2.249999999999999,1,0.05
17165,20.45,1.4000000000000001,1,0.05
17166,20.15,1.1000000000000003,1,0.05
17167,20.15,0.3,1,0.05
17168,20.1,0.55,1,0.05
17169,20.15,0.2,1,0.05
17170,20.05,0.2,1,0.05
17171,-8.85,13.45,0,0.05
17172,20.15,0.3,1,0.05
17173,20.6,-18.4,1,0.05
17174,20.05,0.3,1,0.05
17175,20.1,-19.9,1,0.05
17176,20.1,0.35000000000000003,1,0.05
17177,20.15,0.7000000000000001,1,0.05
17178,20.35,1.3,1,0.05
17179,20.55,2.099999999999999,1,0.05
17180,20.3,0.7500000000000001,1,0.05
17181,20.1,0.55,1,0.05
17182,20.1,0.25,1,0.05
17183,20.05,0.2,1,0.05
17184,20.25,0.5000000000000001,1,0.05
17185,-8.75,13.549999999999999,0,0.05
17186,20.15,0.2,1,0.05
17187,20.05,0.2,1,0.05
17188,20.05,0.2,1,0.05
17189,20.1,0.35,1,0.05
17190,20.4,1.4500000000000004,1,0.05
17191,20.1,0.6500000000000001,1,0.05
17192,20.25,0.5000000000000001,1,0.05
17193,20.2,1.1500000000000004,1,0.05
17194,20.1,0.25,1,0.05
17195,20.4,0.9500000000000002,1,0.05
17196,20.25,1.0,1,0.05
17197,20.65,2.3999999999999995,1,0.05
17198,20.2,0.45,1,0.05
17199,20.1,0.35,1,0.05
17200,20.45,1.3,1,0.05
17201,20.25,0.6000000000000001,1,0.05
17202,20.15,0.3,1,0.05
17203,20.15,0.3,1,0.05
17204,20.05,0.39999999999999997,1,0.05
17205,20.1,0.15000000000000002,1,0.05
17206,20.0,0.55,1,0.05
17207,20.15,0.2,1,0.05
17208,20.05,0.2,1,0.05
17209,20.2,0.45,1,0.05
17210,20.15,0.3,1,0.05
17211,20.45,1.7999999999999996,1,0.05
17212,20.2,1.05,1,0.05
17213,20.25,0.5000000000000001,1,0.05
17214,20.1,0.15000000000000002,1,0.05
17215,20.3,0.9500000000000002,1,0.05
17216,20.15,0.2,1,0.05
17217,20.45,1.4000000000000001,1,0.05
17218,20.15,0.3,1,0.05
17219,20.05,0.0,1,0.05
17220,20.05,0.0,1,0.05
17221,20.05,0.39999999999999997,1,0.05
17222,20.3,1.1500000000000001,1,0.05
17223,20.35,1.3,1,0.05
17224,20.15,0.2,1,0.05
17225,20.15,0.30000000000000004,1,0.05
17226,20.1,0.25,1,0.05
17227,20.15,0.2,1,0.05
17228,20.1,0.25,1,0.05
17229,20.2,0.45,1,0.05
17230,20.05,0.2,1,0.05
17231,20.05,0.2,1,0.05
17232,20.1,0.35,1,0.05
17233,20.05,0.39999999999999997,1,0.05
17234,20.1,0.25,1,0.05
17235,20.25,0.8000000000000002,1,0.05
17236,20.7,2.549999999999999,1,0.05
17237,20.9,2.949999999999999,1,0.05
17238,20.1,0.15000000000000002,1,0.05
17239,20.4,1.3499999999999999,1,0.05
17240,20.1,0.25,1,0.05
17241,20.2,0.55,1,0.05
17242,20.25,1.1000000000000003,1,0.05
17243,20.2,1.0500000000000003,1,0.05
17244,20.0,0.25,1,0.05
17245,-8.75,13.45,0,0.05
17246,20.1,0.35,1,0.05
17247,20.25,0.6000000000000001,1,0.05
17248,20.1,0.25,1,0.05
17249,20.1,0.35000000000000003,1,0.05
17250,20.25,0.8000000000000002,1,0.05
17251,20.65,2.1,1,0.05
17252,21.05,2.9999999999999987,1,0.05
17253,20.2,0.55,1,0.05
17254,20.3,0.9500000000000002,1,0.05
17255,20.2,0.55,1,0.05
17256,20.0,0.25,1,0.05
17257,20.1,0.35,1,0.05
17258,20.0,0.25,1,0.05
17259,20.15,0.3,1,0.05
17260,20.15,0.3,1,0.05
17261,20.1,0.35,1,0.05
17262,20.0,0.44999999999999996,1,0.05
17263,20.1,0.35,1,0.05
17264,20.1,0.25,1,0.05
17265,20.55,1.9999999999999998,1,0.05
17266,20.1,0.35,1,0.05
17267,20.2,0.5500000000000002,1,0.05
17268,20.25,0.6000000000000001,1,0.05
17269,-8.85,13.45,0,0.05
17270,20.15,0.2,1,0.05
17271,20.15,0.5,1,0.05
17272,20.2,0.55,1,0.05
17273,20.2,0.35000000000000003,1,0.05
17274,20.2,0.55,1,0.05
17275,20.15,0.2,1,0.05
17276,20.4,1.2500000000000002,1,0.05
17277,20.25,0.6000000000000001,1,0.05
17278,20.2,0.55,1,0.05
17279,19.95,0.49999999999999994,1,0.05
17280,20.65,1.7999999999999996,1,0.05
17281,20.2,0.45,1,0.05
17282,20.3,1.3499999999999999,1,0.05
17283,21.0,2.749999999999999,1,0.05
17284,20.2,0.45,1,0.05
17285,-8.85,13.45,0,0.05
17286,20.15,0.2,1,0.05
17287,-8.75,13.549999999999999,0,0.05
17288,20.05,0.3,1,0.05
17289,20.1,0.35,1,0.05
17290,20.1,0.15000000000000002,1,0.05
17291,20.25,0.9000000000000002,1,0.05
17292,20.2,0.6500000000000001,1,0.05
17293,20.1,0.35,1,0.05
17294,20.2,0.45,1,0.05
17295,-8.85,13.349999999999998,0,0.05
17296,-8.95,13.349999999999998,0,0.05
17297,20.1,0.15000000000000002,1,0.05
17298,20.15,0.3,1,0.05
17299,20.25,1.0000000000000002,1,0.05
17300,20.1,0.25,1,0.05
17301,20.75,2.099999999999999,1,0.05
17302,20.15,0.9000000000000002,1,0.05
17303,20.2,0.55,1,0.05
17304,20.0,0.35000000000000003,1,0.05
17305,20.0,0.8500000000000002,1,0.05
17306,20.4,1.2500000000000002,1,0.05
17307,20.05,0.39999999999999997,1,0.05
17308,20.2,0.55,1,0.05
17309,20.15,0.5,1,0.05
17310,20.1,0.15000000000000002,1,0.05
17311,20.1,0.15000000000000002,1,0.05
17312,20.45,1.4000000000000001,1,0.05
17313,-8.95,13.349999999999998,0,0.05
17314,20.1,0.35,1,0.05
17315,20.3,0.95,1,0.05
17316,20.1,0.35,1,0.05
17317,20.05,0.3,1,0.05
17318,20.05,0.6000000000000001,1,0.05
17319,20.1,0.35,1,0.05
17320,20.15,0.3,1,0.05
17321,20.15,0.7000000000000001,1,0.05
17322,20.2,0.55,1,0.05
17323,20.2,1.1500000000000004,1,0.05
17324,20.35,1.1000000000000003,1,0.05
17325,20.1,0.15000000000000002,1,0.05
17326,20.15,0.5000000000000001,1,0.05
17327,20.3,0.6500000000000001,1,0.05
17328,20.1,0.25,1,0.05
17329,20.15,0.3,1,0.05
17330,20.15,0.6000000000000001,1,0.05
17331,20.05,0.10000000000000002,1,0.05
17332,20.15,0.7000000000000001,1,0.05
17333,20.15,0.2,1,0.05
17334,20.15,0.5000000000000001,1,0.05
17335,20.15,0.3,1,0.05
17336,20.15,0.6000000000000001,1,0.05
17337,20.05,-19.65,1,0.05
17338,-8.95,13.25,0,0.05
17339,20.8,2.4499999999999993,1,0.05
17340,20.0,-18.0,1,0.05
17341,20.2,0.45,1,0.05
17342,19.95,0.3,1,0.05
17343,20.25,0.5000000000000001,1,0.05
17344,20.0,0.25,1,0.05
17345,20.2,0.35000000000000003,1,0.05
17346,20.2,0.45,1,0.05
17347,20.05,0.39999999999999997,1,0.05
17348,20.35,1.1000000000000003,1,0.05
17349,20.1,0.9500000000000002,1,0.05
17350,20.05,0.3,1,0.05
17351,20.1,0.25,1,0.05
17352,20.15,0.3,1,0.05
17353,20.1,0.35,1,0.05
17354,20.3,1.1500000000000001,1,0.05
17355,21.05,-17.05,1,0.05
17356,20.15,0.3,1,0.05
17357,20.05,0.2,1,0.05
17358,20.3,0.7500000000000001,1,0.05
17359,20.1,0.25,1,0.05
17360,20.1,0.55,1,0.05
17361,19.95,0.3,1,0.05
17362,20.05,0.2,1,0.05
17363,20.05,0.8,1,0.05
17364,20.2,0.45,1,0.05
17365,20.15,0.2,1,0.05
17366,20.1,0.25,1,0.05
17367,-8.95,13.349999999999998,0,0.05
17368,20.2,0.55,1,0.05
17369,20.3,0.7500000000000001,1,0.05
17370,20.1,0.15000000000000002,1,0.05
17371,20.15,0.5,1,0.05
17372,20.1,0.15000000000000002,1,0.05
17373,20.25,0.5000000000000001,1,0.05
17374,20.15,0.2,1,0.05
17375,20.1,0.35,1,0.05
17376,20.3,0.9500000000000002,1,0.05
17377,20.1,0.9500000000000002,1,0.05
17378,20.2,0.45,1,0.05
17379,20.15,0.6000000000000001,1,0.05
17380,20.25,0.6000000000000001,1,0.05
17381,20.5,1.45,1,0.05
17382,20.3,0.7500000000000001,1,0.05
17383,20.15,0.3,1,0.05
17384,20.15,0.3,1,0.05
17385,20.15,0.2,1,0.05
17386,20.35,1.3,1,0.05
17387,20.25,0.5000000000000001,1,0.05
17388,20.15,0.2,1,0.05
17389,20.2,0.8500000000000002,1,0.05
17390,20.15,0.6000000000000001,1,0.05
17391,20.15,0.3,1,0.05
17392,20.2,0.6500000000000001,1,0.05
17393,20.05,0.2,1,0.05
17394,-8.85,13.45,0,0.05
17395,20.25,0.6000000000000001,1,0.05
17396,20.0,0.6500000000000001,1,0.05
17397,20.15,0.3,1,0.05
17398,20.05,0.39999999999999997,1,0.05
17399,20.05,0.2,1,0.05
17400,20.2,0.55,1,0.05
17401,20.8,2.4499999999999993,1,0.05
17402,-8.75,13.549999999999999,0,0.05
17403,20.05,0.2,1,0.05
17404,20.1,0.25,1,0.05
17405,20.1,0.25,1,0.05
17406,20.1,0.25,1,0.05
17407,20.0,0.25,1,0.05
17408,20.0,0.25,1,0.05
17409,20.25,0.5000000000000001,1,0.05
17410,20.35,-19.25,1,0.05
17411,20.05,0.2,1,0.05
17412,20.1,0.15000000000000002,1,0.05
17413,20.15,0.2,1,0.05
17414,20.1,0.25,1,0.05
17415,20.05,0.2,1,0.05
17416,20.05,0.2,1,0.05
17417,20.15,0.3,1,0.05
17418,20.15,0.2,1,0.05
17419,20.05,-19.75,1,0.05
17420,20.2,0.45,1,0.05
17421,19.95,0.7000000000000001,1,0.05
17422,20.3,1.05,1,0.05
17423,20.1,0.35,1,0.05
17424,20.25,0.5000000000000001,1,0.05
17425,20.1,0.25,1,0.05
17426,19.95,0.6000000000000001,1,0.05
17427,20.05,0.0,1,0.05
17428,20.2,0.5500000000000002,1,0.05
17429,20.25,1.4000000000000001,1,0.05
17430,20.1,0.55,1,0.05
17431,20.05,0.2,1,0.05
17432,20.15,0.3,1,0.05
17433,20.1,0.25,1,0.05
17434,20.05,0.2,1,0.05
17435,-8.95,13.349999999999998,0,0.05
17436,20.15,0.7000000000000001,1,0.05
17437,20.2,0.45,1,0.05
17438,20.05,0.2,1,0.05
17439,20.15,0.2,1,0.05
17440,20.2,0.6500000000000001,1,0.05
17441,20.05,1.2,1,0.05
17442,20.3,1.1500000000000001,1,0.05
17443,-8.95,13.349999999999998,0,0.05
17444,20.2,0.35000000000000003,1,0.05
17445,20.25,1.0000000000000002,1,0.05
17446,-8.85,13.45,0,0.05
17447,20.1,0.35,1,0.05
17448,20.15,0.3,1,0.05
17449,-9.25,13.049999999999999,0,0.05
17450,20.1,0.15000000000000002,1,0.05
17451,-9.15,13.149999999999999,0,0.05
17452,20.3,0.6500000000000001,1,0.05
17453,-8.95,13.249999999999998,0,0.05
17454,20.1,0.35,1,0.05
17455,20.1,0.15000000000000002,1,0.05
17456,20.0,0.25,1,0.05
17457,-8.75,13.549999999999999,0,0.05
17458,20.15,0.6000000000000001,1,0.05
17459,20.0,0.25,1,0.05
17460,20.05,0.2,1,0.05
17461,20.15,0.3,1,0.05
17462,20.45,1.3,1,0.05
17463,20.2,0.6500000000000001,1,0.05
17464,20.2,1.3499999999999999,1,0.05
17465,20.2,0.45000000000000007,1,0.05
17466,20.0,0.35,1,0.05
17467,20.6,1.6499999999999997,1,0.05
17468,-8.95,13.249999999999998,0,0.05
17469,20.1,0.35,1,0.05
17470,20.15,0.3,1,0.05
17471,20.2,0.55,1,0.05
17472,20.1,0.25,1,0.05
17473,20.3,0.6500000000000001,1,0.05
17474,20.15,0.3,1,0.05
17475,20.25,0.5000000000000001,1,0.05
17476,20.1,0.15000000000000002,1,0.05
17477,20.65,1.9999999999999998,1,0.05
17478,20.1,0.35,1,0.05
17479,20.15,0.3,1,0.05
17480,20.15,0.2,1,0.05
17481,20.55,1.6,1,0.05
17482,20.25,0.5000000000000001,1,0.05
17483,20.05,0.2,1,0.05
17484,20.45,1.6999999999999997,1,0.05
17485,-9.049999999999999,13.249999999999998,0,0.05
17486,20.1,0.25,1,0.05
17487,20.15,0.30000000000000004,1,0.05
17488,20.15,0.7000000000000001,1,0.05
17489,20.3,0.7500000000000001,1,0.05
17490,20.15,0.3,1,0.05
17491,20.2,1.1500000000000004,1,0.05
17492,20.1,0.15000000000000002,1,0.05
17493,20.75,2.399999999999999,1,0.05
17494,20.1,0.35000000000000003,1,0.05
17495,20.15,0.3,1,0.05
17496,20.1,0.25,1,0.05
17497,20.25,0.5000000000000001,1,0.05
17498,20.15,0.2,1,0.05
17499,20.3,0.7500000000000001,1,0.05
17500,20.0,0.44999999999999996,1,0.05
17501,19.95,0.7000000000000001,1,0.05
17502,-8.75,13.45,0,0.05
17503,20.15,0.9000000000000001,1,0.05
17504,-8.95,13.249999999999998,0,0.05
17505,20.15,0.3,1,0.05
17506,20.2,0.45,1,0.05
17507,20.0,0.25,1,0.05
17508,19.95,0.3,1,0.05
17509,20.05,0.39999999999999997,1,0.05
17510,20.05,0.2,1,0.05
17511,20.15,0.3,1,0.05
17512,20.1,0.25,1,0.05
17513,20.2,1.25,1,0.05
17514,20.1,0.15000000000000002,1,0.05
17515,20.15,0.2,1,0.05
17516,20.1,0.15000000000000002,1,0.05
17517,20.1,0.25,1,0.05
17518,20.15,0.2,1,0.05
17519,20.8,2.549999999999999,1,0.05
17520,20.05,0.2,1,0.05
17521,20.45,1.7999999999999998,1,0.05
17522,20.25,0.5000000000000001,1,0.05
17523,20.25,0.8000000000000002,1,0.05
17524,20.25,1.0000000000000002,1,0.05
17525,20.15,0.9000000000000001,1,0.05
17526,20.15,0.5000000000000001,1,0.05
17527,20.25,0.5000000000000001,1,0.05
17528,20.15,0.3,1,0.05
17529,20.1,0.15000000000000002,1,0.05
17530,20.25,0.6000000000000001,1,0.05
17531,20.15,0.2,1,0.05
17532,20.2,0.45,1,0.05
17533,20.1,0.05000000000000002,1,0.05
17534,20.25,0.5000000000000001,1,0.05
17535,20.1,0.25,1,0.05
17536,20.05,0.2,1,0.05
17537,20.2,0.45000000000000007,1,0.05
17538,20.1,0.35,1,0.05
17539,20.25,0.6000000000000001,1,0.05
17540,20.05,0.39999999999999997,1,0.05
17541,20.2,0.35000000000000003,1,0.05
17542,20.3,0.8500000000000001,1,0.05
17543,20.1,-19.7,1,0.05
17544,-9.15,13.149999999999999,0,0.05
17545,20.15,0.6000000000000001,1,0.05
17546,20.1,0.25,1,0.05
17547,20.15,0.2,1,0.05
17548,20.2,0.55,1,0.05
17549,20.2,0.55,1,0.05
17550,20.2,1.05,1,0.05
17551,20.4,-19.0,1,0.05
17552,20.05,0.39999999999999997,1,0.05
17553,20.15,0.3,1,0.05
17554,20.15,0.5000000000000001,1,0.05
17555,20.2,0.45,1,0.05
17556,20.1,0.25,1,0.05
17557,20.05,0.39999999999999997,1,0.05
17558,20.25,0.6000000000000001,1,0.05
17559,20.15,0.2,1,0.05
17560,20.15,0.3,1,0.05
17561,20.15,0.3,1,0.05
17562,20.1,0.55,1,0.05
17563,20.15,1.2,1,0.05
17564,20.05,0.6000000000000002,1,0.05
17565,20.15,0.2,1,0.05
17566,20.05,0.39999999999999997,1,0.05
17567,20.1,0.55,1,0.05
17568,20.15,0.3,1,0.05
17569,20.05,0.3,1,0.05
17570,20.1,0.25,1,0.05
17571,20.05,0.3,1,0.05
17572,20.15,0.2,1,0.05
17573,20.2,0.6500000000000001,1,0.05
17574,20.2,0.45,1,0.05
17575,20.25,0.6000000000000001,1,0.05
17576,20.2,0.45,1,0.05
17577,20.05,0.2,1,0.05
17578,20.1,0.05,1,0.05
17579,20.3,1.7499999999999998,1,0.05
17580,20.15,0.3,1,0.05
17581,20.4,-19.0,1,0.05
17582,20.15,-19.85,1,0.05
17583,20.1,-19.9,1,0.05
17584,19.9,0.35,1,0.05
17585,20.1,0.6500000000000001,1,0.05
17586,20.25,0.8000000000000002,1,0.05
17587,-9.15,13.049999999999999,0,0.05
17588,-8.75,13.549999999999999,0,0.05
17589,20.15,0.30000000000000004,1,0.05
17590,20.15,0.2,1,0.05
17591,19.9,0.35,1,0.05
17592,20.15,0.9000000000000001,1,0.05
17593,20.15,0.6000000000000001,1,0.05
17594,20.0,0.25,1,0.05
17595,20.05,0.2,1,0.05
17596,20.1,0.25,1,0.05
17597,20.1,0.25,1,0.05
17598,20.45,1.6,1,0.05
17599,20.1,0.35,1,0.05
17600,20.1,0.6500000000000002,1,0.05
17601,20.25,0.6000000000000001,1,0.05
17602,20.25,0.6000000000000001,1,0.05
17603,20.1,0.35,1,0.05
17604,20.1,0.25,1,0.05
17605,-9.049999999999999,13.249999999999998,0,0.05
17606,20.65,1.7999999999999996,1,0.05
17607,20.05,0.3,1,0.05
17608,20.15,0.6000000000000001,1,0.05
17609,20.15,0.6000000000000002,1,0.05
17610,20.15,0.3,1,0.05
17611,20.4,-19.0,1,0.05
17612,20.2,0.55,1,0.05
17613,20.1,0.25,1,0.05
17614,-8.85,13.45,0,0.05
17615,20.1,0.35,1,0.05
17616,20.1,0.25,1,0.05
17617,-9.049999999999999,13.349999999999998,0,0.05
17618,20.6,1.8499999999999999,1,0.05
17619,20.65,-17.85,1,0.05
17620,20.0,0.25,1,0.05
17621,20.35,1.9000000000000004,1,0.05
17622,20.95,2.699999999999999,1,0.05
17623,20.15,0.2,1,0.05
17624,20.45,1.4000000000000001,1,0.05
17625,20.2,0.8500000000000002,1,0.05
17626,20.15,0.5000000000000001,1,0.05
17627,20.15,0.3,1,0.05
17628,-8.85,13.349999999999998,0,0.05
17629,20.05,0.2,1,0.05
17630,20.35,1.3000000000000003,1,0.05
17631,20.15,0.2,1,0.05
17632,20.05,0.2,1,0.05
17633,20.1,0.15000000000000002,1,0.05
17634,19.95,0.3,1,0.05
17635,20.15,0.30000000000000004,1,0.05
17636,19.9,0.35,1,0.05
17637,20.0,0.25,1,0.05
17638,20.1,0.25,1,0.05
17639,20.25,0.6000000000000001,1,0.05
17640,20.15,0.3,1,0.05
17641,20.05,-19.75,1,0.05
17642,20.2,0.55,1,0.05
17643,20.25,1.1,1,0.05
17644,20.5,-18.1,1,0.05
17645,20.3,1.1500000000000004,1,0.05
17646,20.1,0.25,1,0.05
17647,20.2,0.45,1,0.05
17648,20.25,0.5000000000000001,1,0.05
17649,20.1,0.15000000000000002,1,0.05
17650,20.15,0.5000000000000001,1,0.05
17651,20.7,1.9499999999999995,1,0.05
17652,20.05,0.3,1,0.05
17653,20.15,-19.85,1,0.05
17654,20.1,0.35,1,0.05
17655,20.05,0.39999999999999997,1,0.05
17656,20.1,0.35,1,0.05
17657,20.1,0.15000000000000002,1,0.05
17658,20.1,0.35000000000000003,1,0.05
17659,20.4,1.45,1,0.05
17660,-8.95,13.349999999999998,0,0.05
17661,20.3,0.7500000000000001,1,0.05
17662,20.15,0.7000000000000001,1,0.05
17663,20.2,1.1500000000000001,1,0.05
17664,20.1,0.25,1,0.05
17665,-8.95,13.349999999999998,0,0.05
17666,20.1,0.35,1,0.05
17667,20.75,2.699999999999999,1,0.05
17668,20.75,2.099999999999999,1,0.05
17669,20.1,0.35,1,0.05
17670,20.1,0.25,1,0.05
17671,20.15,0.3,1,0.05
17672,19.8,1.0500000000000003,1,0.05
17673,20.1,0.25,1,0.05
17674,20.15,0.3,1,0.05
17675,20.15,0.2,1,0.05
17676,20.1,0.35,1,0.05
17677,20.15,-19.85,1,0.05
17678,20.8,2.549999999999999,1,0.05
17679,20.3,1.1500000000000001,1,0.05
17680,20.25,0.6000000000000001,1,0.05
17681,20.1,-19.9,1,0.05
17682,20.15,0.2,1,0.05
17683,20.05,0.3,1,0.05
17684,20.05,0.3,1,0.05
17685,20.25,0.5000000000000001,1,0.05
17686,20.4,1.3499999999999999,1,0.05
17687,20.2,0.55,1,0.05
17688,20.05,0.6000000000000001,1,0.05
17689,20.1,0.7500000000000001,1,0.05
17690,20.15,0.8000000000000002,1,0.05
17691,20.1,0.55,1,0.05
17692,20.15,0.7000000000000001,1,0.05
17693,20.15,0.2,1,0.05
17694,20.2,0.6500000000000001,1,0.05
17695,20.25,0.5000000000000001,1,0.05
17696,20.1,0.35,1,0.05
17697,20.2,0.45,1,0.05
17698,20.2,0.6500000000000001,1,0.05
17699,20.15,0.6000000000000001,1,0.05
17700,20.8,2.8499999999999983,1,0.05
17701,20.6,1.9499999999999995,1,0.05
17702,20.15,0.3,1,0.05
17703,20.05,0.2,1,0.05
17704,20.15,0.3,1,0.05
17705,20.3,0.7500000000000001,1,0.05
17706,20.6,2.0499999999999994,1,0.05
17707,20.1,0.15000000000000002,1,0.05
17708,20.2,1.05,1,0.05
17709,20.3,1.05,1,0.05
17710,20.1,0.25,1,0.05
17711,20.15,0.3,1,0.05
17712,20.2,0.55,1,0.05
17713,20.15,0.6000000000000001,1,0.05
17714,20.1,0.15000000000000002,1,0.05
17715,20.2,0.55,1,0.05
17716,20.15,0.3,1,0.05
17717,19.95,0.39999999999999997,1,0.05
17718,20.15,0.2,1,0.05
17719,20.1,0.15000000000000002,1,0.05
17720,20.1,0.15000000000000002,1,0.05
17721,20.15,0.3,1,0.05
17722,20.15,0.3,1,0.05
17723,20.2,0.55,1,0.05
17724,20.9,3.049999999999999,1,0.05
17725,20.15,0.2,1,0.05
17726,20.2,0.55,1,0.05
17727,20.15,0.3,1,0.05
17728,21.05,2.899999999999999,1,0.05
17729,20.2,0.6500000000000001,1,0.05
17730,20.3,0.7500000000000001,1,0.05
17731,20.5,2.1499999999999995,1,0.05
17732,-8.95,13.349999999999998,0,0.05
17733,20.1,0.9500000000000002,1,0.05
17734,-8.95,13.249999999999998,0,0.05
17735,20.0,0.25,1,0.05
17736,20.2,0.35000000000000003,1,0.05
17737,20.1,0.15000000000000002,1,0.05
17738,20.2,0.45,1,0.05
17739,20.3,0.9500000000000002,1,0.05
17740,19.95,0.3,1,0.05
17741,20.2,0.35,1,0.05
17742,20.25,0.6000000000000001,1,0.05
17743,20.1,0.35,1,0.05
17744,20.1,0.25,1,0.05
17745,20.2,0.55,1,0.05
17746,20.15,0.3,1,0.05
17747,20.5,1.65,1,0.05
17748,20.25,0.6000000000000001,1,0.05
17749,20.35,1.3000000000000003,1,0.05
17750,20.15,0.3,1,0.05
17751,20.2,0.45,1,0.05
17752,20.0,0.44999999999999996,1,0.05
17753,20.2,0.45,1,0.05
17754,20.15,0.3,1,0.05
17755,20.15,0.6000000000000001,1,0.05
17756,20.1,0.35,1,0.05
17757,20.1,0.15000000000000002,1,0.05
17758,20.3,0.8500000000000002,1,0.05
17759,20.05,0.3,1,0.05
17760,20.55,2.0999999999999996,1,0.05
17761,20.05,0.2,1,0.05
17762,-9.049999999999999,13.149999999999999,0,0.05
17763,19.95,0.8000000000000002,1,0.05
17764,20.1,0.35,1,0.05
17765,19.95,-19.75,1,0.05
17766,20.1,0.25,1,0.05
17767,-9.15,13.149999999999999,0,0.05
17768,20.3,1.0500000000000003,1,0.05
17769,20.2,0.55,1,0.05
17770,20.25,0.5000000000000001,1,0.05
17771,20.25,0.5000000000000001,1,0.05
17772,20.05,0.7000000000000001,1,0.05
17773,20.05,0.4,1,0.05
17774,20.65,1.9999999999999998,1,0.05
17775,20.05,0.6000000000000001,1,0.05
17776,20.15,0.3,1,0.05
17777,-8.75,13.45,0,0.05
17778,20.15,0.2,1,0.05
17779,20.1,0.7500000000000001,1,0.05
17780,20.2,0.6500000000000001,1,0.05
17781,20.15,0.2,1,0.05
17782,20.2,0.45,1,0.05
17783,20.05,0.3,1,0.05
17784,20.05,0.39999999999999997,1,0.05
17785,21.1,3.1499999999999986,1,0.05
17786,20.15,0.2,1,0.05
17787,20.65,2.399999999999999,1,0.05
17788,20.2,0.9500000000000002,1,0.05
17789,-8.95,13.45,0,0.05
17790,20.15,0.3,1,0.05
17791,20.35,1.1000000000000003,1,0.05
17792,20.1,0.25,1,0.05
17793,20.2,0.6500000000000001,1,0.05
17794,20.15,0.2,1,0.05
17795,20.2,0.5500000000000002,1,0.05
17796,20.05,0.10000000000000002,1,0.05
17797,20.1,0.25,1,0.05
17798,20.75,-17.95,1,0.05
17799,20.4,1.3499999999999999,1,0.05
17800,20.15,0.3,1,0.05
17801,-8.75,13.549999999999999,0,0.05
17802,20.15,0.7000000000000001,1,0.05
17803,20.1,0.15000000000000002,1,0.05
17804,20.15,0.3,1,0.05
17805,20.25,1.0000000000000002,1,0.05
17806,20.15,0.9000000000000002,1,0.05
17807,20.5,1.55,1,0.05
17808,20.05,0.39999999999999997,1,0.05
17809,20.15,0.3,1,0.05
17810,20.0,0.35,1,0.05
17811,20.1,0.25,1,0.05
17812,20.35,1.7000000000000002,1,0.05
17813,20.05,0.39999999999999997,1,0.05
17814,20.05,0.6000000000000001,1,0.05
17815,20.25,0.5000000000000001,1,0.05
17816,20.05,0.0,1,0.05
17817,20.2,0.55,1,0.05
17818,20.15,0.2,1,0.05
17819,20.2,0.45,1,0.05
17820,20.15,0.3,1,0.05
17821,20.1,0.15000000000000002,1,0.05
17822,20.45,1.7000000000000002,1,0.05
17823,20.4,1.9500000000000002,1,0.05
17824,20.25,1.0000000000000002,1,0.05
17825,20.1,0.25,1,0.05
17826,20.1,0.15000000000000002,1,0.05
17827,20.45,1.1000000000000003,1,0.05
17828,20.2,0.5500000000000002,1,0.05
17829,20.15,0.3,1,0.05
17830,20.0,0.15000000000000002,1,0.05
17831,20.15,0.3,1,0.05
17832,20.25,0.7000000000000001,1,0.05
17833,20.1,0.25,1,0.05
17834,20.15,0.3,1,0.05
17835,20.25,1.1000000000000003,1,0.05
17836,20.4,1.1500000000000001,1,0.05
17837,20.25,0.5000000000000001,1,0.05
17838,20.1,0.15000000000000002,1,0.05
17839,20.15,0.3,1,0.05
17840,20.25,1.1,1,0.05
17841,20.0,-19.8,1,0.05
17842,20.0,0.25,1,0.05
17843,20.2,0.55,1,0.05
17844,20.05,0.39999999999999997,1,0.05
17845,20.15,0.2,1,0.05
17846,20.1,0.25,1,0.05
17847,20.05,0.3,1,0.05
17848,20.1,0.25,1,0.05
17849,20.1,0.55,1,0.05
17850,20.05,0.2,1,0.05
17851,20.15,0.3,1,0.05
17852,20.1,0.35,1,0.05
17853,20.15,0.7000000000000001,1,0.05
17854,20.1,0.35,1,0.05
17855,20.2,0.55,1,0.05
17856,20.1,0.35,1,0.05
17857,20.1,0.25,1,0.05
17858,20.2,0.6500000000000001,1,0.05
17859,20.1,0.25,1,0.05
17860,20.15,0.2,1,0.05
17861,20.15,0.6000000000000001,1,0.05
17862,20.15,-19.85,1,0.05
17863,20.15,0.2,1,0.05
17864,20.2,1.0500000000000003,1,0.05
17865,20.1,0.15000000000000002,1,0.05
17866,20.15,0.7000000000000002,1,0.05
17867,20.1,0.55,1,0.05
17868,20.1,0.15000000000000002,1,0.05
17869,20.05,0.0,1,0.05
17870,-9.45,12.95,0,0.05
17871,20.1,0.35,1,0.05
17872,19.9,0.35,1,0.05
17873,20.15,0.9000000000000001,1,0.05
17874,20.05,-19.95,1,0.05
17875,-9.049999999999999,13.149999999999999,0,0.05
17876,20.2,0.7500000000000001,1,0.05
17877,20.1,0.35,1,0.05
17878,20.05,0.3,1,0.05
17879,20.2,-19.2,1,0.05
17880,-8.85,13.349999999999998,0,0.05
17881,20.3,0.6500000000000001,1,0.05
17882,20.15,0.3,1,0.05
17883,21.05,3.1999999999999984,1,0.05
17884,19.95,0.3,1,0.05
17885,20.1,0.15000000000000002,1,0.05
17886,20.05,0.8000000000000002,1,0.05
17887,20.25,0.5000000000000001,1,0.05
17888,20.2,0.6500000000000001,1,0.05
17889,20.15,0.5000000000000001,1,0.05
17890,20.2,0.45,1,0.05
17891,20.5,1.9499999999999995,1,0.05
17892,20.15,0.4,1,0.05
17893,20.15,0.2,1,0.05
17894,20.1,0.25,1,0.05
17895,-8.95,13.349999999999998,0,0.05
17896,20.05,0.2,1,0.05
17897,20.15,0.3,1,0.05
17898,20.15,0.2,1,0.05
17899,20.1,0.25,1,0.05
17900,20.05,0.4,1,0.05
17901,20.1,0.35,1,0.05
17902,20.15,0.3,1,0.05
17903,20.4,1.25,1,0.05
17904,20.2,0.55,1,0.05
17905,20.15,0.4,1,0.05
17906,20.1,0.35,1,0.05
17907,20.15,1.1000000000000003,1,0.05
17908,20.0,0.25,1,0.05
17909,20.45,-18.45,1,0.05
17910,20.15,0.3,1,0.05
17911,20.1,0.15000000000000002,1,0.05
17912,20.1,0.7500000000000001,1,0.05
17913,20.8,2.649999999999999,1,0.05
17914,20.1,0.35,1,0.05
17915,20.25,0.6000000000000001,1,0.05
17916,20.4,1.1500000000000001,1,0.05
17917,20.2,0.6500000000000001,1,0.05
17918,20.1,0.35000000000000003,1,0.05
17919,20.15,0.3,1,0.05
17920,20.1,0.25,1,0.05
17921,20.4,-18.9,1,0.05
17922,20.15,0.6000000000000001,1,0.05
17923,20.0,0.35,1,0.05
17924,20.15,1.1000000000000003,1,0.05
17925,20.25,0.8000000000000002,1,0.05
17926,20.95,2.899999999999999,1,0.05
17927,20.1,0.35,1,0.05
17928,20.2,0.45,1,0.05
17929,19.95,0.39999999999999997,1,0.05
17930,20.1,0.25,1,0.05
17931,20.15,0.3,1,0.05
17932,20.75,1.9999999999999998,1,0.05
17933,20.15,0.2,1,0.05
17934,20.1,0.35,1,0.05
17935,20.25,0.8000000000000002,1,0.05
17936,20.15,0.8000000000000002,1,0.05
17937,20.2,0.45,1,0.05
17938,20.1,0.25,1,0.05
17939,20.3,0.6500000000000001,1,0.05
17940,20.45,1.2,1,0.05
17941,20.05,0.2,1,0.05
17942,20.1,0.35000000000000003,1,0.05
17943,20.0,0.44999999999999996,1,0.05
17944,20.5,1.3499999999999999,1,0.05
17945,20.35,1.0,1,0.05
17946,20.1,0.35,1,0.05
17947,20.2,0.8500000000000002,1,0.05
17948,20.4,1.1500000000000001,1,0.05
17949,20.0,0.25,1,0.05
17950,20.1,-19.2,1,0.05
17951,20.3,1.1500000000000004,1,0.05
17952,20.15,0.2,1,0.05
17953,20.25,0.5000000000000001,1,0.05
17954,20.1,0.25,1,0.05
17955,19.95,0.3,1,0.05
17956,20.45,1.2,1,0.05
17957,20.2,0.6500000000000001,1,0.05
17958,20.1,0.45,1,0.05
17959,20.7,1.9499999999999995,1,0.05
17960,20.3,1.1500000000000001,1,0.05
17961,-8.85,13.349999999999998,0,0.05
17962,20.8,2.8499999999999988,1,0.05
17963,20.15,0.2,1,0.05
17964,20.35,0.8000000000000002,1,0.05
17965,20.25,0.8000000000000002,1,0.05
17966,20.3,1.0500000000000003,1,0.05
17967,20.15,0.3,1,0.05
17968,20.05,0.2,1,0.05
17969,20.15,0.2,1,0.05
17970,20.1,0.45,1,0.05
17971,20.2,0.6500000000000001,1,0.05
17972,20.1,0.55,1,0.05
17973,20.05,0.2,1,0.05
17974,20.35,1.0000000000000002,1,0.05
17975,20.2,0.55,1,0.05
17976,19.9,0.35,1,0.05
17977,20.2,0.45,1,0.05
17978,20.15,0.2,1,0.05
17979,20.15,0.3,1,0.05
17980,20.05,0.2,1,0.05
17981,20.4,-18.4,1,0.05
17982,20.25,0.5000000000000001,1,0.05
17983,20.15,0.6000000000000001,1,0.05
17984,20.05,0.3,1,0.05
17985,20.05,0.3,1,0.05
17986,20.85,2.399999999999999,1,0.05
17987,20.2,-19.4,1,0.05
17988,20.1,0.15000000000000002,1,0.05
17989,20.1,0.35,1,0.05
17990,20.85,2.399999999999999,1,0.05
17991,20.15,0.2,1,0.05
17992,20.3,0.7500000000000001,1,0.05
17993,20.05,-19.85,1,0.05
17994,20.25,0.6000000000000001,1,0.05
17995,20.15,0.6000000000000001,1,0.05
17996,20.2,0.55,1,0.05
17997,20.25,0.5000000000000001,1,0.05
17998,20.15,0.3,1,0.05
17999,-8.95,13.249999999999998,0,0.05
18000,20.2,0.55,1,0.05
18001,20.15,0.2,1,0.05
18002,20.15,0.3,1,0.05
18003,20.15,0.3,1,0.05
18004,20.3,0.9500000000000002,1,0.05
18005,21.05,2.899999999999999,1,0.05
18006,20.1,0.35,1,0.05
18007,20.15,-19.85,1,0.05
18008,20.3,-19.3,1,0.05
18009,-8.95,13.349999999999998,0,0.05
18010,20.0,0.25,1,0.05
18011,-9.45,12.85,0,0.05
18012,20.1,0.25,1,0.05
18013,-8.95,13.45,0,0.05
18014,20.35,1.7,1,0.05
18015,20.5,1.6499999999999997,1,0.05
18016,20.15,0.3,1,0.05
18017,20.4,1.5500000000000005,1,0.05
18018,20.1,0.35,1,0.05
18019,20.5,2.1499999999999995,1,0.05
18020,20.15,0.3,1,0.05
18021,20.9,2.749999999999999,1,0.05
18022,20.6,1.6499999999999997,1,0.05
18023,20.1,0.35,1,0.05
18024,20.1,0.35,1,0.05
18025,20.1,0.15000000000000002,1,0.05
18026,20.45,-18.35,1,0.05
18027,20.1,0.35,1,0.05
18028,20.0,0.44999999999999996,1,0.05
18029,-8.85,13.349999999999998,0,0.05
18030,20.25,0.8000000000000002,1,0.05
18031,20.05,0.3,1,0.05
18032,20.15,0.2,1,0.05
18033,20.15,0.3,1,0.05
18034,20.25,1.0000000000000002,1,0.05
18035,20.2,0.5500000000000002,1,0.05
18036,-8.85,13.45,0,0.05
18037,20.25,0.5000000000000001,1,0.05
18038,20.1,0.35,1,0.05
18039,20.2,0.45,1,0.05
18040,20.15,0.30000000000000004,1,0.05
18041,20.2,0.6500000000000001,1,0.05
18042,20.15,0.2,1,0.05
18043,20.1,0.55,1,0.05
18044,20.1,0.35,1,0.05
18045,20.15,0.2,1,0.05
18046,20.15,0.3,1,0.05
18047,20.15,0.30000000000000004,1,0.05
18048,20.15,0.6000000000000001,1,0.05
18049,20.1,0.25,1,0.05
18050,20.05,0.6000000000000001,1,0.05
18051,20.4,1.3500000000000005,1,0.05
18052,20.2,0.6500000000000001,1,0.05
18053,20.3,1.3500000000000003,1,0.05
18054,20.05,0.2,1,0.05
18055,-8.85,13.45,0,0.05
18056,20.1,0.5500000000000002,1,0.05
18057,20.15,0.2,1,0.05
18058,-8.75,13.45,0,0.05
18059,20.15,0.5,1,0.05
18060,-8.95,13.349999999999998,0,0.05
18061,20.1,0.35,1,0.05
18062,-8.75,13.549999999999999,0,0.05
18063,20.1,0.55,1,0.05
18064,20.1,0.25,1,0.05
18065,20.15,0.3,1,0.05
18066,20.05,0.0,1,0.05
18067,21.2,3.3499999999999988,1,0.05
18068,20.4,1.05,1,0.05
18069,20.1,0.55,1,0.05
18070,20.15,0.2,1,0.05
18071,20.2,0.45,1,0.05
18072,20.1,0.35000000000000003,1,0.05
18073,20.15,0.2,1,0.05
18074,20.15,0.2,1,0.05
18075,20.25,0.6000000000000001,1,0.05
18076,20.3,0.6500000000000001,1,0.05
18077,20.2,0.45,1,0.05
18078,20.25,0.6000000000000001,1,0.05
18079,20.15,0.2,1,0.05
18080,20.0,0.25,1,0.05
18081,20.2,0.45,1,0.05
18082,-9.15,13.149999999999999,0,0.05
18083,20.1,0.25,1,0.05
18084,20.25,0.5000000000000001,1,0.05
18085,20.15,0.3,1,0.05
18086,21.0,3.049999999999999,1,0.05
18087,20.15,0.6000000000000001,1,0.05
18088,20.05,0.2,1,0.05
18089,20.75,2.399999999999999,1,0.05
18090,20.15,0.2,1,0.05
18091,-8.75,13.45,0,0.05
18092,20.25,0.5000000000000001,1,0.05
18093,20.2,1.05,1,0.05
18094,20.0,0.25,1,0.05
18095,20.15,0.2,1,0.05
18096,19.95,0.3,1,0.05
18097,20.05,0.39999999999999997,1,0.05
18098,20.15,0.3,1,0.05
18099,20.35,1.3000000000000003,1,0.05
18100,20.2,0.8500000000000002,1,0.05
18101,20.35,1.1,1,0.05
18102,20.15,0.5,1,0.05
18103,20.3,0.8500000000000001,1,0.05
18104,20.15,0.3,1,0.05
18105,20.1,1.65,1,0.05
18106,20.1,0.35,1,0.05
18107,20.1,0.35,1,0.05
18108,20.1,0.35,1,0.05
18109,20.25,0.5000000000000001,1,0.05
18110,20.1,0.25,1,0.05
18111,20.15,0.2,1,0.05
18112,20.1,0.35,1,0.05
18113,20.1,0.35,1,0.05
18114,20.15,0.7000000000000002,1,0.05
18115,20.45,2.0,1,0.05
18116,19.9,0.35,1,0.05
18117,20.15,0.2,1,0.05
18118,20.2,-19.6,1,0.05
18119,20.1,0.25,1,0.05
18120,-8.85,13.349999999999998,0,0.05
18121,20.2,0.8500000000000002,1,0.05
18122,20.15,0.6000000000000001,1,0.05
18123,20.2,0.45,1,0.05
18124,20.05,0.0,1,0.05
18125,20.1,0.7500000000000001,1,0.05
18126,-8.75,13.549999999999999,0,0.05
18127,20.7,1.9499999999999995,1,0.05
18128,20.0,0.25,1,0.05
18129,20.1,0.25,1,0.05
18130,20.05,0.3,1,0.05
18131,20.2,0.6500000000000001,1,0.05
18132,20.1,0.35,1,0.05
18133,-9.049999999999999,13.149999999999999,0,0.05
18134,20.25,0.5000000000000001,1,0.05
18135,20.15,0.3,1,0.05
18136,20.3,0.9500000000000002,1,0.05
18137,20.1,0.15000000000000002,1,0.05
18138,20.15,0.2,1,0.05
18139,20.5,1.75,1,0.05
18140,20.15,0.3,1,0.05
18141,20.15,0.2,1,0.05
18142,20.15,0.2,1,0.05
18143,20.15,0.6000000000000001,1,0.05
18144,-8.95,13.349999999999998,0,0.05
18145,20.7,2.05,1,0.05
18146,20.05,0.8000000000000002,1,0.05
18147,20.3,0.7500000000000001,1,0.05
18148,20.25,0.6000000000000001,1,0.05
18149,20.1,0.35000000000000003,1,0.05
18150,20.05,0.39999999999999997,1,0.05
18151,20.15,0.3,1,0.05
18152,20.15,0.5,1,0.05
18153,20.2,0.6500000000000001,1,0.05
18154,20.65,1.9999999999999998,1,0.05
18155,20.2,0.45,1,0.05
18156,20.15,0.9000000000000001,1,0.05
18157,20.2,0.45,1,0.05
18158,20.1,0.45,1,0.05
18159,20.2,0.8500000000000001,1,0.05
18160,20.2,0.8500000000000001,1,0.05
18161,20.25,0.5000000000000001,1,0.05
18162,-8.75,13.549999999999999,0,0.05
18163,20.1,-19.7,1,0.05
18164,20.35,1.1,1,0.05
18165,20.1,0.15000000000000002,1,0.05
18166,20.05,0.39999999999999997,1,0.05
18167,20.1,0.35,1,0.05
18168,20.25,1.0000000000000002,1,0.05
18169,20.95,3.0999999999999988,1,0.05
18170,20.1,0.25,1,0.05
18171,20.0,0.25,1,0.05
18172,20.1,0.7500000000000002,1,0.05
18173,20.1,0.25,1,0.05
18174,20.05,0.3,1,0.05
18175,20.15,0.3,1,0.05
18176,20.1,0.25,1,0.05
18177,20.25,0.5000000000000001,1,0.05
18178,20.1,0.35,1,0.05
18179,20.25,0.5000000000000001,1,0.05
18180,20.15,0.3,1,0.05
18181,20.55,2.299999999999999,1,0.05
18182,20.2,-19.5,1,0.05
18183,20.2,0.6500000000000001,1,0.05
18184,19.95,0.6000000000000001,1,0.05
18185,20.15,0.2,1,0.05
18186,20.15,0.7000000000000001,1,0.05
18187,20.2,0.35000000000000003,1,0.05
18188,20.05,0.2,1,0.05
18189,20.1,0.35,1,0.05
18190,20.1,0.15000000000000002,1,0.05
18191,20.0,0.25,1,0.05
18192,20.25,0.6000000000000001,1,0.05
18193,-8.85,13.349999999999998,0,0.05
18194,20.15,0.3,1,0.05
18195,20.3,1.55,1,0.05
18196,-8.85,13.349999999999998,0,0.05
18197,20.15,0.7000000000000002,1,0.05
18198,20.1,0.25,1,0.05
18199,20.25,0.5000000000000001,1,0.05
18200,20.2,0.7500000000000001,1,0.05
18201,20.65,2.1999999999999993,1,0.05
18202,20.15,0.2,1,0.05
18203,20.25,0.5000000000000001,1,0.05
18204,20.4,1.05,1,0.05
18205,20.15,0.3,1,0.05
18206,20.1,-19.6,1,0.05
18207,20.25,0.8000000000000002,1,0.05
18208,20.05,-19.65,1,0.05
18209,20.25,0.7000000000000001,1,0.05
18210,20.2,0.45,1,0.05
18211,20.1,0.35,1,0.05
18212,20.2,0.45,1,0.05
18213,-9.049999999999999,13.249999999999998,0,0.05
18214,20.15,0.3,1,0.05
18215,20.25,0.8000000000000002,1,0.05
18216,20.15,0.3,1,0.05
18217,20.05,0.2,1,0.05
18218,20.25,0.5000000000000001,1,0.05
18219,20.0,-19.8,1,0.05
18220,20.1,0.7500000000000002,1,0.05
18221,20.15,0.3,1,0.05
18222,20.35,0.9000000000000001,1,0.05
18223,20.0,0.25,1,0.05
18224,20.2,0.45,1,0.05
18225,20.1,0.35,1,0.05
18226,20.2,-19.3,1,0.05
18227,20.7,1.9499999999999995,1,0.05
18228,20.25,0.6000000000000001,1,0.05
18229,20.25,1.0000000000000002,1,0.05
18230,20.1,0.25,1,0.05
18231,20.05,0.2,1,0.05
18232,20.1,0.35,1,0.05
18233,20.1,0.35,1,0.05
18234,20.45,1.7,1,0.05
18235,20.1,0.15000000000000002,1,0.05
18236,20.6,2.249999999999999,1,0.05
18237,20.1,0.35,1,0.05
18238,20.15,0.4,1,0.05
18239,20.15,0.2,1,0.05
18240,20.2,0.45,1,0.05
18241,20.7,2.649999999999999,1,0.05
18242,20.1,0.35,1,0.05
18243,20.1,0.15000000000000002,1,0.05
18244,20.25,0.5000000000000001,1,0.05
18245,20.15,0.3,1,0.05
18246,20.35,1.1,1,0.05
18247,20.2,0.55,1,0.05
18248,20.1,0.25,1,0.05
18249,20.2,0.45,1,0.05
18250,20.05,0.3,1,0.05
18251,20.05,0.6000000000000001,1,0.05
18252,20.05,0.7000000000000001,1,0.05
18253,20.1,0.25,1,0.05
18254,20.2,0.45,1,0.05
18255,20.25,1.2,1,0.05
18256,20.05,0.39999999999999997,1,0.05
18257,20.15,0.2,1,0.05
18258,20.05,0.3,1,0.05
18259,20.5,1.55,1,0.05
18260,20.5,1.45,1,0.05
18261,20.2,0.55,1,0.05
18262,20.15,0.3,1,0.05
18263,20.8,2.6499999999999986,1,0.05
18264,20.15,1.2000000000000004,1,0.05
18265,20.0,0.25,1,0.05
18266,20.95,2.799999999999999,1,0.05
18267,20.05,0.6000000000000001,1,0.05
18268,20.15,0.2,1,0.05
18269,20.3,0.9500000000000002,1,0.05
18270,20.1,0.15000000000000002,1,0.05
18271,20.15,0.30000000000000004,1,0.05
18272,20.3,0.6500000000000001,1,0.05
18273,20.2,0.45,1,0.05
18274,19.95,0.39999999999999997,1,0.05
18275,20.25,0.5000000000000001,1,0.05
18276,20.15,1.1000000000000003,1,0.05
18277,20.2,0.45,1,0.05
18278,20.3,0.6500000000000001,1,0.05
18279,-8.85,13.45,0,0.05
18280,20.25,1.1,1,0.05
18281,20.15,0.3,1,0.05
18282,20.55,2.299999999999999,1,0.05
18283,20.3,1.05,1,0.05
18284,20.05,0.3,1,0.05
18285,20.15,0.2,1,0.05
18286,19.95,0.9000000000000002,1,0.05
18287,20.4,1.2499999999999998,1,0.05
18288,20.25,1.0000000000000002,1,0.05
18289,20.25,0.5000000000000001,1,0.05
18290,20.15,0.3,1,0.05
18291,20.1,0.25,1,0.05
18292,-8.75,13.45,0,0.05
18293,20.35,1.1,1,0.05
18294,-8.75,13.45,0,0.05
18295,20.25,0.5000000000000001,1,0.05
18296,20.15,0.6000000000000001,1,0.05
18297,20.2,0.45,1,0.05
18298,20.4,2.05,1,0.05
18299,20.1,0.15000000000000002,1,0.05
18300,20.55,1.7,1,0.05
18301,20.2,0.45,1,0.05
18302,-8.95,13.349999999999998,0,0.05
18303,20.05,0.2,1,0.05
18304,20.25,0.6000000000000001,1,0.05
18305,20.05,0.39999999999999997,1,0.05
18306,20.0,0.25,1,0.05
18307,20.25,0.5000000000000001,1,0.05
18308,20.05,0.2,1,0.05
18309,20.1,0.35,1,0.05
18310,20.1,0.25,1,0.05
18311,20.2,0.45,1,0.05
18312,20.15,0.3,1,0.05
18313,20.2,0.6500000000000001,1,0.05
18314,20.1,0.35,1,0.05
18315,20.15,0.6000000000000001,1,0.05
18316,20.1,0.15000000000000002,1,0.05
18317,20.05,0.39999999999999997,1,0.05
18318,20.65,2.399999999999999,1,0.05
18319,20.0,0.25,1,0.05
18320,20.65,1.8999999999999997,1,0.05
18321,20.15,0.2,1,0.05
18322,-9.049999999999999,13.149999999999999,0,0.05
18323,20.2,0.45,1,0.05
18324,20.15,0.3,1,0.05
18325,20.1,0.35,1,0.05
18326,20.15,0.2,1,0.05
18327,20.2,0.7500000000000001,1,0.05
18328,20.0,0.44999999999999996,1,0.05
18329,20.05,0.2,1,0.05
18330,19.9,0.35000000000000003,1,0.05
18331,20.1,0.25,1,0.05
18332,20.1,0.35,1,0.05
18333,-9.15,13.049999999999999,0,0.05
18334,-8.75,13.549999999999999,0,0.05
18335,-9.049999999999999,13.249999999999998,0,0.05
18336,20.1,0.25,1,0.05
18337,20.1,0.15000000000000002,1,0.05
18338,20.1,0.35000000000000003,1,0.05
18339,20.15,0.2,1,0.05
18340,20.2,0.6500000000000001,1,0.05
18341,20.3,0.7500000000000001,1,0.05
18342,-8.75,13.549999999999999,0,0.05
18343,19.85,0.4,1,0.05
18344,20.1,0.35,1,0.05
18345,20.05,0.0,1,0.05
18346,20.15,0.3,1,0.05
18347,20.1,0.35,1,0.05
18348,20.15,0.3,1,0.05
18349,-8.95,13.249999999999998,0,0.05
18350,20.15,0.2,1,0.05
18351,20.1,0.25,1,0.05
18352,20.1,0.35,1,0.05
18353,20.1,0.35,1,0.05
18354,20.2,0.35,1,0.05
18355,20.15,0.6000000000000001,1,0.05
18356,20.1,0.25,1,0.05
18357,20.8,2.249999999999999,1,0.05
18358,20.7,2.5499999999999994,1,0.05
18359,20.2,0.6500000000000001,1,0.05
18360,20.15,0.3,1,0.05
18361,20.05,0.3,1,0.05
18362,20.55,1.7,1,0.05
18363,20.15,0.7000000000000002,1,0.05
18364,20.15,0.3,1,0.05
18365,20.15,0.6000000000000002,1,0.05
18366,20.3,0.7500000000000001,1,0.05
18367,20.1,0.35,1,0.05
18368,20.2,0.45,1,0.05
18369,20.2,0.35000000000000003,1,0.05
18370,20.25,0.5000000000000001,1,0.05
18371,20.05,0.2,1,0.05
18372,20.1,0.15000000000000002,1,0.05
18373,20.0,0.25,1,0.05
18374,20.05,0.2,1,0.05
18375,20.55,1.7,1,0.05
18376,20.15,0.2,1,0.05
18377,20.05,0.3,1,0.05
18378,20.15,0.7000000000000001,1,0.05
18379,20.75,2.499999999999999,1,0.05
18380,20.2,0.5500000000000002,1,0.05
18381,20.4,1.05,1,0.05
18382,20.75,2.2999999999999994,1,0.05
18383,20.5,-18.5,1,0.05
18384,20.85,-17.35,1,0.05
18385,20.3,1.0500000000000003,1,0.05
18386,20.45,1.2,1,0.05
18387,20.1,0.35,1,0.05
18388,20.25,0.5000000000000001,1,0.05
18389,20.25,0.8000000000000002,1,0.05
18390,20.15,0.3,1,0.05
18391,20.2,0.45,1,0.05
18392,20.1,0.35,1,0.05
18393,20.15,0.3,1,0.05
18394,20.25,0.6000000000000001,1,0.05
18395,20.1,0.35,1,0.05
18396,21.15,3.2999999999999985,1,0.05
18397,20.15,0.4000000000000001,1,0.05
18398,20.7,2.0499999999999994,1,0.05
18399,20.15,0.2,1,0.05
18400,20.25,1.0000000000000002,1,0.05
18401,20.15,0.3,1,0.05
18402,20.1,0.25,1,0.05
18403,20.1,0.25,1,0.05
18404,20.2,0.35000000000000003,1,0.05
18405,20.15,0.3,1,0.05
18406,20.05,0.2,1,0.05
18407,19.8,-19.5,1,0.05
18408,20.1,0.25,1,0.05
18409,20.2,1.2500000000000002,1,0.05
18410,20.7,2.1499999999999995,1,0.05
18411,20.1,0.05,1,0.05
18412,20.3,0.8500000000000001,1,0.05
18413,20.4,1.25,1,0.05
18414,20.25,0.8000000000000002,1,0.05
18415,20.05,0.2,1,0.05
18416,20.1,0.45,1,0.05
18417,20.1,0.35,1,0.05
18418,20.15,0.3,1,0.05
18419,20.65,-18.25,1,0.05
18420,20.15,0.3,1,0.05
18421,20.1,0.7500000000000001,1,0.05
18422,19.95,0.3,1,0.05
18423,20.4,1.2500000000000002,1,0.05
18424,20.45,1.3,1,0.05
18425,20.15,0.2,1,0.05
18426,20.9,-17.5,1,0.05
18427,20.5,1.55,1,0.05
18428,20.2,0.45,1,0.05
18429,20.25,0.6000000000000001,1,0.05
18430,20.25,0.5000000000000001,1,0.05
18431,20.75,2.2999999999999994,1,0.05
18432,20.95,2.699999999999999,1,0.05
18433,20.1,0.35,1,0.05
18434,20.15,0.7000000000000001,1,0.05
18435,20.1,0.55,1,0.05
18436,20.1,0.35,1,0.05
18437,20.05,0.2,1,0.05
18438,20.05,0.3,1,0.05
18439,20.1,0.25,1,0.05
18440,20.0,0.25,1,0.05
18441,20.1,0.15000000000000002,1,0.05
18442,20.5,1.8499999999999999,1,0.05
18443,20.1,0.35,1,0.05
18444,20.3,0.7500000000000001,1,0.05
18445,20.3,0.7500000000000001,1,0.05
18446,20.0,0.35,1,0.05
18447,20.2,0.35000000000000003,1,0.05
18448,20.15,0.3,1,0.05
18449,20.2,0.45,1,0.05
18450,20.8,2.249999999999999,1,0.05
18451,20.15,0.3,1,0.05
18452,20.35,1.4999999999999998,1,0.05
18453,20.4,1.65,1,0.05
18454,20.1,0.25,1,0.05
18455,-8.95,13.25,0,0.05
18456,20.15,0.3,1,0.05
18457,20.55,1.4999999999999998,1,0.05
18458,-8.85,13.45,0,0.05
18459,20.25,0.6000000000000001,1,0.05
18460,20.15,0.3,1,0.05
18461,20.05,0.2,1,0.05
18462,20.5,1.7499999999999998,1,0.05
18463,20.2,0.55,1,0.05
18464,20.0,0.25,1,0.05
18465,20.05,0.2,1,0.05
18466,20.1,0.25,1,0.05
18467,20.05,0.10000000000000002,1,0.05
18468,20.1,0.35,1,0.05
18469,20.25,0.5000000000000001,1,0.05
18470,20.1,0.35,1,0.05
18471,20.1,0.35,1,0.05
18472,20.1,0.35,1,0.05
18473,20.7,2.949999999999999,1,0.05
18474,20.25,0.6000000000000001,1,0.05
18475,20.15,0.2,1,0.05
18476,20.3,0.7500000000000001,1,0.05
18477,20.1,0.15000000000000002,1,0.05
18478,20.2,0.45,1,0.05
18479,20.2,0.8500000000000001,1,0.05
18480,20.15,0.3,1,0.05
18481,20.1,0.25,1,0.05
18482,20.15,0.6000000000000001,1,0.05
18483,20.15,0.7000000000000001,1,0.05
18484,19.95,0.7000000000000001,1,0.05
18485,20.55,2.299999999999999,1,0.05
18486,20.1,0.35,1,0.05
18487,20.25,1.2000000000000002,1,0.05
18488,20.1,0.15000000000000002,1,0.05
18489,20.15,0.2,1,0.05
18490,20.2,0.45,1,0.05
18491,20.05,0.3,1,0.05
18492,20.1,0.25,1,0.05
18493,20.3,0.7500000000000001,1,0.05
18494,20.05,0.2,1,0.05
18495,20.25,0.6000000000000001,1,0.05
18496,-8.95,13.25,0,0.05
18497,20.15,0.6000000000000001,1,0.05
18498,20.1,0.35,1,0.05
18499,20.3,0.7500000000000001,1,0.05
18500,20.0,0.25,1,0.05
18501,20.2,0.6500000000000001,1,0.05
18502,20.5,1.55,1,0.05
18503,20.1,0.15000000000000002,1,0.05
18504,20.2,0.45,1,0.05
18505,20.2,0.35000000000000003,1,0.05
18506,20.3,0.9500000000000002,1,0.05
18507,20.05,0.10000000000000002,1,0.05
18508,20.15,0.3,1,0.05
18509,20.35,1.4000000000000006,1,0.05
18510,20.25,1.0000000000000002,1,0.05
18511,20.1,0.15000000000000002,1,0.05
18512,20.15,0.7000000000000001,1,0.05
18513,20.05,0.2,1,0.05
18514,20.05,0.3,1,0.05
18515,20.2,0.7500000000000002,1,0.05
18516,20.15,0.3,1,0.05
18517,-8.75,13.549999999999999,0,0.05
18518,20.4,1.45,1,0.05
18519,20.1,0.35,1,0.05
18520,-8.95,13.349999999999998,0,0.05
18521,20.15,0.2,1,0.05
18522,20.1,-19.9,1,0.05
18523,20.1,0.35,1,0.05
18524,20.25,0.6000000000000001,1,0.05
18525,19.8,0.8500000000000002,1,0.05
18526,20.1,0.35,1,0.05
18527,20.2,0.55,1,0.05
18528,19.95,0.49999999999999994,1,0.05
18529,20.15,0.3,1,0.05
18530,20.0,0.44999999999999996,1,0.05
18531,20.05,0.0,1,0.05
18532,20.65,-17.85,1,0.05
18533,20.1,0.25,1,0.05
18534,20.25,0.5000000000000001,1,0.05
18535,21.1,-16.700000000000003,1,0.05
18536,20.15,0.3,1,0.05
18537,20.1,0.25,1,0.05
18538,20.2,0.6500000000000001,1,0.05
18539,20.25,0.5000000000000001,1,0.05
18540,20.1,0.25,1,0.05
18541,20.15,0.5,1,0.05
18542,20.15,0.3,1,0.05
18543,-9.25,13.049999999999999,0,0.05
18544,-8.85,13.45,0,0.05
18545,20.2,0.45,1,0.05
18546,20.15,0.2,1,0.05
18547,20.15,0.3,1,0.05
18548,20.1,0.35,1,0.05
18549,20.25,0.5000000000000001,1,0.05
18550,20.15,0.2,1,0.05
18551,20.25,1.2000000000000002,1,0.05
18552,20.55,1.8999999999999997,1,0.05
18553,20.35,0.9000000000000001,1,0.05
18554,20.1,0.15000000000000002,1,0.05
18555,20.05,0.3,1,0.05
18556,20.15,0.3,1,0.05
18557,20.3,1.1500000000000004,1,0.05
18558,20.25,0.5000000000000001,1,0.05
18559,20.15,0.3,1,0.05
18560,20.15,0.5000000000000001,1,0.05
18561,20.25,0.5000000000000001,1,0.05
18562,20.2,0.6500000000000001,1,0.05
18563,20.0,0.25,1,0.05
18564,20.2,0.55,1,0.05
18565,20.15,0.2,1,0.05
18566,20.15,0.2,1,0.05
18567,20.1,0.25,1,0.05
18568,20.2,0.45,1,0.05
18569,20.1,0.25,1,0.05
18570,20.15,0.3,1,0.05
18571,20.1,0.15000000000000002,1,0.05
18572,20.25,0.5000000000000001,1,0.05
18573,20.1,0.05,1,0.05
18574,20.3,0.7500000000000001,1,0.05
18575,20.65,1.7999999999999996,1,0.05
18576,20.15,0.2,1,0.05
18577,20.25,0.5000000000000001,1,0.05
18578,20.05,0.2,1,0.05
18579,20.1,0.25,1,0.05
18580,20.2,0.6500000000000001,1,0.05
18581,20.55,-18.15,1,0.05
18582,20.1,0.55,1,0.05
18583,20.15,-19.75,1,0.05
18584,20.05,0.2,1,0.05
18585,20.25,0.6000000000000001,1,0.05
18586,20.1,0.35,1,0.05
18587,20.15,0.2,1,0.05
18588,20.2,1.2500000000000004,1,0.05
18589,-9.049999999999999,13.349999999999998,0,0.05
18590,20.1,0.25,1,0.05
18591,20.05,0.2,1,0.05
18592,-8.95,13.349999999999998,0,0.05
18593,20.95,2.9999999999999987,1,0.05
18594,20.1,0.35,1,0.05
18595,20.15,0.3,1,0.05
18596,20.2,0.6500000000000001,1,0.05
18597,20.25,0.5000000000000001,1,0.05
18598,20.1,0.5500000000000002,1,0.05
18599,20.15,0.2,1,0.05
18600,20.1,0.25,1,0.05
18601,20.15,0.2,1,0.05
18602,20.1,0.25,1,0.05
18603,20.15,0.3,1,0.05
18604,20.2,0.45,1,0.05
18605,20.6,1.7499999999999998,1,0.05
18606,20.45,1.4000000000000001,1,0.05
18607,20.1,0.45,1,0.05
18608,20.15,0.2,1,0.05
18609,20.1,0.25,1,0.05
18610,20.25,0.5000000000000001,1,0.05
18611,20.1,0.25,1,0.05
18612,20.2,0.55,1,0.05
18613,20.1,0.15000000000000002,1,0.05
18614,20.15,0.2,1,0.05
18615,20.05,0.6000000000000001,1,0.05
18616,20.15,0.7000000000000001,1,0.05
18617,21.1,3.2499999999999987,1,0.05
18618,20.3,0.7500000000000001,1,0.05
18619,19.85,0.49999999999999994,1,0.05
18620,20.2,0.6500000000000001,1,0.05
18621,20.1,0.35,1,0.05
18622,20.15,0.3,1,0.05
18623,20.9,-17.3,1,0.05
18624,20.1,0.6500000000000001,1,0.05
18625,20.2,0.35000000000000003,1,0.05
18626,20.1,0.25,1,0.05
18627,20.35,1.2000000000000002,1,0.05
18628,20.15,0.3,1,0.05
18629,20.1,0.25,1,0.05
18630,20.25,0.5000000000000001,1,0.05
18631,20.25,0.6000000000000001,1,0.05
18632,20.1,0.25,1,0.05
18633,20.2,0.6500000000000001,1,0.05
18634,20.3,0.7500000000000001,1,0.05
18635,20.0,0.25,1,0.05
18636,20.35,1.3,1,0.05
18637,20.05,0.2,1,0.05
18638,20.25,0.6000000000000001,1,0.05
18639,20.05,0.3,1,0.05
18640,20.2,-19.7,1,0.05
18641,20.15,0.2,1,0.05
18642,20.2,0.45,1,0.05
18643,20.2,0.45,1,0.05
18644,20.2,0.45,1,0.05
18645,20.1,0.35,1,0.05
18646,20.2,0.45,1,0.05
18647,20.1,0.25,1,0.05
18648,20.3,0.8500000000000001,1,0.05
18649,20.15,0.3,1,0.05
18650,19.95,0.49999999999999994,1,0.05
18651,20.15,0.3,1,0.05
18652,-8.75,13.549999999999999,0,0.05
18653,20.05,0.5000000000000001,1,0.05
18654,20.2,1.25,1,0.05
18655,20.1,0.15000000000000002,1,0.05
18656,20.15,0.3,1,0.05
18657,20.1,0.35,1,0.05
18658,20.2,0.6500000000000001,1,0.05
18659,19.95,0.3,1,0.05
18660,20.4,-18.9,1,0.05
18661,20.1,0.25,1,0.05
18662,20.2,0.55,1,0.05
18663,20.35,1.3,1,0.05
18664,20.05,0.3,1,0.05
18665,20.15,0.3,1,0.05
18666,20.25,1.0,1,0.05
18667,20.2,0.55,1,0.05
18668,20.95,2.899999999999999,1,0.05
18669,20.2,0.55,1,0.05
18670,20.75,2.2999999999999994,1,0.05
18671,-8.95,13.249999999999998,0,0.05
18672,20.1,0.35,1,0.05
18673,20.25,0.5000000000000001,1,0.05
18674,20.2,0.35000000000000003,1,0.05
18675,20.2,0.35000000000000003,1,0.05
18676,20.2,0.6500000000000001,1,0.05
18677,20.15,0.4,1,0.05
18678,-9.049999999999999,13.249999999999998,0,0.05
18679,20.05,0.39999999999999997,1,0.05
18680,20.0,0.25,1,0.05
18681,20.1,0.15000000000000002,1,0.05
18682,20.2,0.45,1,0.05
18683,20.1,0.55,1,0.05
18684,20.25,1.2000000000000004,1,0.05
18685,20.15,0.2,1,0.05
18686,20.2,0.5500000000000002,1,0.05
18687,20.25,0.6000000000000001,1,0.05
18688,20.25,0.6000000000000001,1,0.05
18689,20.15,0.3,1,0.05
18690,20.15,0.2,1,0.05
18691,20.15,0.3,1,0.05
18692,20.05,0.3,1,0.05
18693,20.15,0.5,1,0.05
18694,19.95,0.3,1,0.05
18695,20.25,1.1000000000000003,1,0.05
18696,20.15,0.8000000000000002,1,0.05
18697,20.15,0.2,1,0.05
18698,20.2,0.55,1,0.05
18699,20.25,0.8000000000000002,1,0.05
18700,20.05,0.3,1,0.05
18701,20.1,0.25,1,0.05
18702,20.1,0.15000000000000002,1,0.05
18703,20.45,-18.75,1,0.05
18704,20.05,0.39999999999999997,1,0.05
18705,20.1,0.35,1,0.05
18706,20.2,0.6500000000000001,1,0.05
18707,20.05,0.3,1,0.05
18708,-8.95,13.249999999999998,0,0.05
18709,20.0,0.25,1,0.05
18710,20.15,0.3,1,0.05
18711,20.15,0.2,1,0.05
18712,20.05,0.2,1,0.05
18713,20.25,0.8000000000000002,1,0.05
18714,20.6,-18.2,1,0.05
18715,20.1,0.25,1,0.05
18716,20.3,1.0500000000000003,1,0.05
18717,20.15,0.2,1,0.05
18718,20.1,0.35,1,0.05
18719,20.1,0.15000000000000002,1,0.05
18720,20.05,0.2,1,0.05
18721,20.7,1.8499999999999999,1,0.05
18722,20.1,0.15000000000000002,1,0.05
18723,20.15,0.3,1,0.05
18724,20.0,0.35,1,0.05
18725,20.15,0.3,1,0.05
18726,-9.15,13.149999999999999,0,0.05
18727,20.15,0.2,1,0.05
18728,20.15,0.2,1,0.05
18729,20.05,0.3,1,0.05
18730,20.85,2.5999999999999988,1,0.05
18731,20.05,0.0,1,0.05
18732,20.1,0.55,1,0.05
18733,20.25,0.5000000000000001,1,0.05
18734,20.6,2.0499999999999994,1,0.05
18735,20.15,0.2,1,0.05
18736,19.95,0.49999999999999994,1,0.05
18737,20.05,0.39999999999999997,1,0.05
18738,20.0,-19.7,1,0.05
18739,20.2,0.55,1,0.05
18740,20.65,1.7999999999999996,1,0.05
18741,20.1,1.0500000000000003,1,0.05
18742,20.15,0.3,1,0.05
18743,20.1,0.25,1,0.05
18744,20.1,0.55,1,0.05
18745,20.15,0.6000000000000001,1,0.05
18746,20.3,0.7500000000000001,1,0.05
18747,20.2,0.8500000000000001,1,0.05
18748,20.45,1.3000000000000005,1,0.05
18749,-8.85,13.45,0,0.05
18750,20.1,0.6500000000000001,1,0.05
18751,20.05,0.8000000000000002,1,0.05
18752,20.0,0.25,1,0.05
18753,20.3,0.7500000000000001,1,0.05
18754,20.3,1.1500000000000001,1,0.05
18755,20.1,0.25,1,0.05
18756,20.1,0.15000000000000002,1,0.05
18757,20.2,0.6500000000000001,1,0.05
18758,20.1,-19.8,1,0.05
18759,20.1,0.35,1,0.05
18760,20.3,0.7500000000000001,1,0.05
18761,20.05,0.6000000000000001,1,0.05
18762,20.2,0.45,1,0.05
18763,20.1,0.35,1,0.05
18764,-8.85,13.45,0,0.05
18765,20.0,0.15000000000000002,1,0.05
18766,20.15,0.3,1,0.05
18767,20.6,1.7499999999999998,1,0.05
18768,20.2,0.6500000000000001,1,0.05
18769,20.35,1.0,1,0.05
18770,20.25,0.6000000000000001,1,0.05
18771,20.25,0.6000000000000001,1,0.05
18772,20.05,0.3,1,0.05
18773,20.65,1.7999999999999996,1,0.05
18774,20.1,0.45,1,0.05
18775,20.2,0.6500000000000001,1,0.05
18776,20.2,0.6500000000000001,1,0.05
18777,20.1,0.35000000000000003,1,0.05
18778,20.2,0.55,1,0.05
18779,20.25,0.5000000000000001,1,0.05
18780,20.1,0.25,1,0.05
18781,20.1,0.15000000000000002,1,0.05
18782,20.15,0.2,1,0.05
18783,20.15,0.3,1,0.05
18784,20.2,0.6500000000000001,1,0.05
18785,20.15,0.3,1,0.05
18786,20.1,0.45,1,0.05
18787,20.1,0.35000000000000003,1,0.05
18788,-9.25,12.95,0,0.05
18789,20.2,0.45,1,0.05
18790,20.0,0.25,1,0.05
18791,20.1,0.35,1,0.05
18792,20.65,1.7,1,0.05
18793,20.15,0.3,1,0.05
18794,20.15,0.5,1,0.05
18795,20.3,0.7500000000000001,1,0.05
18796,20.05,0.39999999999999997,1,0.05
18797,20.15,0.3,1,0.05
18798,20.1,0.35,1,0.05
18799,20.3,0.7500000000000001,1,0.05
18800,-8.75,13.45,0,0.05
18801,20.1,0.25,1,0.05
18802,20.1,0.5500000000000002,1,0.05
18803,20.1,0.35000000000000003,1,0.05
18804,20.15,0.3,1,0.05
18805,20.1,0.35,1,0.05
18806,20.2,0.6500000000000001,1,0.05
18807,20.1,0.5500000000000002,1,0.05
18808,20.2,0.45000000000000007,1,0.05
18809,20.25,0.5000000000000001,1,0.05
18810,-8.85,13.45,0,0.05
18811,20.2,0.55,1,0.05
18812,20.25,0.5000000000000001,1,0.05
18813,20.0,0.25,1,0.05
18814,20.9,2.549999999999999,1,0.05
18815,20.1,0.25,1,0.05
18816,19.95,0.49999999999999994,1,0.05
18817,20.05,0.2,1,0.05
18818,20.15,0.2,1,0.05
18819,20.05,0.2,1,0.05
18820,20.2,0.35000000000000003,1,0.05
18821,20.15,0.2,1,0.05
18822,20.1,0.15000000000000002,1,0.05
18823,20.2,0.6500000000000001,1,0.05
18824,20.25,0.9000000000000001,1,0.05
18825,20.15,0.8000000000000002,1,0.05
18826,20.15,0.3,1,0.05
18827,20.25,1.0000000000000002,1,0.05
18828,20.0,0.15000000000000002,1,0.05
18829,20.8,2.8499999999999988,1,0.05
18830,20.2,0.45,1,0.05
18831,20.2,0.45,1,0.05
18832,20.1,0.6500000000000001,1,0.05
18833,20.1,0.55,1,0.05
18834,20.2,0.55,1,0.05
18835,20.2,0.55,1,0.05
18836,20.6,2.4499999999999993,1,0.05
18837,20.05,0.39999999999999997,1,0.05
18838,20.35,1.0,1,0.05
18839,20.5,2.1499999999999995,1,0.05
18840,20.2,0.6500000000000001,1,0.05
18841,20.1,0.35,1,0.05
18842,20.0,0.35,1,0.05
18843,20.1,0.35,1,0.05
18844,20.2,0.55,1,0.05
18845,20.1,0.15000000000000002,1,0.05
18846,20.6,2.2499999999999996,1,0.05
18847,20.05,0.2,1,0.05
18848,20.0,0.35,1,0.05
18849,20.15,0.3,1,0.05
18850,20.2,1.6500000000000001,1,0.05
18851,20.1,0.35,1,0.05
18852,20.4,1.05,1,0.05
18853,20.15,0.7000000000000002,1,0.05
18854,21.0,3.049999999999999,1,0.05
18855,20.1,0.15000000000000002,1,0.05
18856,20.05,0.39999999999999997,1,0.05
18857,20.2,0.35000000000000003,1,0.05
18858,20.45,1.7999999999999998,1,0.05
18859,20.05,0.3,1,0.05
18860,-8.75,13.45,0,0.05
18861,20.15,0.4,1,0.05
18862,20.9,2.549999999999999,1,0.05
18863,20.1,0.15000000000000002,1,0.05
18864,20.15,0.2,1,0.05
18865,20.15,0.3,1,0.05
18866,19.9,0.75,1,0.05
18867,20.0,0.55,1,0.05
18868,20.5,-18.6,1,0.05
18869,20.15,0.3,1,0.05
18870,20.15,0.3,1,0.05
18871,20.0,0.44999999999999996,1,0.05
18872,-8.95,13.35,0,0.05
18873,20.2,0.45,1,0.05
18874,20.15,0.7000000000000002,1,0.05
18875,20.15,0.3,1,0.05
18876,20.5,1.4500000000000004,1,0.05
18877,20.3,0.9500000000000002,1,0.05
18878,20.05,0.2,1,0.05
18879,20.15,0.2,1,0.05
18880,20.1,0.35,1,0.05
18881,20.1,0.35,1,0.05
18882,20.1,0.35,1,0.05
18883,20.3,0.7500000000000001,1,0.05
18884,20.15,0.3,1,0.05
18885,20.1,0.15000000000000002,1,0.05
18886,20.1,0.25,1,0.05
18887,20.2,0.35000000000000003,1,0.05
18888,20.4,1.1500000000000001,1,0.05
18889,20.0,0.45,1,0.05
18890,20.15,0.5,1,0.05
18891,20.7,2.349999999999999,1,0.05
18892,20.15,0.6000000000000001,1,0.05
18893,20.8,2.449999999999999,1,0.05
18894,20.1,0.25,1,0.05
18895,19.9,0.35,1,0.05
18896,20.05,0.3,1,0.05
18897,20.0,0.25,1,0.05
18898,20.15,0.2,1,0.05
18899,20.45,-18.75,1,0.05
18900,20.05,0.39999999999999997,1,0.05
18901,20.15,0.2,1,0.05
18902,20.35,0.9000000000000001,1,0.05
18903,20.8,-17.7,1,0.05
18904,20.05,0.4,1,0.05
18905,20.2,0.55,1,0.05
18906,-8.95,13.249999999999998,0,0.05
18907,20.1,0.5500000000000002,1,0.05
18908,20.05,0.8000000000000002,1,0.05
18909,20.0,0.25,1,0.05
18910,20.05,0.39999999999999997,1,0.05
18911,20.15,0.3,1,0.05
18912,19.95,0.3,1,0.05
18913,20.1,0.35,1,0.05
18914,20.15,0.3,1,0.05
18915,20.15,-19.85,1,0.05
18916,20.15,0.2,1,0.05
18917,20.2,0.6500000000000001,1,0.05
18918,20.35,1.0,1,0.05
18919,20.1,0.35,1,0.05
18920,20.15,0.2,1,0.05
18921,21.05,3.0999999999999988,1,0.05
18922,20.15,0.6000000000000001,1,0.05
18923,20.2,0.45,1,0.05
18924,-8.95,13.249999999999998,0,0.05
18925,20.2,0.6500000000000001,1,0.05
18926,20.2,0.45,1,0.05
18927,19.95,0.3,1,0.05
18928,20.15,0.3,1,0.05
18929,20.15,0.2,1,0.05
18930,-9.049999999999999,13.249999999999998,0,0.05
18931,20.15,0.6000000000000001,1,0.05
18932,20.1,0.15000000000000002,1,0.05
18933,20.0,0.25,1,0.05
18934,20.05,0.3,1,0.05
18935,20.1,0.25,1,0.05
18936,20.05,-19.65,1,0.05
18937,20.1,0.15000000000000002,1,0.05
18938,20.1,0.35,1,0.05
18939,20.1,0.25,1,0.05
18940,20.15,-19.75,1,0.05
18941,20.0,-19.8,1,0.05
18942,20.15,0.3,1,0.05
18943,20.1,0.35,1,0.05
18944,20.75,-17.45,1,0.05
18945,20.1,0.25,1,0.05
18946,20.2,0.45,1,0.05
18947,20.15,0.7000000000000002,1,0.05
18948,20.1,0.15000000000000002,1,0.05
18949,20.15,-19.45,1,0.05
18950,20.6,-18.2,1,0.05
18951,20.25,0.6000000000000001,1,0.05
18952,20.1,0.45,1,0.05
18953,20.05,0.2,1,0.05
18954,20.1,0.25,1,0.05
18955,20.05,0.3,1,0.05
18956,-8.85,13.349999999999998,0,0.05
18957,20.55,1.4000000000000001,1,0.05
18958,20.1,0.25,1,0.05
18959,20.15,0.2,1,0.05
18960,20.3,0.8500000000000001,1,0.05
18961,20.15,0.3,1,0.05
18962,20.25,0.6000000000000001,1,0.05
18963,20.1,0.7500000000000002,1,0.05
18964,20.25,0.5000000000000001,1,0.05
18965,20.2,0.6500000000000001,1,0.05
18966,20.0,1.35,1,0.05
18967,20.05,0.3,1,0.05
18968,20.1,0.25,1,0.05
18969,20.4,1.55,1,0.05
18970,20.05,0.2,1,0.05
18971,20.8,2.349999999999999,1,0.05
18972,20.05,0.2,1,0.05
18973,20.15,0.3,1,0.05
18974,20.6,1.7499999999999998,1,0.05
18975,20.1,0.7500000000000001,1,0.05
18976,20.55,1.4999999999999998,1,0.05
18977,20.25,0.6000000000000001,1,0.05
18978,20.25,0.5000000000000001,1,0.05
18979,20.75,1.9999999999999998,1,0.05
18980,20.05,0.3,1,0.05
18981,20.05,0.39999999999999997,1,0.05
18982,20.2,0.45,1,0.05
18983,20.1,0.25,1,0.05
18984,20.15,0.2,1,0.05
18985,20.2,0.35000000000000003,1,0.05
18986,20.65,2.399999999999999,1,0.05
18987,20.15,0.6000000000000001,1,0.05
18988,20.25,0.6000000000000001,1,0.05
18989,19.9,0.7500000000000001,1,0.05
18990,-8.85,13.45,0,0.05
18991,20.1,0.15000000000000002,1,0.05
18992,20.15,0.3,1,0.05
18993,20.15,0.3,1,0.05
18994,20.0,0.45000000000000007,1,0.05
18995,20.15,0.30000000000000004,1,0.05
18996,20.05,0.6000000000000001,1,0.05
18997,20.1,0.35,1,0.05
18998,20.15,0.2,1,0.05
18999,20.15,0.4,1,0.05
19000,20.1,0.35,1,0.05
19001,20.2,0.45,1,0.05
19002,20.25,0.7000000000000001,1,0.05
19003,20.3,0.9500000000000002,1,0.05
19004,20.25,0.6000000000000001,1,0.05
19005,20.05,0.10000000000000002,1,0.05
19006,20.35,1.1000000000000003,1,0.05
19007,20.6,1.7499999999999998,1,0.05
19008,20.05,0.9000000000000001,1,0.05
19009,20.65,2.1999999999999993,1,0.05
19010,20.0,0.25,1,0.05
19011,20.35,1.1000000000000003,1,0.05
19012,20.05,0.2,1,0.05
19013,20.15,0.3,1,0.05
19014,20.7,2.3499999999999988,1,0.05
19015,20.1,0.35,1,0.05
19016,21.0,3.2499999999999982,1,0.05
19017,20.15,0.30000000000000004,1,0.05
19018,20.2,0.35000000000000003,1,0.05
19019,20.1,0.15000000000000002,1,0.05
19020,20.3,1.65,1,0.05
19021,20.1,0.35,1,0.05
19022,20.15,-19.75,1,0.05
19023,20.15,0.2,1,0.05
19024,20.15,0.6000000000000001,1,0.05
19025,20.2,0.35000000000000003,1,0.05
19026,20.0,0.25,1,0.05
19027,20.05,0.6000000000000001,1,0.05
19028,20.2,0.8500000000000001,1,0.05
19029,20.0,2.2499999999999996,1,0.05
19030,20.25,1.0000000000000002,1,0.05
19031,20.35,-18.35,1,0.05
19032,20.2,0.45,1,0.05
19033,20.05,0.6000000000000001,1,0.05
19034,20.05,0.2,1,0.05
19035,-8.85,13.349999999999998,0,0.05
19036,20.8,2.649999999999999,1,0.05
19037,20.0,0.35,1,0.05
19038,20.6,2.149999999999999,1,0.05
19039,20.15,0.3,1,0.05
19040,20.15,0.2,1,0.05
19041,20.8,2.349999999999999,1,0.05
19042,20.2,-19.1,1,0.05
19043,20.15,0.5,1,0.05
19044,20.3,0.7500000000000001,1,0.05
19045,20.1,0.25,1,0.05
19046,20.2,0.45,1,0.05
19047,20.35,1.1,1,0.05
19048,20.15,0.6000000000000001,1,0.05
19049,-8.75,13.549999999999999,0,0.05
19050,20.2,0.6500000000000001,1,0.05
19051,20.25,0.5000000000000001,1,0.05
19052,20.25,0.5000000000000001,1,0.05
19053,20.1,0.35,1,0.05
19054,20.25,1.0000000000000002,1,0.05
19055,20.2,0.6500000000000001,1,0.05
19056,20.1,0.35,1,0.05
19057,20.15,0.4,1,0.05
19058,20.85,2.499999999999999,1,0.05
19059,20.0,0.25,1,0.05
19060,20.3,0.7500000000000001,1,0.05
19061,20.1,0.25,1,0.05
19062,20.1,0.15000000000000002,1,0.05
19063,20.05,0.2,1,0.05
19064,20.15,0.3,1,0.05
19065,20.1,0.25,1,0.05
19066,20.1,0.35,1,0.05
19067,20.1,0.35,1,0.05
19068,20.35,0.9000000000000001,1,0.05
19069,20.1,0.05,1,0.05
19070,-9.15,13.149999999999999,0,0.05
19071,20.15,0.3,1,0.05
19072,20.15,0.2,1,0.05
19073,20.1,0.25,1,0.05
19074,20.35,0.8000000000000002,1,0.05
19075,20.05,0.3,1,0.05
19076,20.35,1.1,1,0.05
19077,19.9,0.5499999999999999,1,0.05
19078,20.25,0.6000000000000001,1,0.05
19079,20.25,0.5000000000000001,1,0.05
19080,20.2,1.05,1,0.05
19081,20.35,-19.05,1,0.05
19082,20.2,0.45,1,0.05
19083,20.75,2.699999999999999,1,0.05
19084,20.1,0.35,1,0.05
19085,19.9,0.15000000000000002,1,0.05
19086,20.15,0.3,1,0.05
19087,20.15,0.3,1,0.05
19088,20.95,2.8999999999999986,1,0.05
19089,20.1,0.55,1,0.05
19090,20.25,0.5000000000000001,1,0.05
19091,-9.15,13.149999999999999,0,0.05
19092,20.05,0.0,1,0.05
19093,20.15,1.3000000000000005,1,0.05
19094,20.15,0.7000000000000001,1,0.05
19095,20.05,0.3,1,0.05
19096,-8.95,13.349999999999998,0,0.05
19097,20.1,0.25,1,0.05
19098,20.15,0.2,1,0.05
19099,20.25,0.8000000000000002,1,0.05
19100,20.15,-19.75,1,0.05
19101,20.05,0.3,1,0.05
19102,20.0,0.25,1,0.05
19103,19.95,0.10000000000000002,1,0.05
19104,20.1,0.35,1,0.05
19105,20.15,0.3,1,0.05
19106,20.1,1.1500000000000001,1,0.05
19107,20.1,0.25,1,0.05
19108,20.2,0.6500000000000001,1,0.05
19109,20.1,0.35000000000000003,1,0.05
19110,20.2,1.0500000000000003,1,0.05
19111,-9.15,13.249999999999998,0,0.05
19112,20.15,0.3,1,0.05
19113,20.9,2.749999999999999,1,0.05
19114,20.15,0.2,1,0.05
19115,20.05,0.2,1,0.05
19116,20.1,0.25,1,0.05
19117,20.15,0.3,1,0.05
19118,20.15,0.2,1,0.05
19119,20.1,0.35,1,0.05
19120,21.0,3.049999999999999,1,0.05
19121,-8.85,13.349999999999998,0,0.05
19122,20.15,0.3,1,0.05
19123,20.05,0.3,1,0.05
19124,20.2,0.35000000000000003,1,0.05
19125,20.05,1.1000000000000003,1,0.05
19126,20.2,0.6500000000000001,1,0.05
19127,19.8,0.5499999999999999,1,0.05
19128,20.2,0.35000000000000003,1,0.05
19129,20.15,1.0000000000000002,1,0.05
19130,-9.35,12.849999999999998,0,0.05
19131,20.15,0.30000000000000004,1,0.05
19132,20.2,0.6500000000000001,1,0.05
19133,-8.95,13.349999999999998,0,0.05
19134,20.2,1.25,1,0.05
19135,20.5,2.549999999999999,1,0.05
19136,20.2,0.6500000000000001,1,0.05
19137,-8.85,13.45,0,0.05
19138,20.3,1.2500000000000002,1,0.05
19139,20.1,0.15000000000000002,1,0.05
19140,20.2,0.35000000000000003,1,0.05
19141,20.45,1.2,1,0.05
19142,19.95,0.9000000000000004,1,0.05
19143,20.2,0.45,1,0.05
19144,20.1,0.35,1,0.05
19145,-8.85,13.349999999999998,0,0.05
19146,20.0,0.25,1,0.05
19147,20.15,0.9000000000000001,1,0.05
19148,20.1,0.25,1,0.05
19149,20.15,0.3,1,0.05
19150,20.15,0.5000000000000001,1,0.05
19151,20.4,1.05,1,0.05
19152,20.15,0.3,1,0.05
19153,20.15,0.3,1,0.05
19154,20.2,0.45,1,0.05
19155,20.2,0.35000000000000003,1,0.05
19156,20.05,1.0000000000000002,1,0.05
19157,20.05,0.2,1,0.05
19158,-9.15,13.149999999999999,0,0.05
19159,20.25,0.8000000000000002,1,0.05
19160,20.1,0.35000000000000003,1,0.05
19161,21.05,2.9999999999999987,1,0.05
19162,20.0,0.45,1,0.05
19163,20.1,0.25,1,0.05
19164,20.15,0.2,1,0.05
19165,20.3,1.1500000000000004,1,0.05
19166,-8.75,13.549999999999999,0,0.05
19167,20.05,0.2,1,0.05
19168,20.3,0.7500000000000001,1,0.05
19169,20.05,0.2,1,0.05
19170,20.15,0.2,1,0.05
19171,19.95,0.39999999999999997,1,0.05
19172,20.15,0.2,1,0.05
19173,20.6,2.649999999999999,1,0.05
19174,20.45,1.7999999999999996,1,0.05
19175,20.25,0.5000000000000001,1,0.05
19176,21.15,3.199999999999999,1,0.05
19177,20.2,-19.6,1,0.05
19178,-8.85,13.45,0,0.05
19179,20.6,1.8499999999999999,1,0.05
19180,20.15,0.9000000000000002,1,0.05
19181,20.1,0.35,1,0.05
19182,20.15,0.3,1,0.05
19183,20.2,0.55,1,0.05
19184,20.15,0.2,1,0.05
19185,20.0,0.25,1,0.05
19186,20.15,0.3,1,0.05
19187,20.05,0.2,1,0.05
19188,20.0,0.25,1,0.05
19189,20.05,0.39999999999999997,1,0.05
19190,20.15,0.7000000000000001,1,0.05
19191,20.15,0.6000000000000001,1,0.05
19192,20.15,0.7000000000000002,1,0.05
19193,20.15,0.3,1,0.05
19194,20.1,0.25,1,0.05
19195,20.05,0.2,1,0.05
19196,20.15,0.2,1,0.05
19197,20.65,1.9999999999999998,1,0.05
19198,20.1,0.15000000000000002,1,0.05
19199,20.2,0.45,1,0.05
19200,20.1,0.35,1,0.05
19201,-8.75,13.45,0,0.05
19202,-8.95,13.25,0,0.05
19203,-8.75,13.45,0,0.05
19204,20.15,0.2,1,0.05
19205,20.1,0.15000000000000002,1,0.05
19206,20.1,-19.9,1,0.05
19207,20.15,0.3,1,0.05
19208,20.2,0.45,1,0.05
19209,20.1,0.25,1,0.05
19210,20.15,0.2,1,0.05
19211,20.0,0.25,1,0.05
19212,20.15,0.3,1,0.05
19213,19.95,0.3,1,0.05
19214,21.0,3.2499999999999987,1,0.05
19215,20.05,0.2,1,0.05
19216,20.7,2.549999999999999,1,0.05
19217,20.1,0.25,1,0.05
19218,20.15,0.2,1,0.05
19219,20.2,0.45,1,0.05
19220,20.15,0.3,1,0.05
19221,20.15,0.3,1,0.05
19222,20.4,1.1500000000000001,1,0.05
19223,20.0,0.25,1,0.05
19224,20.1,0.05,1,0.05
19225,19.95,0.3,1,0.05
19226,20.8,2.1499999999999995,1,0.05
19227,20.1,0.15000000000000002,1,0.05
19228,20.25,0.8000000000000002,1,0.05
19229,20.1,0.25,1,0.05
19230,20.15,0.5,1,0.05
19231,-9.35,12.85,0,0.05
19232,-8.75,13.45,0,0.05
19233,20.0,0.6500000000000001,1,0.05
19234,20.15,-19.65,1,0.05
19235,20.25,0.7000000000000001,1,0.05
19236,-8.85,13.349999999999998,0,0.05
19237,20.15,0.5000000000000001,1,0.05
19238,20.15,-19.65,1,0.05
19239,20.1,0.35,1,0.05
19240,20.25,0.5000000000000001,1,0.05
19241,20.15,0.7000000000000001,1,0.05
19242,20.15,0.2,1,0.05
19243,20.0,0.35000000000000003,1,0.05
19244,20.15,0.2,1,0.05
19245,20.15,0.3,1,0.05
19246,20.2,0.55,1,0.05
19247,20.1,0.25,1,0.05
19248,20.7,2.7499999999999987,1,0.05
19249,20.1,0.35,1,0.05
19250,-8.85,13.45,0,0.05
19251,20.1,0.25,1,0.05
19252,20.6,2.149999999999999,1,0.05
19253,20.15,0.3,1,0.05
19254,20.1,0.55,1,0.05
19255,20.3,1.25,1,0.05
19256,20.05,0.2,1,0.05
19257,20.2,-19.5,1,0.05
19258,20.15,0.3,1,0.05
19259,20.15,-19.75,1,0.05
19260,20.2,0.45,1,0.05
19261,-9.25,13.049999999999999,0,0.05
19262,20.1,0.25,1,0.05
19263,20.15,0.6000000000000001,1,0.05
19264,20.1,0.35,1,0.05
19265,20.2,0.7500000000000001,1,0.05
19266,20.15,0.3,1,0.05
19267,20.25,0.5000000000000001,1,0.05
19268,20.55,2.699999999999999,1,0.05
19269,19.95,0.3,1,0.05
19270,-8.95,13.249999999999998,0,0.05
19271,20.1,0.25,1,0.05
19272,20.1,0.25,1,0.05
19273,20.25,0.9000000000000001,1,0.05
19274,20.15,0.6000000000000001,1,0.05
19275,20.25,0.5000000000000001,1,0.05
19276,20.25,0.5000000000000001,1,0.05
19277,20.1,0.35,1,0.05
19278,20.25,0.7000000000000001,1,0.05
19279,20.25,0.5000000000000001,1,0.05
19280,20.1,0.25,1,0.05
19281,20.3,0.7500000000000001,1,0.05
19282,20.15,0.2,1,0.05
19283,20.35,-18.95,1,0.05
19284,20.35,0.8000000000000002,1,0.05
19285,20.1,0.55,1,0.05
19286,20.05,0.6000000000000001,1,0.05
19287,20.2,0.6500000000000001,1,0.05
19288,20.15,0.5000000000000001,1,0.05
19289,20.2,0.45,1,0.05
19290,20.0,0.25,1,0.05
19291,20.15,0.3,1,0.05
19292,20.15,0.3,1,0.05
19293,20.1,0.35,1,0.05
19294,20.2,1.2500000000000002,1,0.05
19295,20.1,0.05,1,0.05
19296,20.1,1.1500000000000001,1,0.05
19297,19.9,0.44999999999999996,1,0.05
19298,20.15,0.3,1,0.05
19299,-9.15,13.149999999999999,0,0.05
19300,20.1,0.35,1,0.05
19301,20.15,0.3,1,0.05
19302,20.7,1.8499999999999999,1,0.05
19303,20.25,1.2000000000000004,1,0.05
19304,20.1,0.25,1,0.05
19305,20.1,0.25,1,0.05
19306,-9.049999999999999,13.149999999999999,0,0.05
19307,20.05,0.39999999999999997,1,0.05
19308,20.1,0.25,1,0.05
19309,-9.049999999999999,13.25,0,0.05
19310,20.1,0.35,1,0.05
19311,20.1,0.15000000000000002,1,0.05
19312,20.05,0.39999999999999997,1,0.05
19313,20.15,0.3,1,0.05
19314,20.15,0.2,1,0.05
19315,-8.85,13.45,0,0.05
19316,20.15,0.2,1,0.05
19317,20.1,0.25,1,0.05
19318,20.4,1.05,1,0.05
19319,20.1,0.35,1,0.05
19320,20.2,0.55,1,0.05
19321,20.25,0.5000000000000001,1,0.05
19322,20.05,0.39999999999999997,1,0.05
19323,20.15,1.0,1,0.05
19324,20.35,1.3,1,0.05
19325,20.2,0.45,1,0.05
19326,20.8,2.549999999999999,1,0.05
19327,20.2,1.2500000000000002,1,0.05
19328,20.2,0.45,1,0.05
19329,20.0,0.35000000000000003,1,0.05
19330,20.45,1.4000000000000001,1,0.05
19331,20.2,0.55,1,0.05
19332,20.25,0.6000000000000001,1,0.05
19333,20.2,0.45,1,0.05
19334,20.1,-19.8,1,0.05
19335,20.5,1.6500000000000001,1,0.05
19336,20.2,0.45,1,0.05
19337,20.1,0.35,1,0.05
19338,20.05,-19.55,1,0.05
19339,20.15,0.3,1,0.05
19340,20.1,0.6500000000000001,1,0.05
19341,20.15,0.2,1,0.05
19342,20.2,0.35,1,0.05
19343,20.05,0.39999999999999997,1,0.05
19344,20.1,0.15000000000000002,1,0.05
19345,20.75,2.1999999999999997,1,0.05
19346,20.1,0.25,1,0.05
19347,-8.75,13.549999999999999,0,0.05
19348,20.25,0.8000000000000002,1,0.05
19349,20.15,0.3,1,0.05
19350,20.75,2.399999999999999,1,0.05
19351,20.1,0.15000000000000002,1,0.05
19352,20.5,1.55,1,0.05
19353,20.05,0.2,1,0.05
19354,20.05,0.2,1,0.05
19355,20.25,0.5000000000000001,1,0.05
19356,20.2,0.35000000000000003,1,0.05
19357,-9.049999999999999,13.249999999999998,0,0.05
19358,20.1,0.15000000000000002,1,0.05
19359,20.1,0.25,1,0.05
19360,20.2,0.6500000000000001,1,0.05
19361,20.2,0.45,1,0.05
19362,19.95,0.3,1,0.05
19363,20.2,-19.5,1,0.05
19364,20.9,3.1499999999999986,1,0.05
19365,20.15,0.30000000000000004,1,0.05
19366,20.2,0.45,1,0.05
19367,20.05,1.0000000000000002,1,0.05
19368,20.05,0.3,1,0.05
19369,20.1,0.35000000000000003,1,0.05
19370,20.2,1.2499999999999998,1,0.05
19371,20.05,0.2,1,0.05
19372,20.1,0.25,1,0.05
19373,19.75,0.9000000000000002,1,0.05
19374,20.15,0.3,1,0.05
19375,20.1,0.15000000000000002,1,0.05
19376,20.25,0.5000000000000001,1,0.05
19377,20.1,0.35,1,0.05
19378,20.3,0.8500000000000001,1,0.05
19379,-9.049999999999999,13.249999999999998,0,0.05
19380,20.15,0.3,1,0.05
19381,20.15,0.5000000000000001,1,0.05
19382,20.15,0.2,1,0.05
19383,20.25,0.6000000000000001,1,0.05
19384,20.45,1.1000000000000003,1,0.05
19385,20.35,1.2000000000000002,1,0.05
19386,20.05,0.6000000000000001,1,0.05
19387,20.1,0.15000000000000002,1,0.05
19388,20.2,0.8500000000000002,1,0.05
19389,20.05,0.0,1,0.05
19390,20.15,0.3,1,0.05
19391,20.2,0.55,1,0.05
19392,20.05,0.10000000000000002,1,0.05
19393,20.5,-18.6,1,0.05
19394,20.15,0.4,1,0.05
19395,20.2,0.35000000000000003,1,0.05
19396,20.1,0.15000000000000002,1,0.05
19397,20.05,0.5,1,0.05
19398,20.05,0.2,1,0.05
19399,20.2,0.55,1,0.05
19400,20.1,0.55,1,0.05
19401,20.25,0.5000000000000001,1,0.05
19402,20.15,0.2,1,0.05
19403,20.2,0.45,1,0.05
19404,20.2,1.05,1,0.05
19405,20.15,0.6000000000000001,1,0.05
19406,20.05,0.39999999999999997,1,0.05
19407,20.1,0.35,1,0.05
19408,20.15,0.2,1,0.05
19409,20.4,1.35,1,0.05
19410,20.1,0.25,1,0.05
19411,20.2,0.6500000000000001,1,0.05
19412,20.1,0.35,1,0.05
19413,20.15,0.3,1,0.05
19414,20.15,0.2,1,0.05
19415,20.0,0.15000000000000002,1,0.05
19416,20.1,0.35,1,0.05
19417,20.1,0.25,1,0.05
19418,20.2,0.35000000000000003,1,0.05
19419,20.05,0.3,1,0.05
19420,20.1,0.25,1,0.05
19421,20.2,0.45,1,0.05
19422,20.2,0.55,1,0.05
19423,20.15,0.2,1,0.05
19424,20.25,0.6000000000000001,1,0.05
19425,20.2,0.45,1,0.05
19426,20.1,0.15000000000000002,1,0.05
19427,20.1,0.9500000000000002,1,0.05
19428,20.1,0.7500000000000002,1,0.05
19429,20.0,0.25,1,0.05
19430,-8.85,13.349999999999998,0,0.05
19431,20.15,-19.75,1,0.05
19432,20.9,-17.400000000000002,1,0.05
19433,20.05,0.39999999999999997,1,0.05
19434,20.1,0.55,1,0.05
19435,20.35,-18.85,1,0.05
19436,20.1,0.7500000000000001,1,0.05
19437,20.75,2.099999999999999,1,0.05
19438,20.05,0.39999999999999997,1,0.05
19439,20.05,0.39999999999999997,1,0.05
19440,20.05,0.2,1,0.05
19441,20.05,0.2,1,0.05
19442,20.35,1.0000000000000002,1,0.05
19443,20.1,0.15000000000000002,1,0.05
19444,20.05,0.2,1,0.05
19445,20.15,0.3,1,0.05
19446,20.2,0.55,1,0.05
19447,20.0,0.25,1,0.05
19448,20.2,0.45,1,0.05
19449,20.1,0.25,1,0.05
19450,20.4,1.1500000000000004,1,0.05
19451,20.15,-19.75,1,0.05
19452,20.3,0.7500000000000001,1,0.05
19453,20.05,0.3,1,0.05
19454,20.05,0.39999999999999997,1,0.05
19455,20.1,0.35,1,0.05
19456,20.1,0.25,1,0.05
19457,20.1,0.25,1,0.05
19458,20.25,0.6000000000000001,1,0.05
19459,20.25,0.7000000000000001,1,0.05
19460,20.15,0.30000000000000004,1,0.05
19461,-8.85,13.45,0,0.05
19462,20.35,1.9000000000000004,1,0.05
19463,20.1,0.35000000000000003,1,0.05
19464,-9.25,12.95,0,0.05
19465,20.15,0.4,1,0.05
19466,20.05,0.2,1,0.05
19467,20.0,0.35,1,0.05
19468,20.2,0.45,1,0.05
19469,20.15,0.3,1,0.05
19470,20.2,-19.4,1,0.05
19471,20.15,0.5,1,0.05
19472,20.05,0.2,1,0.05
19473,20.15,0.2,1,0.05
19474,20.1,1.1500000000000001,1,0.05
19475,20.15,0.3,1,0.05
19476,20.15,0.3,1,0.05
19477,20.1,0.25,1,0.05
19478,20.75,2.899999999999999,1,0.05
19479,20.35,1.1,1,0.05
19480,20.3,0.7500000000000001,1,0.05
19481,19.95,0.49999999999999994,1,0.05
19482,20.55,1.8999999999999997,1,0.05
19483,20.2,0.45,1,0.05
19484,20.15,0.6000000000000001,1,0.05
19485,-8.85,13.45,0,0.05
19486,20.15,0.2,1,0.05
19487,20.05,0.2,1,0.05
19488,20.6,2.449999999999999,1,0.05
19489,20.05,0.3,1,0.05
19490,20.05,0.39999999999999997,1,0.05
19491,20.15,0.6000000000000001,1,0.05
19492,20.15,1.1000000000000003,1,0.05
19493,-8.85,13.45,0,0.05
19494,20.0,0.8500000000000002,1,0.05
19495,20.15,0.30000000000000004,1,0.05
19496,20.05,0.2,1,0.05
19497,19.85,0.6000000000000001,1,0.05
19498,20.1,0.25,1,0.05
19499,20.1,0.25,1,0.05
19500,20.05,0.3,1,0.05
19501,20.8,2.349999999999999,1,0.05
19502,20.1,-19.9,1,0.05
19503,20.15,-19.75,1,0.05
19504,20.1,0.15000000000000002,1,0.05
19505,20.1,0.25,1,0.05
19506,-8.75,13.45,0,0.05
19507,-8.85,13.349999999999998,0,0.05
19508,20.15,0.3,1,0.05
19509,20.15,0.2,1,0.05
19510,-8.95,13.249999999999998,0,0.05
19511,20.1,0.25,1,0.05
19512,20.65,2.399999999999999,1,0.05
19513,20.0,0.35,1,0.05
19514,20.05,0.3,1,0.05
19515,20.25,-19.45,1,0.05
19516,20.25,0.6000000000000001,1,0.05
19517,20.1,0.25,1,0.05
19518,20.5,-18.7,1,0.05
19519,20.25,-18.25,1,0.05
19520,20.1,0.25,1,0.05
19521,20.25,0.8000000000000002,1,0.05
19522,20.1,0.25,1,0.05
19523,20.1,0.35,1,0.05
19524,20.05,0.7000000000000002,1,0.05
19525,20.2,0.35000000000000003,1,0.05
19526,20.1,0.35,1,0.05
19527,20.15,0.30000000000000004,1,0.05
19528,20.1,0.35,1,0.05
19529,20.5,1.5499999999999998,1,0.05
19530,-8.95,13.349999999999998,0,0.05
19531,20.0,0.35,1,0.05
19532,20.15,0.2,1,0.05
19533,20.2,0.6500000000000001,1,0.05
19534,-9.049999999999999,13.25,0,0.05
19535,20.3,0.8500000000000001,1,0.05
19536,20.1,0.35,1,0.05
19537,20.1,0.05,1,0.05
19538,20.0,0.44999999999999996,1,0.05
19539,20.2,1.1500000000000004,1,0.05
19540,20.25,0.7000000000000001,1,0.05
19541,20.25,0.5000000000000001,1,0.05
19542,20.15,0.2,1,0.05
19543,20.25,1.0000000000000002,1,0.05
19544,20.05,0.3,1,0.05
19545,20.35,1.4,1,0.05
19546,-8.85,13.549999999999999,0,0.05
19547,20.05,0.39999999999999997,1,0.05
19548,20.15,-19.25,1,0.05
19549,20.05,0.3,1,0.05
19550,20.25,1.0000000000000002,1,0.05
19551,-9.049999999999999,13.249999999999998,0,0.05
19552,20.6,2.249999999999999,1,0.05
19553,20.2,0.35000000000000003,1,0.05
19554,20.05,0.2,1,0.05
19555,20.7,2.2499999999999996,1,0.05
19556,20.3,0.9500000000000002,1,0.05
19557,20.1,1.1500000000000001,1,0.05
19558,20.15,0.3,1,0.05
19559,-8.85,13.45,0,0.05
19560,20.25,0.5000000000000001,1,0.05
19561,20.1,0.35,1,0.05
19562,-8.75,13.549999999999999,0,0.05
19563,20.1,0.7500000000000001,1,0.05
19564,20.05,0.0,1,0.05
19565,20.35,1.1,1,0.05
19566,20.25,0.5000000000000001,1,0.05
19567,20.1,0.15000000000000002,1,0.05
19568,20.15,0.2,1,0.05
19569,20.1,0.7500000000000002,1,0.05
19570,20.15,0.3,1,0.05
19571,20.45,-18.65,1,0.05
19572,20.2,0.55,1,0.05
19573,20.1,0.15000000000000002,1,0.05
19574,20.15,0.3,1,0.05
19575,20.1,0.25,1,0.05
19576,20.2,0.45,1,0.05
19577,20.2,0.55,1,0.05
19578,-9.15,13.049999999999999,0,0.05
19579,-9.049999999999999,13.149999999999999,0,0.05
19580,20.15,-19.85,1,0.05
19581,20.1,0.35,1,0.05
19582,-8.75,13.549999999999999,0,0.05
19583,20.1,0.15000000000000002,1,0.05
19584,20.2,0.6500000000000001,1,0.05
19585,20.1,0.15000000000000002,1,0.05
19586,20.55,1.8999999999999997,1,0.05
19587,20.55,1.4999999999999998,1,0.05
19588,20.6,1.8499999999999999,1,0.05
19589,20.0,0.25,1,0.05
19590,20.1,0.35,1,0.05
19591,20.2,0.55,1,0.05
19592,20.9,2.8499999999999988,1,0.05
19593,20.1,0.25,1,0.05
19594,20.2,0.6500000000000001,1,0.05
19595,20.1,0.35,1,0.05
19596,20.05,0.39999999999999997,1,0.05
19597,20.15,0.4,1,0.05
19598,20.1,0.35,1,0.05
19599,20.05,0.3,1,0.05
19600,20.1,0.15000000000000002,1,0.05
19601,20.0,0.25,1,0.05
19602,20.05,0.3,1,0.05
19603,20.3,0.7500000000000001,1,0.05
19604,20.55,2.0999999999999996,1,0.05
19605,20.15,0.2,1,0.05
19606,20.05,0.2,1,0.05
19607,20.6,2.4499999999999993,1,0.05
19608,20.1,0.25,1,0.05
19609,20.05,0.2,1,0.05
19610,20.15,0.3,1,0.05
19611,21.0,2.949999999999999,1,0.05
19612,20.25,1.2000000000000004,1,0.05
19613,-9.049999999999999,13.25,0,0.05
19614,20.25,1.0000000000000002,1,0.05
19615,20.2,-19.6,1,0.05
19616,20.15,0.3,1,0.05
19617,20.2,0.6500000000000001,1,0.05
19618,20.25,0.5000000000000001,1,0.05
19619,20.1,0.25,1,0.05
19620,20.1,0.55,1,0.05
19621,20.3,1.1500000000000001,1,0.05
19622,19.9,0.44999999999999996,1,0.05
19623,20.15,0.2,1,0.05
19624,20.55,-17.95,1,0.05
19625,20.1,0.25,1,0.05
19626,20.1,0.15000000000000002,1,0.05
19627,20.1,0.6500000000000001,1,0.05
19628,20.0,0.25,1,0.05
19629,20.15,0.2,1,0.05
19630,20.05,0.39999999999999997,1,0.05
19631,20.2,1.8499999999999999,1,0.05
19632,20.15,0.3,1,0.05
19633,20.15,1.5,1,0.05
19634,20.2,0.35000000000000003,1,0.05
19635,20.05,0.3,1,0.05
19636,20.3,0.7500000000000001,1,0.05
19637,20.25,0.5000000000000001,1,0.05
19638,20.05,0.10000000000000002,1,0.05
19639,20.65,1.7999999999999996,1,0.05
19640,20.0,0.25,1,0.05
19641,20.1,0.35,1,0.05
19642,20.55,2.0999999999999996,1,0.05
19643,20.75,-17.95,1,0.05
19644,20.3,0.7500000000000001,1,0.05
19645,-8.95,13.349999999999998,0,0.05
19646,20.1,0.35,1,0.05
19647,20.2,0.6500000000000001,1,0.05
19648,20.25,0.5000000000000001,1,0.05
19649,20.1,0.15000000000000002,1,0.05
19650,20.1,0.7500000000000001,1,0.05
19651,20.1,0.7500000000000001,1,0.05
19652,20.2,0.55,1,0.05
19653,20.2,0.45,1,0.05
19654,20.05,1.1000000000000003,1,0.05
19655,20.15,0.3,1,0.05
19656,20.15,0.5000000000000001,1,0.05
19657,20.15,0.3,1,0.05
19658,20.1,0.35,1,0.05
19659,20.65,2.299999999999999,1,0.05
19660,20.1,0.5500000000000002,1,0.05
19661,20.1,0.25,1,0.05
19662,20.2,0.45,1,0.05
19663,20.05,0.9000000000000002,1,0.05
19664,20.15,0.2,1,0.05
19665,20.65,1.7999999999999996,1,0.05
19666,20.1,0.5500000000000002,1,0.05
19667,20.15,0.2,1,0.05
19668,20.3,0.7500000000000001,1,0.05
19669,20.2,0.55,1,0.05
19670,20.15,0.5000000000000001,1,0.05
19671,20.4,1.05,1,0.05
19672,20.15,0.5000000000000001,1,0.05
19673,20.1,0.15000000000000002,1,0.05
19674,20.1,0.35000000000000003,1,0.05
19675,20.25,1.1,1,0.05
19676,21.2,3.4499999999999984,1,0.05
19677,20.2,0.35000000000000003,1,0.05
19678,20.1,0.15000000000000002,1,0.05
19679,21.05,-16.950000000000003,1,0.05
19680,20.05,0.2,1,0.05
19681,20.05,0.39999999999999997,1,0.05
19682,20.05,0.3,1,0.05
19683,20.1,0.05,1,0.05
19684,20.45,1.5999999999999999,1,0.05
19685,20.1,0.25,1,0.05
19686,20.2,0.45,1,0.05
19687,20.1,0.35,1,0.05
19688,20.05,0.39999999999999997,1,0.05
19689,20.15,0.5000000000000001,1,0.05
19690,20.05,0.3,1,0.05
19691,20.1,0.35,1,0.05
19692,20.1,0.15000000000000002,1,0.05
19693,-8.75,13.45,0,0.05
19694,20.95,2.699999999999999,1,0.05
19695,20.55,1.8,1,0.05
19696,20.2,0.55,1,0.05
19697,20.15,0.3,1,0.05
19698,20.25,1.1000000000000003,1,0.05
19699,20.25,0.6000000000000001,1,0.05
19700,20.25,0.9000000000000002,1,0.05
19701,20.25,0.6000000000000001,1,0.05
19702,-8.85,13.349999999999998,0,0.05
19703,20.3,0.7500000000000001,1,0.05
19704,20.05,0.2,1,0.05
19705,20.25,1.0000000000000002,1,0.05
19706,20.1,0.55,1,0.05
19707,20.2,0.55,1,0.05
19708,20.05,0.2,1,0.05
19709,20.0,0.35,1,0.05
19710,20.15,0.5,1,0.05
19711,20.25,0.6000000000000001,1,0.05
19712,20.4,1.05,1,0.05
19713,-8.75,13.549999999999999,0,0.05
19714,20.25,0.6000000000000001,1,0.05
19715,20.1,0.25,1,0.05
19716,20.25,0.5000000000000001,1,0.05
19717,20.15,0.6000000000000001,1,0.05
19718,20.0,0.15000000000000002,1,0.05
19719,20.25,0.5000000000000001,1,0.05
19720,20.25,0.8000000000000002,1,0.05
19721,20.15,0.3,1,0.05
19722,20.15,0.4,1,0.05
19723,-8.95,13.249999999999998,0,0.05
19724,20.1,0.35,1,0.05
19725,20.2,0.45,1,0.05
19726,20.2,0.45,1,0.05
19727,20.15,0.2,1,0.05
19728,20.15,0.6000000000000001,1,0.05
19729,20.9,2.749999999999999,1,0.05
19730,20.25,1.1,1,0.05
19731,20.15,0.6000000000000001,1,0.05
19732,20.35,0.8000000000000002,1,0.05
19733,20.4,1.4500000000000002,1,0.05
19734,20.15,0.5000000000000001,1,0.05
19735,20.2,0.55,1,0.05
19736,20.45,1.8,1,0.05
19737,20.2,0.45,1,0.05
19738,-8.85,13.45,0,0.05
19739,20.2,0.45,1,0.05
19740,20.1,0.25,1,0.05
19741,20.15,0.3,1,0.05
19742,20.0,0.44999999999999996,1,0.05
19743,20.25,0.6000000000000001,1,0.05
19744,20.5,1.55,1,0.05
19745,20.15,0.9000000000000001,1,0.05
19746,20.15,0.8000000000000002,1,0.05
19747,20.0,0.25,1,0.05
19748,20.95,2.699999999999999,1,0.05
19749,20.15,0.2,1,0.05
19750,20.1,0.55,1,0.05
19751,20.05,0.30000000000000004,1,0.05
19752,19.9,0.5499999999999999,1,0.05
19753,20.05,0.4,1,0.05
19754,-8.75,13.549999999999999,0,0.05
19755,20.05,0.4,1,0.05
19756,-8.95,13.349999999999998,0,0.05
19757,-8.75,13.549999999999999,0,0.05
19758,20.2,0.45,1,0.05
19759,20.05,0.3,1,0.05
19760,20.1,0.25,1,0.05
19761,20.45,1.5999999999999999,1,0.05
19762,20.15,0.6000000000000001,1,0.05
19763,20.15,0.3,1,0.05
19764,20.1,0.35,1,0.05
19765,20.1,-19.8,1,0.05
19766,-8.85,13.349999999999998,0,0.05
19767,20.75,2.399999999999999,1,0.05
19768,20.1,0.35,1,0.05
19769,20.05,0.10000000000000002,1,0.05
19770,20.15,0.3,1,0.05
19771,20.05,0.39999999999999997,1,0.05
19772,20.15,0.3,1,0.05
19773,20.4,1.05,1,0.05
19774,20.75,2.599999999999999,1,0.05
19775,20.2,0.55,1,0.05
19776,20.1,0.15000000000000002,1,0.05
19777,20.1,0.25,1,0.05
19778,20.3,0.7500000000000001,1,0.05
19779,20.4,1.55,1,0.05
19780,20.0,0.35,1,0.05
19781,20.15,0.2,1,0.05
19782,20.15,0.2,1,0.05
19783,20.15,0.3,1,0.05
19784,20.1,0.15000000000000002,1,0.05
19785,20.15,0.2,1,0.05
19786,20.05,0.4,1,0.05
19787,20.1,0.35,1,0.05
19788,20.1,0.8500000000000002,1,0.05
19789,19.95,0.3,1,0.05
19790,-8.95,13.249999999999998,0,0.05
19791,20.05,0.3,1,0.05
19792,20.2,0.55,1,0.05
19793,20.7,1.9499999999999995,1,0.05
19794,20.8,2.4499999999999993,1,0.05
19795,21.0,2.949999999999999,1,0.05
19796,19.9,0.35,1,0.05
19797,20.15,0.2,1,0.05
19798,20.25,0.5000000000000001,1,0.05
19799,20.0,0.05,1,0.05
19800,20.1,0.25,1,0.05
19801,20.55,2.099999999999999,1,0.05
19802,20.5,1.3499999999999999,1,0.05
19803,20.15,0.3,1,0.05
19804,20.25,0.7000000000000001,1,0.05
19805,20.2,-19.2,1,0.05
19806,21.1,3.049999999999999,1,0.05
19807,20.1,0.6500000000000001,1,0.05
19808,20.2,0.5500000000000002,1,0.05
19809,20.9,2.549999999999999,1,0.05
19810,20.0,0.15000000000000002,1,0.05
19811,20.05,0.0,1,0.05
19812,20.05,0.4,1,0.05
19813,20.2,0.45,1,0.05
19814,20.3,1.2500000000000002,1,0.05
19815,20.25,0.5,1,0.05
19816,20.1,0.7500000000000002,1,0.05
19817,20.25,0.6000000000000001,1,0.05
19818,20.0,0.25,1,0.05
19819,20.15,0.6000000000000002,1,0.05
19820,20.1,0.35,1,0.05
19821,20.15,0.2,1,0.05
19822,20.2,1.4500000000000004,1,0.05
19823,20.25,0.6000000000000001,1,0.05
19824,20.2,0.35000000000000003,1,0.05
19825,20.1,0.35,1,0.05
19826,20.25,1.2000000000000004,1,0.05
19827,-8.75,13.549999999999999,0,0.05
19828,-8.75,13.549999999999999,0,0.05
19829,20.15,0.2,1,0.05
19830,20.1,0.8500000000000002,1,0.05
19831,20.2,0.55,1,0.05
19832,20.05,0.39999999999999997,1,0.05
19833,20.1,0.35,1,0.05
19834,20.1,0.35,1,0.05
19835,20.1,0.35,1,0.05
19836,20.1,0.35,1,0.05
19837,20.2,0.55,1,0.05
19838,20.15,0.3,1,0.05
19839,-9.25,13.049999999999999,0,0.05
19840,20.1,0.35,1,0.05
19841,20.25,0.6000000000000001,1,0.05
19842,20.1,0.15000000000000002,1,0.05
19843,20.2,0.45,1,0.05
19844,20.15,0.3,1,0.05
19845,20.15,0.3,1,0.05
19846,-8.85,13.45,0,0.05
19847,-8.85,13.349999999999998,0,0.05
19848,20.15,0.3,1,0.05
19849,20.15,0.4,1,0.05
19850,20.15,0.3,1,0.05
19851,20.1,0.15000000000000002,1,0.05
19852,20.45,1.8000000000000003,1,0.05
19853,20.1,0.55,1,0.05
19854,20.15,0.5,1,0.05
19855,20.15,0.3,1,0.05
19856,20.8,2.249999999999999,1,0.05
19857,20.1,0.45,1,0.05
19858,20.0,0.6500000000000001,1,0.05
19859,20.9,2.949999999999999,1,0.05
19860,-9.15,13.249999999999998,0,0.05
19861,20.25,0.5000000000000001,1,0.05
19862,20.05,0.3,1,0.05
19863,-8.85,13.349999999999998,0,0.05
19864,20.1,0.15000000000000002,1,0.05
19865,20.2,0.45,1,0.05
19866,20.4,1.25,1,0.05
19867,20.1,0.25,1,0.05
19868,20.1,1.35,1,0.05
19869,20.1,0.35,1,0.05
19870,20.1,0.35,1,0.05
19871,20.15,0.3,1,0.05
19872,20.0,0.25,1,0.05
19873,20.1,0.35000000000000003,1,0.05
19874,20.05,0.2,1,0.05
19875,20.0,-19.8,1,0.05
19876,20.25,0.5000000000000001,1,0.05
19877,20.25,-19.55,1,0.05
19878,20.25,0.7000000000000001,1,0.05
19879,20.45,1.5999999999999999,1,0.05
19880,20.1,0.55,1,0.05
19881,20.15,0.3,1,0.05
19882,20.05,0.2,1,0.05
19883,20.1,0.6500000000000001,1,0.05
19884,20.15,0.6000000000000001,1,0.05
19885,20.15,0.6000000000000001,1,0.05
19886,20.25,0.5000000000000001,1,0.05
19887,20.3,1.3500000000000003,1,0.05
19888,20.15,0.6000000000000001,1,0.05
19889,20.0,0.25,1,0.05
19890,20.05,0.2,1,0.05
19891,20.2,0.45,1,0.05
19892,20.15,0.6000000000000001,1,0.05
19893,20.3,0.7500000000000001,1,0.05
19894,20.15,0.3,1,0.05
19895,20.2,-19.6,1,0.05
19896,20.15,0.5000000000000001,1,0.05
19897,20.9,-17.400000000000002,1,0.05
19898,20.15,0.2,1,0.05
19899,20.25,0.5000000000000001,1,0.05
19900,20.2,0.45,1,0.05
19901,20.1,0.25,1,0.05
19902,20.2,0.55,1,0.05
19903,20.15,0.2,1,0.05
19904,20.2,-19.7,1,0.05
19905,20.05,0.0,1,0.05
19906,20.1,0.15000000000000002,1,0.05
19907,-8.85,13.349999999999998,0,0.05
19908,20.15,0.3,1,0.05
19909,20.1,0.35,1,0.05
19910,20.15,0.5000000000000001,1,0.05
19911,20.25,0.5000000000000001,1,0.05
19912,20.95,2.599999999999999,1,0.05
19913,20.1,0.15000000000000002,1,0.05
19914,20.4,1.3499999999999999,1,0.05
19915,20.15,0.3,1,0.05
19916,20.6,2.549999999999999,1,0.05
19917,20.25,0.5000000000000001,1,0.05
19918,19.95,0.5,1,0.05
19919,-8.95,13.249999999999998,0,0.05
19920,20.15,0.7000000000000001,1,0.05
19921,20.15,0.5000000000000001,1,0.05
19922,-8.75,13.549999999999999,0,0.05
19923,-8.85,13.349999999999998,0,0.05
19924,20.7,1.9499999999999995,1,0.05
19925,20.3,0.9500000000000002,1,0.05
19926,20.0,0.25,1,0.05
19927,20.1,0.55,1,0.05
19928,20.15,0.2,1,0.05
19929,20.15,0.3,1,0.05
19930,20.2,0.45,1,0.05
19931,20.2,0.45,1,0.05
19932,20.15,0.5,1,0.05
19933,20.15,0.2,1,0.05
19934,20.25,0.7000000000000001,1,0.05
19935,20.1,0.35,1,0.05
19936,20.2,1.1500000000000004,1,0.05
19937,20.1,0.25,1,0.05
19938,20.1,0.25,1,0.05
19939,20.2,0.35000000000000003,1,0.05
19940,-8.85,13.45,0,0.05
19941,20.15,0.3,1,0.05
19942,20.25,0.5000000000000001,1,0.05
19943,20.15,0.3,1,0.05
19944,20.05,0.5,1,0.05
19945,-8.75,13.549999999999999,0,0.05
19946,20.15,0.3,1,0.05
19947,20.1,0.25,1,0.05
19948,20.0,0.25,1,0.05
19949,20.2,0.55,1,0.05
19950,20.15,0.3,1,0.05
19951,21.0,-17.3,1,0.05
19952,20.2,0.55,1,0.05
19953,20.05,0.3,1,0.05
19954,20.15,1.1,1,0.05
19955,20.8,2.6499999999999986,1,0.05
19956,20.15,0.7000000000000001,1,0.05
19957,20.85,2.6999999999999993,1,0.05
19958,20.2,0.45,1,0.05
19959,20.05,0.2,1,0.05
19960,20.1,0.5500000000000002,1,0.05
19961,20.1,0.35,1,0.05
19962,20.6,1.55,1,0.05
19963,20.15,0.3,1,0.05
19964,20.4,0.9500000000000002,1,0.05
19965,20.15,0.2,1,0.05
19966,20.15,0.3,1,0.05
19967,19.95,1.1,1,0.05
19968,20.2,0.45,1,0.05
19969,20.2,0.55,1,0.05
19970,20.05,1.2000000000000002,1,0.05
19971,20.2,0.35000000000000003,1,0.05
19972,-9.049999999999999,13.349999999999998,0,0.05
19973,20.15,0.2,1,0.05
19974,20.15,0.3,1,0.05
19975,20.15,0.6000000000000001,1,0.05
19976,20.0,0.25,1,0.05
19977,20.45,1.4000000000000001,1,0.05
19978,20.1,0.05,1,0.05
19979,20.3,1.1500000000000001,1,0.05
19980,20.1,0.15000000000000002,1,0.05
19981,21.1,3.2499999999999987,1,0.05
19982,20.7,2.549999999999999,1,0.05
19983,20.2,0.6500000000000001,1,0.05
19984,20.15,0.2,1,0.05
19985,21.1,3.1499999999999986,1,0.05
19986,20.45,1.3,1,0.05
19987,20.15,0.2,1,0.05
19988,20.2,0.45,1,0.05
19989,20.2,0.55,1,0.05
19990,20.1,0.15000000000000002,1,0.05
19991,20.15,0.2,1,0.05
19992,20.05,0.0,1,0.05
19993,20.15,0.2,1,0.05
19994,20.1,0.35,1,0.05
19995,20.25,0.5000000000000001,1,0.05
19996,20.3,0.7500000000000001,1,0.05
19997,20.2,0.45,1,0.05
19998,21.1,3.1499999999999986,1,0.05
19999,20.15,0.2,1,0.05
